gender,SeniorCitizen,Partner,Dependents,tenure,PhoneService,PaperlessBilling,MonthlyCharges,TotalCharges,MultipleLines_No phone service,MultipleLines_Yes,InternetService_Fiber optic,InternetService_No,OnlineSecurity_No internet service,OnlineSecurity_Yes,OnlineBackup_No internet service,OnlineBackup_Yes,DeviceProtection_No internet service,DeviceProtection_Yes,TechSupport_No internet service,TechSupport_Yes,StreamingTV_No internet service,StreamingTV_Yes,StreamingMovies_No internet service,StreamingMovies_Yes,Contract_One year,Contract_Two year,PaymentMethod_Credit card (automatic),PaymentMethod_Electronic check,PaymentMethod_Mailed check,Churn
0,0,0,1,-0.8334689397449395,1,1,0.4447493086367846,-0.6070661685720797,False,True,True,False,False,True,False,False,False,False,False,False,False,False,False,False,False,False,False,True,False,1
1,0,0,0,-0.5080579656400865,1,1,-1.4921350250678969,-0.8236719739489311,False,False,False,True,True,False,True,False,True,False,True,False,True,False,True,False,True,False,False,False,True,0
0,0,0,1,-1.2402326573760059,1,1,-0.12045072730775541,-0.9509748081822709,False,False,False,False,False,True,False,False,False,False,False,False,False,False,False,True,False,False,True,False,False,0
0,1,1,0,0.06141123904340631,1,0,-0.021292826264853626,-0.08150018230196716,False,False,False,False,False,False,False,False,False,True,False,True,False,True,False,False,True,False,False,False,False,0
0,0,0,0,-0.8334689397449395,1,1,1.1669493545659195,-0.495086213851565,False,True,True,False,False,False,False,False,False,True,False,False,False,True,False,True,False,False,False,False,False,1
0,1,1,0,1.6071133660414583,1,1,1.6462125429399448,2.6527557087594476,False,True,True,False,False,True,False,True,False,True,False,True,False,True,False,True,False,True,False,False,False,0
0,0,0,0,0.6308804437268991,1,0,-1.3384402784513991,-0.5085211741120933,False,True,False,True,True,False,True,False,True,False,True,False,True,False,True,False,True,False,False,False,False,0
1,0,1,1,-1.1995562856128992,1,1,-0.4856823294824438,-0.932446856450431,False,False,False,False,False,False,False,False,False,True,False,False,False,False,False,False,False,False,False,True,False,1
0,0,1,1,1.403731507225925,1,1,-1.320261329926867,-0.2685578561254345,False,True,False,True,True,False,True,False,True,False,True,False,True,False,True,False,False,True,False,False,True,0
1,0,1,0,0.3868222131482594,1,0,-0.2890191590806885,0.04167557263565443,False,True,False,False,False,True,False,False,False,False,False,False,False,False,False,False,True,False,True,False,False,0
1,0,0,0,1.1596732766472853,1,1,1.5454020102129942,2.0126632720331643,False,True,True,False,False,True,False,False,False,True,False,True,False,True,False,True,False,True,True,False,False,1
1,0,0,0,0.14276398256961956,1,1,0.6628966909311688,0.3403839129379568,False,True,True,False,False,False,False,False,False,False,False,False,False,False,False,True,False,False,False,True,False,1
0,0,1,0,-1.0368507985604727,1,1,0.7075177464004744,-0.7485064446481975,False,False,True,False,False,False,False,False,False,True,False,False,False,True,False,False,False,False,False,True,False,1
0,1,0,0,-0.7114398244556197,1,0,-0.32537705612975254,-0.6738677765341512,False,True,False,False,False,False,False,False,False,False,False,True,False,False,False,False,False,False,True,False,False,1
0,0,0,0,-1.2402326573760059,1,0,-1.4673455498071712,-0.9909943058210666,False,False,False,True,True,False,True,False,True,False,True,False,True,False,True,False,True,False,False,False,True,0
1,0,0,0,-0.792792567981833,1,1,-1.4689981814912199,-0.8957860988767671,False,False,False,True,True,False,True,False,True,False,True,False,True,False,True,False,False,False,False,True,False,0
1,0,1,1,1.200349648410392,1,0,-1.460735023070978,-0.47131160280229667,False,False,False,True,True,False,True,False,True,False,True,False,True,False,True,False,False,True,True,False,False,0
0,0,0,0,-1.2402326573760059,1,0,-1.502050815172187,-0.9794692173622801,False,False,False,True,True,False,True,False,True,False,True,False,True,False,True,False,False,False,False,False,True,0
0,0,0,0,-0.9148216832711529,1,1,0.3274124590693509,-0.6551861569561943,False,True,True,False,False,False,False,False,False,False,False,False,False,False,False,False,False,False,False,True,False,1
1,0,1,1,0.752909559016219,1,0,-1.497092920120042,-0.5291346180412373,False,False,False,True,True,False,True,False,True,False,True,False,True,False,True,False,False,True,True,False,False,0
0,0,1,0,1.6071133660414583,1,1,1.728844127142363,2.7386121296400456,False,True,True,False,False,True,False,True,False,True,False,True,False,True,False,True,False,True,True,False,False,0
1,0,0,0,0.5495277002006859,1,1,0.9934230277408413,0.935627291147476,False,True,True,False,False,False,False,True,False,True,False,False,False,True,False,False,True,False,True,False,False,0
0,0,1,1,-0.9961744267973661,1,0,-1.4888297616998003,-0.9360031694605708,False,False,False,True,True,False,True,False,True,False,True,False,True,False,True,False,True,False,False,True,False,0
0,0,1,0,1.1596732766472853,1,1,1.3718756833879162,1.957913613716567,False,True,True,False,False,False,False,False,False,True,False,True,False,True,False,True,False,False,False,True,False,0
1,0,1,0,1.4850842507521385,1,1,1.5768020122099133,2.421178264660896,False,True,True,False,False,True,False,True,False,True,False,True,False,True,False,True,False,True,False,False,False,0
0,0,0,1,-1.2809090291391125,1,0,-1.3037350130863834,-0.9951213851167846,False,True,False,True,True,False,True,False,True,False,True,False,True,False,True,False,False,False,False,False,True,0
0,0,0,0,0.3461458413851527,1,0,1.097538823835888,0.7458035960939001,False,True,True,False,False,False,False,False,False,True,False,False,False,True,False,True,False,False,False,False,False,0
1,0,0,0,-0.670763452692513,1,0,-1.5169245003286222,-0.8627914170604696,False,False,False,True,True,False,True,False,True,False,True,False,True,False,True,False,False,True,True,False,False,0
0,0,1,0,-0.34535247858766,1,0,0.048117704465177435,-0.3215952155852979,False,True,False,False,False,True,False,True,False,True,False,False,False,False,False,False,False,False,False,False,True,0
1,0,1,1,1.1189969048841788,1,0,-0.14358757088443258,0.6157786457293423,False,False,False,False,False,True,False,True,False,True,False,False,False,False,False,False,False,True,False,False,False,0
0,1,1,1,1.6071133660414583,1,1,0.836423017756247,1.9425907342037418,False,True,False,False,False,True,False,True,False,True,False,True,False,True,False,True,False,True,False,False,False,0
0,0,1,0,-0.10129424800902022,1,0,-1.4937876567519452,-0.7183216891608994,False,False,False,True,True,False,True,False,True,False,True,False,True,False,True,False,False,False,False,False,False,1
1,1,1,0,0.02073486728029968,1,1,0.9488019722715353,0.33524701636775484,False,False,True,False,False,True,False,True,False,False,False,True,False,False,False,True,True,False,False,True,False,0
0,0,0,0,-0.9554980550342594,1,1,0.6100124770416209,-0.6535836208466869,False,True,True,False,False,False,False,False,False,False,False,False,False,False,False,True,False,False,False,True,False,1
1,0,0,1,0.6308804437268991,1,1,0.4596229937932199,0.6105100338624685,False,True,False,False,False,True,False,False,False,True,False,False,False,True,False,True,True,False,True,False,False,0
0,0,0,0,1.1596732766472853,1,1,1.380138841808158,1.816122096849324,False,True,True,False,False,False,False,False,False,True,False,True,False,True,False,True,False,True,False,True,False,1
0,0,1,0,1.4444078789890318,1,0,-0.024598089632950633,0.893171060520251,False,False,False,False,False,False,False,True,False,False,False,True,False,True,False,False,False,True,False,False,False,0
1,1,1,0,-1.0368507985604727,1,1,0.17371771245285295,-0.8009949903719283,False,False,True,False,False,False,False,False,False,False,False,False,False,False,False,False,False,False,False,False,True,1
1,0,0,0,-1.2809090291391125,1,0,-1.4756087082274132,-0.9974044502590967,False,False,False,True,True,False,True,False,True,False,True,False,True,False,True,False,False,False,False,False,True,0
0,0,0,0,0.22411672609583283,1,0,-1.4805666032795584,-0.6807169719610872,False,False,False,True,True,False,True,False,True,False,True,False,True,False,True,False,False,True,False,False,True,0
1,1,1,0,-0.792792567981833,1,1,1.0958861921518397,-0.4627940136175174,False,False,True,False,False,False,False,True,False,True,False,False,False,True,False,True,False,False,False,True,False,1
0,0,0,1,-1.0368507985604727,1,1,0.20511771444977192,-0.7987558303285068,False,False,True,False,False,False,False,False,False,False,False,False,False,False,False,False,False,False,False,True,False,0
0,0,1,0,1.5664369942783516,1,0,1.0182125030015667,2.0042773981450566,False,True,True,False,False,True,False,True,False,False,False,False,False,True,False,False,True,False,False,False,True,0
0,0,0,1,0.3461458413851527,1,1,0.7818861721826508,0.5940895268773784,False,True,True,False,False,False,False,True,False,False,False,False,False,True,False,False,False,False,False,False,False,0
1,0,1,1,-0.5894107091662998,1,1,0.6860335345078454,-0.30313312150179417,False,False,True,False,False,False,False,False,False,False,False,True,False,False,False,True,False,False,False,True,False,0
1,0,0,0,1.4850842507521385,1,1,-1.511966605276477,-0.44918343296142654,False,False,False,True,True,False,True,False,True,False,True,False,True,False,True,False,False,True,False,False,True,0
0,1,0,0,-0.30467610682455337,1,1,0.8215493325998116,-0.045827289453342086,False,True,True,False,False,False,False,True,False,False,False,False,False,False,False,True,False,False,False,True,False,1
1,0,0,0,-0.5487343374031931,1,0,-1.5218823953807674,-0.8836902441324025,False,False,False,True,True,False,True,False,True,False,True,False,True,False,True,False,True,False,False,False,True,0
1,1,1,0,0.9969677895948588,0,1,-0.6608612879915702,0.12338296167108978,True,False,False,False,False,False,False,False,False,False,False,False,False,True,False,True,False,False,False,True,False,1
1,0,0,0,0.874938674305539,1,0,0.6463703740906851,0.9624533065696422,False,False,True,False,False,True,False,False,False,True,False,True,False,False,False,False,True,False,False,True,False,0
0,0,0,0,0.10208761080651294,1,0,0.6761177444035554,0.2746579798987055,False,True,True,False,False,False,False,True,False,False,False,True,False,False,False,False,False,False,True,False,False,1
0,0,0,0,0.8342623025424323,1,0,-1.4739560765433648,-0.545950270916343,False,False,False,True,True,False,True,False,True,False,True,False,True,False,True,False,False,True,False,False,True,0
0,0,0,0,1.0376441613579654,1,1,0.2067703461338202,0.8812947312703394,False,True,False,False,False,True,False,True,False,True,False,True,False,False,False,False,True,False,True,False,False,0
0,0,1,1,1.200349648410392,0,0,-0.5336086483198462,0.31463357243861095,True,False,False,False,False,True,False,True,False,False,False,True,False,True,False,False,False,True,False,False,False,0
1,0,1,1,1.1189969048841788,1,1,1.009949344581325,1.5454910672875704,False,True,True,False,False,True,False,False,False,True,False,False,False,True,False,False,True,False,False,False,False,0
1,0,0,0,-1.2402326573760059,1,1,0.5092019443146708,-0.9428084597886162,False,False,True,False,False,False,False,False,False,False,False,False,False,True,False,False,False,False,False,True,False,1
1,0,0,0,-1.2809090291391125,1,1,0.8017177523912309,-0.9671538371234626,False,False,True,False,False,False,False,False,False,False,False,False,False,True,False,True,False,False,False,True,False,1
0,0,1,0,1.6071133660414583,1,0,0.5158124710508644,1.5128256737129526,False,True,True,False,False,True,False,False,False,False,False,False,False,False,False,False,False,True,False,False,False,0
0,0,1,1,0.4681749566744726,1,0,-1.4954402884359934,-0.6637037461409737,False,False,False,True,True,False,True,False,True,False,True,False,True,False,True,False,False,False,False,False,True,0
0,0,0,0,-1.2402326573760059,0,0,-1.333482383399254,-0.9859013143497554,True,False,False,False,False,False,False,False,False,False,False,False,False,False,False,False,False,False,False,True,False,0
0,0,0,1,1.200349648410392,1,0,-1.2839034328778032,-0.2868004247144852,False,True,False,True,True,False,True,False,True,False,True,False,True,False,True,False,False,True,False,False,False,0
0,0,1,1,1.4444078789890318,1,1,0.6000966869373308,1.4900828324876136,False,True,True,False,False,False,False,False,False,False,False,False,False,True,False,False,True,False,False,True,False,1
1,0,1,1,-0.9148216832711529,1,0,-0.5055139096910242,-0.7974167248123432,False,False,False,False,False,False,False,True,False,False,False,False,False,False,False,False,True,False,False,False,True,0
1,0,0,0,-0.6300870809294065,1,0,-1.510313973592429,-0.8554812180951821,False,False,False,True,True,False,True,False,True,False,True,False,True,False,True,False,False,True,False,False,True,0
0,0,1,1,0.14276398256961956,1,0,-1.4739560765433648,-0.6910566227498272,False,False,False,True,True,False,True,False,True,False,True,False,True,False,True,False,False,True,False,False,False,0
0,0,0,1,0.6308804437268991,1,0,-1.483871866647655,-0.5950142189266058,False,False,False,True,True,False,True,False,True,False,True,False,True,False,True,False,True,False,False,False,True,0
1,0,0,0,0.26479309785893945,1,0,0.3439387759098345,0.3186289364376569,False,True,True,False,False,False,False,False,False,False,False,False,False,False,False,False,False,False,False,True,False,1
0,0,0,0,-1.118203542086686,1,0,-1.4871771300157517,-0.9588338208836908,False,False,False,True,True,False,True,False,True,False,True,False,True,False,True,False,False,False,True,False,False,1
1,0,1,0,0.10208761080651294,1,1,0.8810440732255526,0.4146493877114329,False,True,True,False,False,False,False,False,False,False,False,True,False,True,False,False,False,False,True,False,False,0
0,0,0,1,-0.46738159387697986,1,0,-1.4574297597028811,-0.8077344230516378,False,False,False,True,True,False,True,False,True,False,True,False,True,False,True,False,False,False,False,False,True,0
1,1,1,0,-1.2809090291391125,1,1,0.3158440372810125,-0.973607886660383,False,True,True,False,False,False,False,False,False,False,False,False,False,False,False,False,False,False,False,True,False,1
0,0,1,1,0.02073486728029968,1,1,0.472844047265607,0.10514039308203918,False,True,False,False,False,False,False,False,False,True,False,True,False,True,False,True,True,False,False,True,False,0
1,0,0,0,1.0376441613579654,1,1,-1.3070402764544802,-0.35895845474121174,False,True,False,True,True,False,True,False,True,False,True,False,True,False,True,False,False,True,True,False,False,0
1,0,0,0,-0.01994150448280695,1,1,0.00019138562777481135,-0.12336369409416907,False,False,False,False,False,False,False,False,False,False,False,False,False,True,False,True,True,False,False,False,False,0
1,0,0,0,-1.2809090291391125,0,1,-1.3367876467673507,-0.9955604361056907,True,False,False,False,False,False,False,False,False,False,False,False,False,False,False,False,False,False,False,True,False,0
0,0,0,0,0.3461458413851527,1,1,1.3768335784400614,0.8739186746567159,False,True,True,False,False,True,False,True,False,True,False,True,False,True,False,False,False,False,False,True,False,0
0,1,0,0,0.5088513284375793,1,1,0.6893387978759424,0.6525052609513422,False,False,True,False,False,True,False,True,False,False,False,True,False,False,False,False,False,False,False,False,False,0
1,0,1,1,-1.1588799138497925,1,0,1.2000019882468869,-0.8368435036161158,False,True,True,False,False,False,False,False,False,True,False,False,False,True,False,True,False,False,False,True,False,1
0,0,0,0,-0.6300870809294065,1,0,0.5025914175784773,-0.4154643170134338,False,True,True,False,False,False,False,False,False,True,False,False,False,False,False,False,False,False,False,False,False,0
0,0,0,0,-0.34535247858766,1,0,-1.3301771200311572,-0.7405376691995508,False,True,False,True,True,False,True,False,True,False,True,False,True,False,True,False,True,False,False,False,False,0
1,0,1,0,0.6715568154900058,1,1,0.6761177444035554,0.8807459175342067,False,False,True,False,False,False,False,True,False,False,False,False,False,True,False,False,False,False,True,False,False,0
1,0,1,0,1.6071133660414583,1,1,1.6759599132528151,2.692863016596024,False,True,True,False,False,True,False,True,False,True,False,True,False,True,False,True,False,True,False,True,False,0
1,0,0,0,-1.2402326573760059,1,0,-0.6773876048320538,-0.9706003873863759,False,False,False,False,False,False,False,False,False,False,False,False,False,False,False,False,False,False,False,True,False,1
0,0,1,1,0.7122331872531124,1,1,0.6381072156704434,0.8221106579657896,False,True,False,False,False,False,False,True,False,True,False,True,False,True,False,True,True,False,True,False,False,0
1,0,1,1,-1.2809090291391125,1,0,0.8033703840752796,-0.9671318845740172,False,False,True,False,False,False,False,False,False,False,False,False,False,True,False,True,False,False,False,False,True,1
0,0,1,1,1.6071133660414583,1,1,1.4478967408541412,2.3859883279000678,False,False,True,False,False,True,False,True,False,True,False,True,False,True,False,True,False,True,False,False,False,0
1,0,0,0,-0.9554980550342594,1,1,-1.4855244983317035,-0.934005487461048,False,False,False,True,True,False,True,False,True,False,True,False,True,False,True,False,True,False,False,True,False,0
0,0,1,0,1.5664369942783516,0,1,-0.5699665453689102,0.4767531500922086,True,False,False,False,False,True,False,True,False,True,False,True,False,False,False,False,False,True,False,False,False,0
0,1,1,0,1.6071133660414583,1,1,1.6825704399890087,2.700941554791898,False,True,True,False,False,True,False,True,False,True,False,True,False,True,False,True,False,True,True,False,False,0
1,1,0,0,-0.792792567981833,1,1,1.3900546319124485,-0.4072760160703341,False,True,True,False,False,False,False,True,False,True,False,False,False,True,False,True,False,False,False,True,False,1
0,0,1,1,1.6071133660414583,1,1,1.1173704040444685,2.123918792621984,False,True,True,False,False,False,False,True,False,True,False,True,False,False,False,True,False,True,False,False,False,0
1,0,1,1,1.0783205331210721,1,1,1.1454651426732907,1.5673338539856516,False,True,True,False,False,False,False,False,False,True,False,False,False,True,False,True,False,True,True,False,False,0
0,0,0,0,0.9969677895948588,1,0,0.16214929066451458,0.7035668909611281,False,False,False,False,False,False,False,True,False,True,False,True,False,True,False,False,False,True,False,False,True,0
1,0,1,1,1.6071133660414583,0,0,-0.8707455118657124,0.20682460211270456,True,False,False,False,False,True,False,True,False,True,False,False,False,False,False,False,False,True,True,False,False,0
0,1,1,0,1.6071133660414583,1,0,0.45135983537297814,1.4534001223645043,False,True,True,False,False,True,False,False,False,False,False,False,False,False,False,False,False,True,False,False,False,0
0,0,0,0,0.7122331872531124,1,1,0.8215493325998116,0.8836217015115421,False,False,True,False,False,False,False,False,False,True,False,True,False,False,False,True,False,True,False,False,False,0
0,0,0,0,-1.2809090291391125,1,0,-1.4987455518040902,-0.9977117859513309,False,False,False,True,True,False,True,False,True,False,True,False,True,False,True,False,False,False,False,False,True,1
1,0,1,1,0.8342623025424323,1,0,0.1604966589804663,0.6120906174225308,False,True,False,False,False,True,False,True,False,False,False,False,False,False,False,True,False,True,False,False,False,0
0,0,0,0,-0.9961744267973661,1,1,0.500938785894429,-0.7320420325642167,False,False,True,False,False,False,False,False,False,False,False,False,False,True,False,False,False,False,False,False,False,0
1,0,0,0,1.0783205331210721,1,1,-0.11549283225561037,0.5942870998223861,False,False,False,False,False,False,False,False,False,True,False,False,False,False,False,True,True,False,False,False,False,0
0,0,1,1,1.0376441613579654,1,0,-1.4723034448593166,-0.49664484486218186,False,False,False,True,True,False,True,False,True,False,True,False,True,False,True,False,False,True,True,False,False,0
0,0,0,0,-0.26399973506144675,1,1,1.1785177763542578,0.13523733837155597,False,True,True,False,False,False,False,False,False,True,False,False,False,True,False,True,False,False,False,False,False,0
1,0,0,1,-0.7114398244556197,1,1,0.8645177563850689,-0.3784084135497544,False,True,True,False,False,False,False,True,False,False,False,False,False,True,False,False,False,False,False,True,False,0
0,0,0,0,1.3630551354628184,1,1,-0.12210335899180391,0.7575921151460303,False,False,False,False,False,True,False,True,False,True,False,False,False,False,False,False,False,True,False,False,False,0
1,0,0,0,-1.1588799138497925,1,0,-0.5154296997953143,-0.9147531015975131,False,False,False,False,False,False,False,True,False,False,False,False,False,False,False,False,False,False,False,False,True,0
1,0,1,0,1.1189969048841788,1,0,1.2000019882468869,1.6576246898542022,False,True,True,False,False,False,False,False,False,True,False,False,False,True,False,True,False,True,True,False,False,0
1,1,0,0,-0.9961744267973661,1,0,1.1719072496180643,-0.6408291896189631,False,False,True,False,False,True,False,False,False,False,False,True,False,True,False,True,False,False,True,False,False,1
0,0,0,0,-1.1588799138497925,1,1,0.5951387918851855,-0.865952584180594,False,False,True,False,False,False,False,False,False,True,False,False,False,False,False,True,False,False,True,False,False,0
0,0,0,0,-0.8741453115080462,1,1,1.0909282970996945,-0.5209463170981374,False,True,True,False,False,False,False,False,False,True,False,False,False,True,False,True,False,False,False,False,False,1
0,0,0,0,-1.1995562856128992,1,0,0.5042440492625255,-0.9107577375984669,False,False,True,False,False,False,False,False,False,True,False,True,False,False,False,False,False,False,True,False,False,1
0,0,1,1,-0.34535247858766,1,1,-1.4458613379145426,-0.7908529125281961,False,False,False,True,True,False,True,False,True,False,True,False,True,False,True,False,False,True,True,False,False,0
0,1,0,0,0.06141123904340631,1,1,1.0413493465782435,0.3944091371228592,False,True,True,False,False,False,False,True,False,False,False,True,False,True,False,False,False,False,False,True,False,0
0,0,1,0,0.6308804437268991,1,1,-0.1402823075163358,0.3044036843970975,False,True,False,False,False,True,False,False,False,False,False,True,False,False,False,False,True,False,False,False,False,0
0,0,0,0,-0.7521161962187263,1,1,0.15884402729641803,-0.60173169905687,False,False,False,False,False,False,False,False,False,False,False,True,False,True,False,True,False,False,False,True,False,0
0,0,1,0,-0.18264699153523348,1,1,0.9091388118543745,0.13653253878882923,False,False,True,False,False,True,False,False,False,False,False,False,False,True,False,True,False,False,False,False,True,1
1,0,0,0,1.6071133660414583,1,0,0.6430651107225881,1.6267594053340997,False,True,False,False,False,True,False,False,False,True,False,True,False,True,False,True,False,True,True,False,False,0
1,0,1,1,0.9562914178317522,1,0,1.6858757033571052,1.8773697098017326,False,True,True,False,False,True,False,True,False,True,False,True,False,True,False,True,False,True,False,False,True,0
1,1,0,0,-1.1588799138497925,0,1,-1.3103455398225767,-0.9612705538721201,True,False,False,False,False,False,False,False,False,False,False,False,False,False,False,False,False,False,False,False,False,1
1,0,0,0,-0.30467610682455337,1,0,-1.4623876547550263,-0.7685271697423182,False,False,False,True,True,False,True,False,True,False,True,False,True,False,True,False,False,False,False,False,True,0
0,1,0,0,0.427498584911366,1,1,0.8397282811243434,0.6791337034285005,False,True,True,False,False,False,False,True,False,False,False,False,False,True,False,False,False,False,False,True,False,0
0,0,0,0,-0.5894107091662998,1,1,-0.1402823075163358,-0.49857666921336896,False,True,False,False,False,True,False,False,False,True,False,False,False,False,False,False,False,False,False,False,True,0
0,0,0,0,-1.2809090291391125,1,1,-0.3369454779180911,-0.9822791436912796,False,False,False,False,False,False,False,False,False,False,False,False,False,True,False,False,False,False,False,True,False,0
1,0,1,1,1.6071133660414583,1,1,0.8215493325998116,1.886611733118207,False,True,True,False,False,False,False,True,False,False,False,False,False,True,False,False,True,False,False,True,False,0
0,0,0,0,1.5664369942783516,1,0,-1.3318297517152058,-0.251478772656985,False,True,False,True,True,False,True,False,True,False,True,False,True,False,True,False,False,True,False,True,False,0
1,1,0,0,-1.2402326573760059,1,1,0.3307177224374474,-0.9376057055700783,False,True,True,False,False,False,False,False,False,False,False,False,False,False,False,False,False,False,False,False,True,1
0,0,1,0,1.6071133660414583,1,0,-0.003113877740321727,1.103256958711846,False,True,False,False,False,True,False,True,False,False,False,True,False,False,False,False,False,True,False,False,False,0
1,0,0,0,0.7935859307793257,1,1,0.8066756474433762,1.0363675405519932,False,True,False,False,False,True,False,True,False,True,False,True,False,True,False,True,False,True,False,False,True,0
0,0,0,1,-0.6300870809294065,1,1,-0.004766509424369996,-0.5263466442616832,False,False,False,False,False,False,False,False,False,False,False,False,False,True,False,True,False,False,False,False,True,1
1,1,0,0,-0.7114398244556197,1,1,0.5075493126306225,-0.4718384639889841,False,True,True,False,False,False,False,True,False,False,False,False,False,False,False,False,False,False,False,True,False,1
0,0,0,0,0.3054694696220461,1,1,0.9438440772193905,0.6429778544920787,False,True,True,False,False,False,False,True,False,True,False,False,False,True,False,False,False,False,False,False,False,0
0,0,1,0,0.6308804437268991,1,1,1.1636440911978225,1.116099200137351,False,False,True,False,False,False,False,False,False,True,False,True,False,True,False,True,False,False,True,False,False,0
1,0,0,0,-0.8334689397449395,1,0,-0.2708402105561566,-0.7187607401498055,False,False,False,False,False,True,False,False,False,False,False,True,False,False,False,False,False,False,False,False,True,1
1,1,1,0,0.06141123904340631,1,1,0.6728124810354589,0.2557568348262954,False,False,True,False,False,False,False,False,False,True,False,False,False,True,False,False,False,False,True,False,False,0
1,0,1,1,-1.0368507985604727,1,1,0.1687598174007081,-0.773795781609192,False,False,True,False,False,False,False,False,False,False,False,False,False,False,False,False,False,False,False,False,False,1
1,1,1,0,-1.0368507985604727,1,1,0.3307177224374474,-0.7932237878682894,False,True,True,False,False,False,False,False,False,False,False,False,False,False,False,False,False,False,False,True,False,0
1,0,0,1,1.6071133660414583,0,0,0.07786507477804816,1.044841224637882,True,False,False,False,False,True,False,True,False,True,False,True,False,True,False,True,False,True,True,False,False,0
0,0,1,0,-0.7114398244556197,1,0,0.7703177503943124,-0.3957289750621022,False,False,True,False,False,False,False,False,False,False,False,False,False,True,False,True,False,False,False,True,False,1
1,0,0,0,-0.8334689397449395,0,0,-1.019482363430065,-0.8120151701934728,True,False,False,False,False,False,False,True,False,False,False,True,False,False,False,False,False,False,False,False,True,0
0,0,0,0,-1.2809090291391125,1,1,1.170254617934016,-0.9622584185971589,False,True,True,False,False,False,False,True,False,False,False,False,False,True,False,True,False,False,True,False,False,1
1,0,0,0,-1.2809090291391125,1,1,-0.4972507512707824,-0.9844085409874743,False,True,False,False,False,False,False,False,False,False,False,False,False,False,False,False,False,False,True,False,False,0
0,0,1,0,-0.3860288503507666,1,1,0.29105456202028707,-0.2850222682094153,False,True,False,False,False,False,False,False,False,False,False,True,False,True,False,True,False,False,True,False,False,0
1,1,1,0,0.5495277002006859,1,1,1.1950440931947415,1.0485073003952485,False,True,True,False,False,False,False,False,False,True,False,False,False,True,False,True,False,False,False,True,False,1
1,0,0,0,0.10208761080651294,1,0,-1.4342929161262041,-0.6965447601111541,False,False,False,True,True,False,True,False,True,False,True,False,True,False,True,False,False,True,False,False,False,0
0,1,1,0,0.874938674305539,1,1,1.2115704100352251,1.3527915882566592,False,True,True,False,False,False,False,True,False,False,False,False,False,True,False,True,True,False,True,False,False,1
0,1,1,0,-0.8741453115080462,1,1,1.2958546259216916,-0.5085431266615386,False,True,True,False,False,False,False,False,False,True,False,True,False,True,False,True,False,False,False,False,False,1
0,0,1,1,-1.2809090291391125,1,1,-1.4772613399114616,-0.9974264028085419,False,False,False,True,True,False,True,False,True,False,True,False,True,False,True,False,False,False,True,False,False,1
1,0,0,0,1.4850842507521385,1,1,1.0843177703635014,1.9544890160030988,False,True,True,False,False,False,False,True,False,True,False,True,False,True,False,False,False,True,True,False,False,0
1,1,0,0,0.06141123904340631,1,1,1.157033564461629,0.46154003332661026,False,False,True,False,False,False,False,True,False,True,False,False,False,True,False,True,True,False,False,True,False,0
1,0,1,1,-0.30467610682455337,1,1,0.8446861761764887,-0.04975679580405229,False,False,True,False,False,False,False,False,False,False,False,False,False,True,False,True,True,False,False,True,False,1
0,0,0,1,-0.30467610682455337,1,1,-0.3336402145499943,-0.4502810604336919,False,False,False,False,False,False,False,True,False,False,False,True,False,False,False,False,True,False,True,False,False,0
0,0,1,0,-0.46738159387697986,1,1,1.3074230477100304,-0.040251341894234,False,True,True,False,False,True,False,False,False,True,False,False,False,True,False,True,False,False,False,False,False,1
0,0,1,1,0.3461458413851527,1,0,0.4976335225263325,0.4540981190646508,False,True,False,False,False,True,False,True,False,True,False,True,False,False,False,True,False,False,True,False,False,1
0,1,0,0,0.752909559016219,1,0,-1.4954402884359934,-0.5813158280727337,False,False,False,True,True,False,True,False,True,False,True,False,True,False,True,False,False,True,True,False,False,0
0,0,1,0,-1.1995562856128992,1,1,-1.4954402884359934,-0.9820157130979359,False,False,False,True,True,False,True,False,True,False,True,False,True,False,True,False,False,False,False,False,True,0
0,0,1,0,1.6071133660414583,1,0,-1.3318297517152058,-0.23762671395699583,False,True,False,True,True,False,True,False,True,False,True,False,True,False,True,False,False,True,False,True,False,0
0,0,0,0,-0.5894107091662998,0,1,-0.9798192030129041,-0.7396376146722932,True,False,False,False,False,False,False,False,False,True,False,True,False,False,False,False,False,False,False,True,False,0
0,0,0,0,-1.0368507985604727,1,1,0.06629665298970934,-0.8051440222170915,False,False,False,False,False,False,False,False,False,False,False,False,False,True,False,True,False,False,False,True,False,0
0,0,1,1,0.3868222131482594,1,1,0.4331808868484462,0.4794752662234267,False,False,True,False,False,False,False,False,False,False,False,False,False,True,False,False,False,False,True,False,False,1
0,0,1,1,-1.2402326573760059,1,0,0.028286124256597264,-0.9472867798754591,False,False,False,False,False,False,False,False,False,False,False,False,False,True,False,True,False,False,False,False,True,1
0,0,1,0,1.525760622515245,1,1,1.5090441131639305,2.397271938314956,False,True,True,False,False,False,False,True,False,True,False,True,False,True,False,True,False,True,False,True,False,0
0,0,1,1,-0.6300870809294065,1,0,0.8926124950138908,-0.3150094507517056,False,False,True,False,False,True,False,False,False,False,False,True,False,True,False,False,False,False,False,True,False,1
0,1,0,0,-1.2809090291391125,0,1,-1.2938192229820933,-0.9949896698201128,True,False,False,False,False,False,False,False,False,False,False,False,False,False,False,False,False,False,False,False,True,1
1,0,0,0,-1.1588799138497925,0,1,-1.1632613199422726,-0.9542457380496217,True,False,False,False,False,False,False,False,False,True,False,False,False,False,False,False,False,False,False,True,False,1
1,0,1,0,-0.06061787624591358,1,1,0.35220193433007635,0.05818388981852581,False,False,False,False,False,True,False,True,False,True,False,True,False,False,False,True,True,False,True,False,False,0
0,0,1,1,0.5495277002006859,1,0,1.1504230377254359,1.0266206085982765,False,True,True,False,False,True,False,False,False,True,False,True,False,False,False,True,False,True,False,False,True,0
0,0,1,1,1.525760622515245,1,1,0.5141598393668161,1.504154416682056,False,False,False,False,False,False,False,True,False,True,False,True,False,True,False,True,False,True,False,False,False,0
0,0,1,1,0.9969677895948588,1,0,-1.4904823933838485,-0.4477784697969268,False,False,False,True,True,False,True,False,True,False,True,False,True,False,True,False,False,True,False,False,False,0
1,0,1,1,-1.118203542086686,1,1,0.5058966809465743,-0.8372386495061314,False,True,True,False,False,False,False,True,False,False,False,False,False,False,False,False,False,False,False,True,False,1
0,0,1,1,-1.1995562856128992,1,0,-1.5053560785402837,-0.9822571911418343,False,False,False,True,True,False,True,False,True,False,True,False,True,False,True,False,False,False,False,False,True,0
1,0,1,0,-0.6300870809294065,0,1,-0.4972507512707824,-0.6390729856633385,True,False,False,False,False,False,False,True,False,False,False,False,False,True,False,True,False,False,False,False,True,0
1,0,0,1,0.3461458413851527,1,1,1.5305283250565593,0.9725953844133741,False,False,True,False,False,True,False,True,False,True,False,True,False,True,False,True,False,True,False,True,False,0
1,0,1,0,0.9969677895948588,0,1,-0.24274547192733437,0.42764529698305503,True,False,False,False,False,False,False,True,False,True,False,True,False,True,False,True,False,True,False,False,False,0
1,1,1,0,0.02073486728029968,1,1,1.4892125329553503,0.6158884084765689,False,True,True,False,False,True,False,False,False,True,False,True,False,True,False,True,False,False,False,False,False,0
1,0,0,0,-1.2402326573760059,1,1,-0.34355600465428443,-0.9679441289034936,False,False,False,False,False,True,False,False,False,False,False,True,False,False,False,False,False,False,False,False,True,0
0,0,0,1,-1.2809090291391125,1,1,0.28940193033623834,-0.973959127451508,False,False,True,False,False,True,False,False,False,False,False,False,False,False,False,False,False,False,False,False,True,1
0,0,1,0,1.6071133660414583,1,1,1.292549362553595,2.3115911378299194,False,True,True,False,False,True,False,True,False,True,False,True,False,True,False,False,False,True,False,False,False,0
1,0,1,1,0.26479309785893945,1,1,0.7091703780845227,0.4276672495325004,False,False,True,False,False,False,False,True,False,False,False,False,False,True,False,False,False,False,False,False,True,1
0,0,0,0,-1.2809090291391125,1,1,-1.4987455518040902,-0.9977117859513309,False,False,False,True,True,False,True,False,True,False,True,False,True,False,True,False,False,False,False,False,True,0
0,0,0,0,-1.2809090291391125,1,1,-0.6856507632522956,-0.9869111316242396,False,False,False,False,False,False,False,False,False,False,False,False,False,False,False,False,False,False,False,True,False,1
0,0,1,0,1.4850842507521385,1,1,1.6908335984092504,2.5864151043357273,False,True,True,False,False,True,False,True,False,True,False,True,False,True,False,True,False,True,False,True,False,0
1,0,1,0,1.5664369942783516,1,0,0.8496440712286335,1.8054092527200138,False,True,False,False,False,True,False,True,False,True,False,True,False,True,False,True,False,True,False,False,False,0
1,0,0,0,-0.01994150448280695,1,1,0.6876861661918943,0.16349026950766718,False,True,True,False,False,False,False,False,False,False,False,False,False,False,False,True,False,False,False,False,False,0
1,0,1,1,1.4444078789890318,1,0,0.5125072076827674,1.3536916427839165,False,False,True,False,False,True,False,False,False,True,False,False,False,False,False,False,False,True,True,False,False,0
0,0,0,0,-1.1588799138497925,1,0,-1.4805666032795584,-0.9697003328591182,False,False,False,True,True,False,True,False,True,False,True,False,True,False,True,False,False,False,False,False,True,0
1,0,0,0,0.5902040719637925,1,1,0.7306545899771516,0.8109148577486827,False,False,False,False,False,True,False,True,False,True,False,True,False,True,False,True,True,False,False,False,False,0
0,0,1,1,0.9969677895948588,1,1,0.9967282911089379,1.4242251841516904,False,False,True,False,False,False,False,True,False,False,False,False,False,True,False,True,True,False,False,True,False,0
1,1,1,0,-1.1995562856128992,0,1,-0.9385034109116951,-0.9651342025744943,True,False,False,False,False,False,False,False,False,False,False,False,False,True,False,False,False,False,False,False,True,1
1,1,1,0,1.3630551354628184,1,1,1.4049283170688833,2.089892340981757,False,True,True,False,False,False,False,True,False,True,False,True,False,True,False,True,True,False,False,False,False,0
1,0,1,1,-0.42670522211387324,1,0,-1.4772613399114616,-0.8219157699933065,False,False,False,True,True,False,True,False,True,False,True,False,True,False,True,False,True,False,False,False,True,0
0,0,1,1,0.9562914178317522,1,1,1.1553809327775806,1.41529049652745,False,True,True,False,False,False,False,False,False,True,False,False,False,True,False,True,True,False,True,False,False,0
0,0,1,0,0.9156150460686455,1,1,0.4265703601122527,0.8668938588342174,False,True,True,False,False,False,False,True,False,False,False,False,False,False,False,False,False,False,True,False,False,0
1,0,1,0,1.200349648410392,1,1,1.4131914754891253,2.0287544907765747,False,True,True,False,False,False,False,False,False,True,False,True,False,True,False,True,False,True,False,False,False,0
1,0,0,0,-1.2809090291391125,1,0,-1.4723034448593166,-0.9973605451602059,False,False,False,True,True,False,True,False,True,False,True,False,True,False,True,False,False,False,False,False,True,0
1,0,1,0,0.14276398256961956,1,1,0.9504546039555836,0.4715943009725613,False,False,True,False,False,True,False,False,False,False,False,False,False,True,False,True,False,False,False,True,False,0
0,0,1,1,-0.7114398244556197,1,0,-1.4805666032795584,-0.8814510840889812,False,False,False,True,True,False,True,False,True,False,True,False,True,False,True,False,False,False,False,False,True,0
1,0,1,1,1.6071133660414583,1,1,0.3488966709619798,1.3998359017179536,False,False,False,False,False,False,False,True,False,True,False,False,False,True,False,True,False,True,False,False,False,0
1,0,1,1,1.4850842507521385,1,1,0.4744966789496553,1.3736684627791464,False,True,True,False,False,False,False,False,False,True,False,False,False,False,False,False,False,True,True,False,False,0
1,1,0,0,-1.118203542086686,1,0,-0.4790718027462502,-0.9021084331170157,False,False,False,False,False,False,False,False,False,True,False,False,False,False,False,False,False,False,False,True,False,1
1,0,0,0,0.9562914178317522,1,1,-0.006419141108418265,0.6030900721499546,False,True,False,False,False,True,False,True,False,False,False,True,False,False,False,False,True,False,False,False,False,0
1,0,0,0,-0.06061787624591358,1,0,-1.4673455498071712,-0.7259172712689759,False,False,False,True,True,False,True,False,True,False,True,False,True,False,True,False,False,True,False,False,True,0
1,0,0,0,-0.9961744267973661,1,1,-0.3336402145499943,-0.8139469945446599,False,False,False,False,False,False,False,False,False,False,False,False,False,False,False,True,False,False,True,False,False,0
1,1,0,0,1.6071133660414583,1,0,-1.3037350130863834,-0.21187637345764992,False,True,False,True,True,False,True,False,True,False,True,False,True,False,True,False,False,True,False,False,False,0
1,0,1,0,1.6071133660414583,1,1,0.5769598433606536,1.6194931114677027,False,True,False,False,False,True,False,True,False,True,False,True,False,False,False,True,False,True,False,False,False,0
0,1,1,0,-1.0368507985604727,1,1,0.6513282691428299,-0.7222731480610548,False,True,True,False,False,False,False,False,False,False,False,False,False,False,False,True,False,False,False,True,False,1
0,0,1,1,-1.118203542086686,0,0,-1.0112192050098232,-0.9344664909993993,True,False,False,False,False,False,False,True,False,False,False,True,False,False,False,False,False,False,False,True,False,0
1,1,0,0,0.7935859307793257,1,1,0.2679177184436099,0.6751822445283451,False,True,True,False,False,False,False,False,False,False,False,False,False,False,False,False,False,False,False,False,False,0
0,0,0,0,-1.2809090291391125,1,1,0.18032823918904647,-0.9754079957148982,False,False,True,False,False,False,False,False,False,False,False,False,False,False,False,False,False,False,False,True,False,1
0,0,0,1,-1.2809090291391125,1,0,-0.4939454879026856,-0.9843646358885838,False,False,False,False,False,True,False,False,False,False,False,False,False,False,False,False,False,False,False,False,True,0
0,0,0,0,0.5902040719637925,1,0,-1.4772613399114616,-0.5469381356413818,False,False,False,True,True,False,True,False,True,False,True,False,True,False,True,False,False,True,False,False,True,0
1,0,0,0,0.874938674305539,0,0,-0.6492928662032316,0.07403363051803816,True,False,False,False,False,True,False,False,False,False,False,True,False,True,False,False,False,True,True,False,False,0
1,0,0,0,-1.1588799138497925,1,1,-0.2791033689763984,-0.9031621554903906,False,False,False,False,False,False,False,False,False,False,False,False,False,True,False,False,False,False,False,True,False,0
0,0,1,0,-0.42670522211387324,1,1,-0.3352928462340426,-0.48874192706187103,False,False,False,False,False,False,False,True,False,True,False,False,False,False,False,False,False,False,False,False,True,0
0,0,0,0,-1.2809090291391125,1,0,0.20015981939762711,-0.9751445651215546,False,False,True,False,False,False,False,False,False,False,False,False,False,False,False,False,False,False,False,False,True,1
0,0,0,0,-0.8741453115080462,1,1,0.46788615221346175,-0.5982631962445114,False,True,True,False,False,True,False,False,False,False,False,False,False,False,False,False,False,False,False,False,False,0
1,0,1,0,-1.2809090291391125,1,0,0.1704124490847564,-0.9755397110115701,False,False,True,False,False,False,False,False,False,False,False,False,False,False,False,False,False,False,False,True,False,1
1,0,0,1,0.6715568154900058,1,0,0.34228614422578624,0.6086879722585081,False,True,True,False,False,False,False,False,False,False,False,False,False,False,False,False,False,False,True,False,False,1
0,1,1,1,-0.01994150448280695,1,1,0.8760861781734073,0.2654598616811216,False,True,True,False,False,False,False,False,False,True,False,False,False,True,False,False,False,False,False,False,True,0
1,0,0,0,-1.0775271703235794,1,0,0.4563177304251234,-0.7940799372966564,False,False,False,False,False,True,False,False,False,True,False,True,False,True,False,True,False,False,True,False,False,0
0,0,0,1,-0.8334689397449395,1,1,0.38855983137914013,-0.6142007471418047,False,True,True,False,False,False,False,False,False,False,False,False,False,False,False,False,False,False,False,True,False,0
1,0,1,0,-0.10129424800902022,1,1,0.965328289112019,0.25224442691504617,False,True,True,False,False,False,False,False,False,False,False,False,False,True,False,True,False,False,True,False,False,1
0,0,1,0,-1.1995562856128992,1,1,0.30592824717672196,-0.9061696547643977,False,True,True,False,False,False,False,False,False,False,False,False,False,False,False,False,False,False,True,False,False,1
1,0,0,0,-0.5894107091662998,1,0,-0.5104718047431692,-0.6221914751398968,False,False,False,False,False,True,False,False,False,False,False,False,False,False,False,False,False,False,False,True,False,1
0,0,0,0,-1.1588799138497925,1,1,-1.4772613399114616,-0.9762202400443747,False,False,False,True,True,False,True,False,True,False,True,False,True,False,True,False,False,False,True,False,False,0
0,1,0,0,1.3630551354628184,1,1,1.241317780348096,1.8351988623172968,False,True,True,False,False,True,False,False,False,False,False,False,False,True,False,True,False,True,False,False,False,0
0,0,1,0,0.9969677895948588,1,1,1.4726862161148666,1.7389808380985126,False,True,True,False,False,False,False,True,False,True,False,True,False,True,False,True,True,False,False,False,False,0
1,0,1,1,-1.2809090291391125,1,0,-0.6707770780958605,-0.9867135586792316,False,False,False,False,False,False,False,False,False,False,False,False,False,False,False,False,False,False,False,True,False,0
0,0,1,1,-0.7114398244556197,1,0,-1.4888297616998003,-0.886434312813066,False,False,False,True,True,False,True,False,True,False,True,False,True,False,True,False,False,False,False,False,True,0
1,0,0,0,0.14276398256961956,1,1,0.01837033415230718,0.09065171044813607,False,False,False,False,False,False,False,True,False,False,False,True,False,False,False,True,True,False,False,False,True,1
1,0,0,0,-1.2809090291391125,1,1,0.6662019542992653,-0.9689539461779778,False,False,True,False,False,False,False,True,False,False,False,False,False,False,False,True,False,False,False,True,False,0
1,0,1,0,1.6071133660414583,1,1,1.433023055697706,2.436149903382596,False,True,True,False,False,False,False,True,False,True,False,True,False,True,False,True,False,True,False,True,False,0
0,0,0,0,-0.792792567981833,0,0,-0.9732086762767109,-0.8085247148316688,True,False,False,False,False,False,False,False,False,True,False,True,False,False,False,False,False,True,False,False,True,0
0,0,1,1,-0.9148216832711529,1,1,0.793454593970989,-0.5981973385961754,False,False,True,False,False,False,False,False,False,False,False,False,False,True,False,True,False,False,False,True,False,0
1,0,1,1,1.3223787636997117,1,0,0.9818546059525025,1.6626079185782872,False,True,True,False,False,True,False,True,False,True,False,True,False,False,False,False,False,True,True,False,False,0
0,0,1,0,1.1596732766472853,1,0,0.9537598673236806,1.5668728504473,False,False,True,False,False,True,False,True,False,False,False,True,False,False,False,True,True,False,False,False,False,0
0,0,0,0,0.1834403543327262,1,1,0.4645808888453652,0.3007595611891763,False,True,False,False,False,True,False,True,False,True,False,True,False,True,False,False,False,False,True,False,False,0
0,0,1,1,-1.2402326573760059,1,0,0.18363350255714347,-0.9416669272174603,False,False,True,False,False,False,False,False,False,False,False,False,False,False,False,False,False,False,False,True,False,1
0,0,1,0,1.6071133660414583,0,1,-0.35181916307452626,0.7224680360335379,True,False,False,False,False,False,False,True,False,True,False,False,False,True,False,True,False,True,False,True,False,1
0,0,1,1,1.0376441613579654,1,1,0.06464402130566106,0.7369347661179958,False,True,False,False,False,False,False,True,False,False,False,False,False,True,False,False,False,False,False,False,False,0
1,1,1,0,1.1596732766472853,1,0,-0.026250721316998904,0.7071671090701585,False,True,False,False,False,False,False,True,False,False,False,False,False,False,False,True,True,False,False,False,False,0
1,0,0,0,-1.2809090291391125,1,1,-0.7253139236694565,-0.9874379928109268,False,False,False,False,False,False,False,False,False,False,False,False,False,False,False,False,False,False,False,True,False,1
0,0,0,0,-0.9148216832711529,1,0,-0.350166531390478,-0.7503065537027127,False,False,False,False,False,False,False,False,False,True,False,True,False,False,False,False,False,False,False,True,False,0
0,0,0,0,0.26479309785893945,1,1,1.0149072396334697,0.6150761641470925,False,False,True,False,False,True,False,False,False,True,False,True,False,True,False,False,True,False,False,True,False,1
1,0,0,0,-0.8741453115080462,1,0,-1.4739560765433648,-0.9149506745425208,False,False,False,True,True,False,True,False,True,False,True,False,True,False,True,False,False,False,False,False,True,0
0,1,1,0,-0.7114398244556197,1,1,0.9851598693205996,-0.4420708069411468,False,False,True,False,False,False,False,True,False,False,False,False,False,True,False,True,False,False,False,True,False,0
0,0,0,0,1.2817023919366053,1,1,1.5090441131639305,2.0974879230898336,False,True,True,False,False,False,False,True,False,True,False,True,False,True,False,True,False,True,True,False,False,0
0,0,0,0,-0.46738159387697986,0,0,-0.9831244663810009,-0.6680283983816993,True,False,False,False,False,True,False,False,False,False,False,True,False,False,False,False,False,True,False,False,True,0
0,0,1,1,1.6071133660414583,1,1,0.9388861821672452,1.9305168320088226,False,True,False,False,False,True,False,True,False,True,False,True,False,True,False,True,False,True,False,False,False,0
1,0,0,0,-1.2809090291391125,1,0,-1.4458613379145426,-0.9970093043690811,False,False,False,True,True,False,True,False,True,False,True,False,True,False,True,False,False,False,False,False,True,0
1,0,0,0,0.5495277002006859,0,1,-0.13532441246419077,0.2640768510660672,True,False,False,False,False,True,False,False,False,True,False,True,False,True,False,True,False,True,False,False,False,0
0,0,0,0,-1.2809090291391125,1,0,-1.4888297616998003,-0.997580070654659,False,False,False,True,True,False,True,False,True,False,True,False,True,False,True,False,False,False,True,False,False,0
1,0,1,1,-0.01994150448280695,1,1,-1.5003981834881386,-0.7101114356683543,False,False,False,True,True,False,True,False,True,False,True,False,True,False,True,False,False,False,True,False,False,0
1,0,1,0,1.6071133660414583,1,0,0.10926507677496715,1.1049912101180253,False,True,False,False,False,True,False,True,False,True,False,True,False,False,False,False,False,True,False,False,True,0
1,1,1,0,0.7935859307793257,1,1,1.3090756793940785,1.4002749527068596,False,False,True,False,False,True,False,False,False,True,False,True,False,True,False,True,True,False,False,False,False,0
0,0,0,0,-1.0775271703235794,0,0,-0.6559033929394251,-0.8751287498487325,True,False,False,False,False,False,False,False,False,False,False,False,False,True,False,True,False,False,True,False,False,0
0,0,1,0,1.4444078789890318,1,0,-0.29562968581688204,0.6835461658670074,False,False,False,False,False,True,False,False,False,False,False,True,False,False,False,False,True,False,False,False,False,0
1,0,0,0,-0.34535247858766,1,1,-0.45262969580147655,-0.4461759336874193,False,False,False,False,False,True,False,False,False,False,False,False,False,False,False,False,False,False,False,True,False,0
1,0,1,1,-0.670763452692513,1,0,-0.01964019458080536,-0.5566850675950985,False,False,False,False,False,True,False,False,False,True,False,False,False,True,False,False,False,True,False,False,True,0
0,0,1,1,1.1189969048841788,1,0,0.968633552480116,1.545403257089789,False,True,True,False,False,True,False,True,False,False,False,False,False,True,False,False,True,False,False,False,False,0
0,0,1,1,-1.1588799138497925,1,0,-0.4625454859057666,-0.9010986158425315,False,True,False,False,False,False,False,False,False,False,False,False,False,False,False,False,False,False,False,False,True,1
1,0,1,1,1.6071133660414583,1,0,1.5569704320013331,2.5206672187470307,False,False,True,False,False,True,False,True,False,True,False,True,False,True,False,True,False,True,False,False,False,0
0,1,0,0,-1.118203542086686,1,1,0.66124405924712,-0.8238256417950484,False,False,True,False,False,False,False,False,False,True,False,False,False,True,False,False,False,False,False,False,True,1
1,0,0,0,-1.0368507985604727,1,0,0.28940193033623834,-0.7779667660038004,False,True,True,False,False,False,False,False,False,False,False,False,False,False,False,False,False,False,False,True,False,1
1,0,1,1,-0.2233233632983401,1,1,0.5224229977870579,-0.03608035749962553,False,False,True,False,False,True,False,True,False,False,False,False,False,False,False,False,True,False,True,False,False,0
1,1,1,1,-0.26399973506144675,1,0,1.352044103179336,0.18366466244790491,False,True,True,False,False,False,False,True,False,True,False,False,False,True,False,True,False,False,False,True,False,1
0,0,1,1,1.6071133660414583,1,0,-1.3136508031906735,-0.1905824004957014,False,True,False,True,True,False,True,False,True,False,True,False,True,False,True,False,False,True,False,False,False,0
0,0,1,0,-1.2402326573760059,1,1,0.18198087087309475,-0.9534773988190358,False,False,True,False,False,False,False,False,False,False,False,False,False,False,False,False,False,False,False,True,False,0
0,1,1,0,1.6071133660414583,1,1,-1.2938192229820933,-0.15565589432821672,False,True,False,True,True,False,True,False,True,False,True,False,True,False,True,False,False,True,True,False,False,0
0,1,1,0,0.6308804437268991,1,0,1.738759917246653,1.3816811433266838,False,True,True,False,False,True,False,True,False,True,False,True,False,True,False,True,False,False,False,True,False,1
0,0,0,0,-0.9961744267973661,0,1,-1.1764823734146594,-0.9066306583027492,True,False,False,False,False,False,False,True,False,False,False,False,False,False,False,False,False,False,False,False,True,0
0,0,0,0,-1.2809090291391125,1,0,-1.4723034448593166,-0.9973605451602059,False,False,False,True,True,False,True,False,True,False,True,False,True,False,True,False,False,False,True,False,False,0
0,0,0,0,-1.2809090291391125,1,1,-0.6426823394670382,-0.9863403653386614,False,False,False,False,False,False,False,False,False,False,False,False,False,False,False,False,False,False,False,False,True,0
0,0,1,1,1.2817023919366053,0,0,-0.4955981195867339,0.40323406199987283,True,False,False,False,False,False,False,True,False,True,False,True,False,False,False,True,False,True,False,True,False,0
1,0,1,0,0.14276398256961956,1,1,1.009949344581325,0.5190776654227617,False,True,True,False,False,False,False,False,False,False,False,False,False,True,False,True,False,False,False,True,False,0
1,1,1,0,0.02073486728029968,1,1,0.9802019742684543,0.35722151836250793,False,True,True,False,False,False,False,False,False,False,False,False,False,True,False,True,False,False,False,True,False,1
1,0,1,0,1.1596732766472853,1,1,1.046307241630389,1.484770315521849,False,True,True,False,False,False,False,False,False,False,False,False,False,True,False,True,True,False,False,False,False,0
1,1,1,0,-0.01994150448280695,1,1,0.6662019542992653,0.15372138500450525,False,True,True,False,False,False,False,False,False,False,False,False,False,False,False,True,False,False,False,True,False,1
0,0,0,0,-1.2402326573760059,1,1,-1.4640402864390747,-0.9915211670077542,False,False,False,True,True,False,True,False,True,False,True,False,True,False,True,False,False,False,False,False,True,0
0,0,0,0,-0.46738159387697986,1,0,0.20511771444977192,-0.33678637980145093,False,False,False,False,False,True,False,True,False,False,False,True,False,True,False,False,False,True,True,False,False,0
0,0,0,0,0.22411672609583283,1,0,0.6364545839863945,0.39326760455170323,False,True,False,False,False,True,False,True,False,True,False,False,False,True,False,True,True,False,False,False,False,0
1,0,0,0,0.1834403543327262,1,0,0.08612823319828997,0.06646000095940699,False,True,False,False,False,True,False,True,False,True,False,True,False,False,False,False,True,False,False,True,False,0
1,0,1,1,-0.8334689397449395,1,0,-0.3699981115990584,-0.7005401241102002,False,False,False,False,False,False,False,False,False,False,False,False,False,False,False,True,True,False,True,False,False,1
1,1,0,0,1.2817023919366053,1,1,1.2776756773971596,1.868917978265289,False,True,True,False,False,True,False,True,False,False,False,False,False,True,False,True,False,False,False,False,False,0
0,1,0,0,0.02073486728029968,1,1,1.5073914814798821,0.5986556571620023,False,True,True,False,False,False,False,True,False,True,False,True,False,True,False,True,False,False,False,True,False,1
0,0,0,0,-0.9554980550342594,1,0,0.20346508276572364,-0.7109895376461666,False,False,True,False,False,False,False,False,False,False,False,False,False,False,False,False,False,False,False,True,False,1
0,0,0,1,-1.2809090291391125,1,1,-0.16011388772491622,-0.9799302209006316,False,False,False,False,False,True,False,True,False,False,False,True,False,False,False,False,False,False,False,True,False,1
1,0,0,1,0.10208761080651294,1,1,0.6711598493514106,0.3243146467439915,False,False,True,False,False,False,False,False,False,True,False,False,False,True,False,False,True,False,False,True,False,1
0,0,0,0,-1.1995562856128992,1,0,-1.4871771300157517,-0.9782837796922336,False,False,False,True,True,False,True,False,True,False,True,False,True,False,True,False,False,False,False,False,True,1
1,0,0,0,1.4444078789890318,1,0,-1.3318297517152058,-0.2785901712219401,False,True,False,True,True,False,True,False,True,False,True,False,True,False,True,False,False,True,False,False,True,0
1,1,1,0,1.4850842507521385,1,1,1.5106967448479787,2.334948650439727,False,True,True,False,False,True,False,False,False,True,False,True,False,True,False,True,True,False,False,False,True,0
1,0,0,0,-0.10129424800902022,1,1,1.0628335584708724,0.32023147254716444,False,False,True,False,False,False,False,True,False,False,False,False,False,True,False,True,True,False,False,False,False,0
0,0,1,0,-0.06061787624591358,1,1,0.6281914255661528,0.16781492174839277,False,False,True,False,False,False,False,True,False,False,False,False,False,False,False,True,False,False,False,False,False,0
1,0,1,0,1.5664369942783516,1,1,1.4462441091700924,2.370423970343344,False,True,True,False,False,False,False,True,False,True,False,True,False,True,False,True,False,True,True,False,False,1
0,0,0,0,0.06141123904340631,1,0,-0.01633493121270882,-0.1048796474612199,False,False,False,False,False,True,False,True,False,False,False,False,False,False,False,True,True,False,False,True,False,0
0,0,1,1,1.6071133660414583,1,0,1.7404125489307014,2.800342698680251,False,True,True,False,False,True,False,True,False,True,False,True,False,True,False,True,False,True,True,False,False,0
1,1,1,0,1.525760622515245,1,0,1.3388230497069489,2.2918338433291425,False,False,True,False,False,True,False,True,False,True,False,False,False,True,False,True,False,True,True,False,False,0
0,1,0,0,-0.9961744267973661,1,1,1.3437809447590943,-0.6420585323879003,False,True,True,False,False,False,False,True,False,True,False,False,False,True,False,True,False,False,False,True,False,1
0,0,0,0,-0.9148216832711529,1,1,1.1818230397223544,-0.5407914217966957,False,True,True,False,False,False,False,False,False,True,False,False,False,True,False,True,False,False,False,True,False,1
0,0,0,0,-0.9148216832711529,1,0,-0.6476402345191833,-0.8180521212909324,False,False,False,False,False,False,False,False,False,False,False,False,False,False,False,False,False,False,False,False,True,0
0,0,1,0,0.6308804437268991,0,0,-0.9963455198533878,-0.3018159685350757,True,False,False,False,False,False,False,True,False,True,False,False,False,False,False,False,True,False,False,False,True,1
0,0,1,0,-0.9554980550342594,1,1,0.36046509275031813,-0.718299736611454,False,False,True,False,False,False,False,False,False,True,False,False,False,False,False,False,False,False,False,False,False,1
1,1,1,0,1.6071133660414583,1,0,0.3158440372810125,1.347369308543668,False,False,False,False,False,True,False,True,False,True,False,True,False,True,False,False,False,True,False,False,False,0
1,0,1,0,0.3868222131482594,0,1,-1.3136508031906735,-0.5245684877566132,True,False,False,False,False,False,False,False,False,False,False,False,False,False,False,False,False,False,True,False,False,0
0,1,1,0,0.3868222131482594,1,1,1.3338651546548042,1.0129880753927405,False,True,True,False,False,True,False,False,False,True,False,False,False,True,False,True,True,False,False,False,False,0
0,0,0,0,0.1834403543327262,0,0,-1.1979665853072883,-0.5788351899854141,True,False,False,False,False,False,False,False,False,False,False,True,False,False,False,False,False,False,True,False,False,1
0,1,0,0,-0.8741453115080462,1,0,0.8215493325998116,-0.5462795591580226,False,False,True,False,False,False,False,False,False,False,False,False,False,True,False,True,False,False,False,False,False,1
0,1,1,0,0.3868222131482594,1,1,0.9983809227929862,0.7255633455053264,False,True,True,False,False,False,False,False,False,False,False,False,False,True,False,True,False,False,False,True,False,0
0,0,0,0,-1.2402326573760059,1,0,-1.483871866647655,-0.9895234850082311,False,False,False,True,True,False,True,False,True,False,True,False,True,False,True,False,False,False,False,False,True,0
0,0,0,0,0.752909559016219,1,1,1.5420967468448978,1.497744272244026,False,True,True,False,False,False,False,True,False,True,False,True,False,True,False,True,True,False,False,True,False,0
0,0,0,0,-1.1995562856128992,1,1,0.4711914155815583,-0.8980472114696338,False,False,True,False,False,True,False,True,False,False,False,False,False,False,False,False,False,False,False,True,False,1
1,0,1,0,-1.2402326573760059,1,0,0.3819493046429471,-0.9396253401190465,False,False,True,False,False,False,False,False,False,True,False,False,False,False,False,False,False,False,False,True,False,1
1,0,0,0,-1.2809090291391125,1,1,0.5273808928392028,-0.9707979603313835,False,False,True,False,False,False,False,False,False,False,False,False,False,False,False,True,False,False,False,True,False,1
0,1,1,0,-0.18264699153523348,1,0,-1.2938192229820933,-0.6837464237845398,False,True,False,True,True,False,True,False,True,False,True,False,True,False,True,False,False,False,False,False,True,0
1,0,0,0,-1.1588799138497925,1,1,0.3158440372810125,-0.8746896988598264,False,False,False,False,False,False,False,False,False,True,False,True,False,True,False,True,False,False,False,True,False,1
0,0,0,0,-1.2402326573760059,1,0,-0.45924022253766983,-0.9522480560500985,False,False,False,False,False,True,False,False,False,False,False,False,False,False,False,False,False,False,False,False,True,0
0,0,1,1,0.10208761080651294,1,0,-1.4921350250678969,-0.6855904379379455,False,False,False,True,True,False,True,False,True,False,True,False,True,False,True,False,False,True,True,False,False,0
1,0,1,0,1.525760622515245,1,0,0.4116966749558173,1.407716866968819,False,True,False,False,False,True,False,False,False,True,False,True,False,False,False,True,False,True,True,False,False,0
1,0,0,0,-0.9961744267973661,1,1,0.9868125010046478,-0.6812438331477746,False,False,True,False,False,False,False,False,False,True,False,False,False,True,False,True,False,False,False,True,False,1
1,0,1,1,-0.18264699153523348,1,0,1.1735598813021126,0.22263043771332613,False,False,True,False,False,False,False,True,False,True,False,False,False,True,False,True,True,False,False,False,False,0
1,0,1,1,-0.34535247858766,1,1,-1.455777128018833,-0.8000729832952254,False,False,False,True,True,False,True,False,True,False,True,False,True,False,True,False,True,False,True,False,False,0
0,0,0,0,-0.9554980550342594,1,1,0.34228614422578624,-0.7279808109168348,False,True,True,False,False,False,False,False,False,False,False,False,False,False,False,False,False,False,True,False,False,0
0,0,0,0,-0.3860288503507666,0,1,-0.6575560246234734,-0.5686053019439007,True,False,False,False,False,False,False,False,False,False,False,False,False,True,False,True,False,False,False,True,False,0
0,0,0,0,-0.9961744267973661,1,0,-1.5086613419083803,-0.9374081326250706,False,False,False,True,True,False,True,False,True,False,True,False,True,False,True,False,False,False,False,False,True,0
0,0,0,0,-1.0368507985604727,1,1,1.0082967128972762,-0.7161044816669232,False,False,True,False,False,False,False,False,False,True,False,False,False,True,False,True,False,False,False,True,False,1
0,1,0,0,1.3630551354628184,1,1,0.5158124710508644,1.2874827536568687,False,True,True,False,False,False,False,True,False,False,False,False,False,False,False,False,False,False,True,False,False,1
1,0,0,0,0.5088513284375793,1,1,0.3670756194865117,0.4310918472459685,False,False,False,False,False,True,False,False,False,True,False,False,False,True,False,True,False,False,False,True,False,0
1,0,1,1,1.4850842507521385,1,1,1.0033388178451315,1.9229432024501916,False,False,True,False,False,False,False,False,False,False,False,True,False,True,False,True,False,True,True,False,False,0
0,1,1,0,-0.30467610682455337,1,1,1.1124125089923234,0.09772043136952512,False,False,True,False,False,False,False,True,False,True,False,False,False,True,False,True,False,False,False,True,False,1
1,0,1,1,-1.0775271703235794,1,0,-1.4871771300157517,-0.9453110504253814,False,False,False,True,True,False,True,False,True,False,True,False,True,False,True,False,False,False,True,False,False,0
0,0,1,1,1.6071133660414583,1,1,1.0264756614218087,2.0469531542667347,False,True,True,False,False,True,False,True,False,False,False,False,False,True,False,False,False,True,False,False,False,0
1,0,1,0,-0.7521161962187263,1,1,0.5885282651489925,-0.48599785838120757,False,True,True,False,False,False,False,True,False,True,False,False,False,False,False,False,False,False,False,True,False,0
1,0,0,0,-1.2402326573760059,1,0,0.19354929266143356,-0.9495478924683258,False,False,True,False,False,False,False,False,False,False,False,False,False,False,False,False,False,False,False,False,True,0
0,1,0,0,1.403731507225925,1,1,0.9124440752224715,1.6898729849893595,False,False,True,False,False,True,False,True,False,False,False,True,False,True,False,False,False,True,False,False,False,0
0,1,1,1,1.200349648410392,1,1,1.0330861881580018,1.6365282898372617,False,True,True,False,False,False,False,True,False,True,False,False,False,False,False,True,False,False,True,False,False,0
0,0,1,1,-1.1995562856128992,0,0,-0.8112507712399714,-0.9656610637611817,True,False,False,False,False,False,False,True,False,False,False,False,False,False,False,True,False,False,False,False,True,0
0,0,1,1,1.6071133660414583,0,1,-0.16011388772491622,0.8658401364608428,True,False,False,False,False,False,False,True,False,True,False,True,False,True,False,True,False,True,False,True,False,0
0,0,1,1,-0.18264699153523348,1,1,0.18363350255714347,-0.13159590013615946,False,False,True,False,False,False,False,False,False,False,False,False,False,False,False,False,True,False,False,False,False,0
0,0,0,0,1.2817023919366053,1,1,-1.3367876467673507,-0.30326483679846594,False,True,False,True,True,False,True,False,True,False,True,False,True,False,True,False,True,False,False,False,False,0
0,0,1,1,1.6071133660414583,1,0,-1.3103455398225767,-0.22153549521358532,False,True,False,True,True,False,True,False,True,False,True,False,True,False,True,False,False,True,False,False,False,0
1,0,0,1,-1.2809090291391125,1,0,-0.47080864432600844,-0.9840573001963495,False,False,False,False,False,True,False,False,False,False,False,False,False,False,False,False,False,False,False,False,True,1
1,0,0,0,-1.2809090291391125,1,0,-0.6542507612553768,-0.9864940331847786,False,False,False,False,False,False,False,False,False,False,False,False,False,False,False,False,False,False,False,False,True,1
0,0,1,1,1.6071133660414583,1,1,0.623233530514008,1.6705766940269335,False,False,False,False,False,True,False,True,False,True,False,True,False,True,False,True,False,True,False,False,False,0
1,0,1,0,1.4850842507521385,1,1,0.6562861641949752,1.574863578445392,False,False,False,False,False,True,False,True,False,True,False,True,False,True,False,True,False,True,False,False,True,0
1,0,1,0,0.9969677895948588,1,1,-0.16837704614515803,0.5085184891395689,False,False,False,False,False,True,False,True,False,False,False,True,False,False,False,False,False,True,False,True,False,0
0,0,1,1,-0.10129424800902022,1,1,-1.3136508031906735,-0.6596205719441465,False,True,False,True,True,False,True,False,True,False,True,False,True,False,True,False,False,True,False,False,True,0
1,0,0,0,-0.14197061977212685,1,0,-1.511966605276477,-0.773795781609192,False,False,False,True,True,False,True,False,True,False,True,False,True,False,True,False,True,False,False,False,True,0
1,1,0,0,0.10208761080651294,1,1,0.2695703501276582,0.07873147609933392,False,False,False,False,False,False,False,False,False,True,False,True,False,True,False,True,True,False,False,True,False,0
1,1,1,0,-1.0775271703235794,1,1,0.5273808928392028,-0.8055830732059976,False,True,True,False,False,False,False,False,False,True,False,False,False,False,False,False,False,False,False,True,False,0
1,1,0,0,1.4850842507521385,1,0,-1.4723034448593166,-0.41078842398158333,False,False,False,True,True,False,True,False,True,False,True,False,True,False,True,False,False,True,True,False,False,0
0,0,1,1,1.0376441613579654,1,1,-1.333482383399254,-0.34861880395247175,False,True,False,True,True,False,True,False,True,False,True,False,True,False,True,False,True,False,True,False,False,0
1,0,1,1,1.6071133660414583,1,1,1.3090756793940785,2.268608046016007,False,True,True,False,False,False,False,True,False,True,False,False,False,True,False,True,True,False,True,False,False,0
1,0,1,1,0.5902040719637925,1,0,0.8331177543881498,0.8101684710675423,False,False,True,False,False,True,False,False,False,True,False,False,False,False,False,True,False,False,False,True,False,0
0,0,0,1,-1.2809090291391125,1,0,-0.450977064117428,-0.9837938696030059,False,False,False,False,False,True,False,False,False,False,False,False,False,False,False,False,False,False,False,False,True,0
1,0,1,1,1.525760622515245,1,1,0.6364545839863945,1.6191199181271323,False,True,False,False,False,False,False,True,False,True,False,True,False,True,False,True,False,True,False,True,False,0
0,0,1,0,0.7122331872531124,1,0,1.4445914774860442,1.4571101032207614,False,True,True,False,False,True,False,True,False,False,False,True,False,True,False,True,True,False,False,True,False,1
0,1,1,0,-0.2233233632983401,1,1,1.3041177843419334,0.2528151932006243,False,True,True,False,False,True,False,False,False,False,False,True,False,True,False,True,False,False,False,False,False,1
1,0,0,0,-0.42670522211387324,1,1,0.46292825716131647,-0.30368193523792686,False,True,True,False,False,False,False,True,False,False,False,False,False,False,False,False,False,False,False,False,True,0
1,0,0,0,0.9969677895948588,1,1,0.7290019582931033,1.1623093167197238,False,True,True,False,False,False,False,False,False,False,False,False,False,True,False,False,True,False,False,True,False,0
0,0,0,0,-1.118203542086686,1,1,0.5339914195753963,-0.8352190149571631,False,False,True,False,False,False,False,False,False,False,False,False,False,True,False,False,False,False,True,False,False,1
0,0,0,0,-0.9148216832711529,1,0,-0.450977064117428,-0.7875161250125093,False,False,False,False,False,False,False,True,False,False,False,False,False,False,False,False,False,False,False,True,False,0
0,0,0,1,0.5495277002006859,1,1,0.6595914275630718,0.7318637271961297,False,True,True,False,False,False,False,False,False,True,False,True,False,False,False,False,False,False,False,False,False,0
1,0,0,1,0.02073486728029968,1,1,1.006644081213228,0.43168456608099176,False,True,True,False,False,True,False,False,False,True,False,False,False,False,False,True,False,False,False,False,False,0
0,0,1,0,-0.7114398244556197,1,0,0.34724403927793107,-0.5169290005496462,False,False,True,False,False,False,False,True,False,False,False,False,False,False,False,False,False,False,False,False,False,0
1,0,1,0,-0.670763452692513,1,0,0.5257282611551545,-0.4261552085932987,False,False,True,False,False,True,False,True,False,False,False,False,False,False,False,False,False,False,False,False,False,0
1,1,0,0,-0.670763452692513,0,1,-0.8542191950252287,-0.7077844654271517,True,False,False,False,False,False,False,True,False,False,False,False,False,True,False,False,False,False,False,False,True,1
1,0,1,1,1.525760622515245,1,1,0.4761493106337036,1.5103011305267422,False,True,False,False,False,True,False,True,False,True,False,True,False,True,False,False,False,True,False,False,False,0
0,0,1,1,-0.8334689397449395,1,0,-1.4723034448593166,-0.9077063332255692,False,False,False,True,True,False,True,False,True,False,True,False,True,False,True,False,False,True,False,False,False,0
0,0,0,0,-1.0775271703235794,1,0,-1.4921350250678969,-0.9493942246222085,False,False,False,True,True,False,True,False,True,False,True,False,True,False,True,False,False,False,True,False,False,0
0,0,0,0,-1.0368507985604727,1,1,0.19520192434548184,-0.8083490944361064,False,False,False,False,False,False,False,False,False,False,False,True,False,True,False,True,False,False,True,False,False,1
0,0,1,1,-0.6300870809294065,1,1,-0.09566125204702997,-0.536181386413181,False,True,False,False,False,False,False,False,False,True,False,True,False,False,False,False,True,False,False,False,True,0
0,0,1,0,0.9156150460686455,1,1,0.836423017756247,1.1525184796671164,False,True,False,False,False,True,False,True,False,True,False,True,False,True,False,True,True,False,False,True,False,0
1,0,1,0,0.06141123904340631,1,0,0.793454593970989,0.3109894492306898,False,True,True,False,False,False,False,True,False,False,False,False,False,False,False,True,False,False,False,False,True,0
0,0,1,0,0.9562914178317522,1,1,1.119023035728517,1.4829263013684433,False,False,True,False,False,False,False,False,False,True,False,True,False,True,False,True,False,False,False,True,False,0
0,1,0,0,-1.2809090291391125,1,1,0.19024402929333656,-0.9752762804182264,False,False,True,False,False,False,False,False,False,False,False,False,False,False,False,False,False,False,False,False,True,0
1,0,1,0,1.1596732766472853,1,0,-1.302082381402335,-0.3307494287039913,False,True,False,True,True,False,True,False,True,False,True,False,True,False,True,False,False,True,False,False,False,0
0,0,0,0,-1.2809090291391125,1,1,0.19354929266143356,-0.9752323753193358,False,False,True,False,False,False,False,False,False,False,False,False,False,False,False,False,False,False,False,False,True,0
0,0,1,1,0.752909559016219,1,1,0.5257282611551545,0.8012557359927472,False,True,True,False,False,False,False,False,False,False,False,True,False,False,False,False,False,False,False,True,False,0
1,0,1,1,-1.1588799138497925,1,1,-0.46089285422171833,-0.9072233771377725,False,True,False,False,False,False,False,False,False,False,False,False,False,False,False,False,False,False,False,True,False,1
0,0,1,0,0.3868222131482594,1,1,1.128938825832807,0.8092025588919488,False,False,True,False,False,False,False,False,False,True,False,True,False,True,False,True,False,True,True,False,False,0
1,1,0,0,-0.9554980550342594,1,1,0.6678545859833136,-0.6785217170165564,False,True,True,False,False,False,False,False,False,False,False,False,False,False,False,True,False,False,False,True,False,1
0,0,0,0,-1.2809090291391125,1,0,0.43648615021654275,-0.9720053505508754,False,False,True,False,False,False,False,False,False,False,False,False,False,True,False,False,False,False,False,True,False,1
0,0,0,0,0.5088513284375793,1,1,0.7405703800814416,0.724334002736389,False,True,True,False,False,False,False,False,False,True,False,True,False,False,False,False,False,False,False,True,False,1
1,0,0,0,-1.2809090291391125,1,0,0.6496756374587817,-0.9691734716724308,False,True,True,False,False,False,False,False,False,False,False,False,False,True,False,False,False,False,False,True,False,1
1,0,0,0,-1.2809090291391125,1,1,-1.4904823933838485,-0.9976020232041044,False,False,False,True,True,False,True,False,True,False,True,False,True,False,True,False,False,False,True,False,False,0
0,0,0,0,-0.3860288503507666,1,1,0.472844047265607,-0.2700067243888247,False,True,True,False,False,False,False,True,False,False,False,False,False,False,False,False,False,False,False,True,False,1
0,0,1,1,-0.3860288503507666,1,0,-1.3136508031906735,-0.7378155530683326,False,True,False,True,True,False,True,False,True,False,True,False,True,False,True,False,False,True,False,False,True,0
1,0,1,1,-1.2809090291391125,1,1,0.5356440512594446,-0.970688197584157,False,False,True,False,False,False,False,False,False,False,False,False,False,False,False,True,False,False,False,True,False,0
0,0,0,0,0.427498584911366,0,1,-0.5220402265315078,-0.09471561706804257,True,False,False,False,False,False,False,False,False,True,False,False,False,True,False,True,False,False,False,False,False,1
0,1,0,0,-1.1995562856128992,1,1,0.48110720568584886,-0.9162458749597938,False,True,True,False,False,False,False,True,False,False,False,False,False,False,False,False,False,False,False,True,False,1
1,1,0,0,-1.2402326573760059,1,1,1.0000335544770345,-0.9271343394846665,False,False,True,False,False,False,False,True,False,True,False,True,False,False,False,True,False,False,True,False,False,1
0,0,1,1,1.0376441613579654,1,0,-1.3119981715066253,-0.34335019208559786,False,True,False,True,True,False,True,False,True,False,True,False,True,False,True,False,False,True,True,False,False,0
0,0,0,0,-1.0775271703235794,1,0,-1.4937876567519452,-0.9549701721813167,False,False,False,True,True,False,True,False,True,False,True,False,True,False,True,False,False,True,True,False,False,0
0,0,1,0,1.6071133660414583,1,1,1.4974756913755922,2.5056077698275496,False,True,True,False,False,False,False,True,False,True,False,True,False,True,False,True,False,True,False,True,False,0
0,0,1,1,0.7122331872531124,1,0,-1.4640402864390747,-0.5363789593581888,False,False,False,True,True,False,True,False,True,False,True,False,True,False,True,False,False,True,True,False,False,0
0,1,1,0,-0.34535247858766,1,1,0.9488019722715353,-0.012239888802021249,False,True,True,False,False,False,False,False,False,False,False,False,False,True,False,True,False,False,False,True,False,1
0,0,0,0,1.3223787636997117,1,1,-0.17333494119730308,0.6356896080762365,False,False,False,False,False,True,False,True,False,False,False,True,False,False,False,False,False,True,False,False,True,0
1,0,0,0,1.200349648410392,1,1,1.0545704000506306,1.683089647210759,False,True,True,False,False,False,False,False,False,True,False,False,False,True,False,True,True,False,False,True,False,1
0,0,0,0,1.1596732766472853,0,0,-0.6988718167246825,0.17764966389989068,True,False,False,False,False,True,False,True,False,True,False,True,False,False,False,False,True,False,True,False,False,0
1,0,1,1,-1.0368507985604727,1,0,0.1604966589804663,-0.7796571123110891,False,False,False,False,False,True,False,False,False,False,False,False,False,True,False,True,False,False,True,False,False,0
1,1,0,0,-1.2402326573760059,1,1,0.9587177623758254,-0.919889998167715,False,True,True,False,False,False,False,False,False,False,False,False,False,True,False,True,False,False,False,True,False,1
1,0,1,0,-0.5894107091662998,1,1,1.1421598793051941,-0.24102935912101853,False,True,True,False,False,True,False,False,False,False,False,False,False,True,False,True,False,False,False,True,False,1
1,0,0,1,-0.2233233632983401,1,1,0.48441246905394536,-0.04890064637568517,False,True,True,False,False,False,False,False,False,False,False,True,False,False,False,False,False,False,False,True,False,1
1,0,0,0,-0.42670522211387324,1,1,1.1834756714064032,0.05445195641282349,False,True,True,False,False,False,False,True,False,False,False,False,False,True,False,True,False,False,False,True,False,0
1,0,0,0,-1.2809090291391125,1,1,0.3125387739129155,-0.9736517917592735,False,False,True,False,False,False,False,False,False,False,False,True,False,False,False,False,False,False,False,False,True,0
0,0,0,0,0.06141123904340631,1,1,0.1704124490847564,0.05451781406115946,False,False,True,False,False,False,False,False,False,False,False,False,False,False,False,False,False,False,True,False,False,1
1,0,0,0,-1.1995562856128992,1,0,0.3174966689650608,-0.9091991065878502,False,False,True,False,False,False,False,True,False,False,False,False,False,False,False,False,False,False,True,False,False,0
1,1,0,0,-1.2809090291391125,1,1,0.9636756574279707,-0.9650024872778223,False,True,True,False,False,False,False,False,False,False,False,False,False,True,False,True,False,False,False,True,False,1
1,0,0,0,-0.18264699153523348,1,1,0.8727809148053107,0.08417570836177028,False,False,True,False,False,False,False,True,False,False,False,True,False,True,False,False,True,False,False,False,False,0
0,0,1,1,-1.2809090291391125,1,0,-1.4805666032795584,-0.9974703079074324,False,False,False,True,True,False,True,False,True,False,True,False,True,False,True,False,False,False,False,False,True,0
0,0,1,1,1.6071133660414583,1,1,1.5949809607344452,2.615238801757416,False,True,True,False,False,True,False,True,False,True,False,True,False,True,False,True,False,True,False,False,False,0
1,1,0,0,1.6071133660414583,1,0,1.6181178043111224,2.438432968524908,False,True,True,False,False,True,False,True,False,True,False,True,False,True,False,True,False,True,False,False,False,0
0,0,1,0,-1.0368507985604727,1,1,0.34063351254173796,-0.7881088438475327,False,False,True,False,False,False,False,False,False,True,False,False,False,False,False,False,False,False,False,False,False,1
1,0,0,0,-0.670763452692513,1,1,0.1687598174007081,-0.4769973131086314,False,False,True,False,False,False,False,False,False,False,False,False,False,False,False,False,False,False,True,False,False,0
0,0,1,1,1.2817023919366053,1,1,1.3074230477100304,1.9448518467966087,False,True,True,False,False,True,False,False,False,False,False,True,False,True,False,True,True,False,False,False,False,0
0,0,0,0,1.6071133660414583,1,1,1.5454020102129942,2.5117325311227905,False,True,True,False,False,False,False,True,False,True,False,True,False,True,False,True,False,True,False,False,False,0
1,0,0,0,-1.2809090291391125,1,1,0.7190861681888128,-0.968251464595728,False,True,True,False,False,False,False,False,False,False,False,False,False,False,False,True,False,False,False,True,False,1
1,0,0,0,-1.2402326573760059,1,1,-0.6030191790498775,-0.9676806983101499,False,False,False,False,False,False,False,False,False,False,False,False,False,False,False,False,False,False,False,False,False,0
1,0,1,0,1.525760622515245,1,1,0.3290650907533992,1.3276339665923365,False,True,False,False,False,True,False,False,False,True,False,True,False,False,False,True,False,True,True,False,False,0
1,1,0,0,-0.46738159387697986,1,1,1.0562230317346788,-0.11486805745883502,False,False,True,False,False,False,False,False,False,True,False,False,False,True,False,True,False,False,False,False,False,1
1,0,0,0,0.8342623025424323,1,0,0.6810756394557007,0.9770297994013265,False,True,True,False,False,False,False,False,False,False,False,False,False,True,False,False,False,False,False,False,False,1
0,1,1,0,-0.26399973506144675,1,1,1.0991914555199362,0.09605203761168166,False,True,True,False,False,False,False,False,False,True,False,False,False,True,False,True,False,False,False,False,False,0
0,0,0,0,-1.2809090291391125,1,1,-1.5070087102243321,-0.9978215486985574,False,False,False,True,True,False,True,False,True,False,True,False,True,False,True,False,False,False,False,False,False,0
0,0,1,1,0.6715568154900058,1,1,1.009949344581325,1.0194860300285515,False,True,True,False,False,False,False,False,False,False,False,False,False,True,False,True,False,False,False,False,False,0
0,0,0,0,-0.14197061977212685,1,0,-1.4822192349636067,-0.7431500225835425,False,False,False,True,True,False,True,False,True,False,True,False,True,False,True,False,True,False,False,False,True,0
1,0,0,0,0.10208761080651294,1,0,1.0132546079494216,0.49449081004401707,False,True,True,False,False,False,False,False,False,True,False,True,False,True,False,False,False,False,False,True,False,0
0,0,1,1,0.5495277002006859,1,1,-1.5070087102243321,-0.626845415622302,False,False,False,True,True,False,True,False,True,False,True,False,True,False,True,False,False,True,False,False,True,0
1,0,1,0,0.3054694696220461,0,1,-0.7434928721939883,-0.2526642103270316,True,False,False,False,False,True,False,True,False,True,False,False,False,False,False,False,True,False,False,True,False,1
1,0,0,0,-0.5894107091662998,1,1,0.11587560351116022,-0.435594804854781,False,False,False,False,False,True,False,False,False,True,False,True,False,True,False,False,False,False,False,True,False,0
1,0,1,0,0.3868222131482594,1,0,0.5158124710508644,0.47591895321328687,False,True,False,False,False,True,False,False,False,False,False,True,False,True,False,True,True,False,True,False,False,0
1,0,1,0,1.6071133660414583,1,1,1.0942335604677915,2.1172452175906105,False,True,True,False,False,True,False,True,False,True,False,False,False,True,False,False,False,True,True,False,False,0
1,0,0,0,-1.1995562856128992,0,1,-0.9715560445926624,-0.9593606820703784,True,False,False,False,False,True,False,True,False,False,False,False,False,False,False,False,False,False,False,False,True,1
0,0,1,0,-0.26399973506144675,1,0,0.695949324612136,-0.04191973565207747,False,False,True,False,False,False,False,False,False,False,False,True,False,False,False,True,False,False,True,False,False,0
0,1,0,0,-0.14197061977212685,1,0,1.1173704040444685,0.2506199382560935,False,True,True,False,False,False,False,False,False,False,False,True,False,True,False,True,False,False,False,True,False,1
0,1,0,0,-1.2809090291391125,1,1,0.1571913956123693,-0.9757153314071326,False,False,True,False,False,False,False,False,False,False,False,False,False,False,False,False,False,False,False,True,False,1
0,0,0,0,-0.26399973506144675,1,1,0.15388613224427275,-0.21595954765447714,False,True,False,False,False,True,False,True,False,False,False,False,False,True,False,False,False,False,False,False,False,0
1,0,0,0,-0.670763452692513,1,1,0.32080193233315735,-0.49236409772034684,False,False,True,False,False,False,False,False,False,False,False,True,False,False,False,False,False,False,True,False,False,0
0,0,1,1,-1.1588799138497925,1,0,-1.470650813175268,-0.972751737232016,False,False,False,True,True,False,True,False,True,False,True,False,True,False,True,False,False,False,False,False,True,1
1,1,0,0,1.4444078789890318,1,1,-1.4822192349636067,-0.3933580997220089,False,False,False,True,True,False,True,False,True,False,True,False,True,False,True,False,False,True,True,False,False,0
0,0,0,0,-1.2809090291391125,1,0,-1.4689981814912199,-0.9973166400613154,False,False,False,True,True,False,True,False,True,False,True,False,True,False,True,False,False,False,False,False,True,0
1,0,0,0,-1.2809090291391125,1,0,0.18363350255714347,-0.9753640906160076,False,False,True,False,False,False,False,False,False,False,False,False,False,False,False,False,False,False,False,True,False,1
1,0,1,1,-0.2233233632983401,1,0,1.1867809347744998,0.22023760982378768,False,True,True,False,False,True,False,True,False,False,False,True,False,True,False,False,False,False,False,True,False,0
0,0,1,1,0.5088513284375793,1,1,1.3322125229707558,1.0708330431811264,False,True,True,False,False,True,False,True,False,False,False,False,False,True,False,True,False,False,False,True,False,0
1,0,1,1,1.200349648410392,1,0,1.6759599132528151,2.1369147018936063,False,True,True,False,False,True,False,True,False,True,False,True,False,True,False,True,False,True,False,False,False,0
1,1,1,0,-1.2809090291391125,1,1,0.7009072196642808,-0.9684929426396263,False,True,True,False,False,False,False,False,False,False,False,False,False,True,False,False,False,False,False,True,False,1
0,0,1,1,1.3223787636997117,1,0,1.4693809527467696,2.2152853034133546,False,True,True,False,False,True,False,False,False,True,False,True,False,True,False,True,False,True,False,True,False,0
0,0,0,0,-0.9148216832711529,1,1,1.1124125089923234,-0.5416475712250627,False,True,True,False,False,False,False,False,False,False,False,True,False,True,False,True,False,False,False,True,False,1
1,0,0,0,-1.1995562856128992,1,1,1.424759897277464,-0.8663916351695001,False,False,True,False,False,False,False,True,False,True,False,True,False,True,False,True,False,False,False,True,False,0
1,0,0,1,-0.8334689397449395,1,0,-1.4475139695985912,-0.9027450570509296,False,False,False,True,True,False,True,False,True,False,True,False,True,False,True,False,False,False,True,False,False,0
0,0,1,1,-0.5487343374031931,1,1,-0.5038612780069757,-0.5835110830172645,False,False,False,False,False,False,False,False,False,True,False,False,False,False,False,False,False,False,False,False,False,0
1,0,1,1,0.5902040719637925,1,1,1.4049283170688833,1.2412067794261596,False,True,True,False,False,False,False,False,False,True,False,True,False,True,False,True,False,False,False,False,False,1
1,0,0,0,1.0783205331210721,1,1,-1.4756087082274132,-0.4827927861621927,False,False,False,True,True,False,True,False,True,False,True,False,True,False,True,False,False,True,False,False,False,0
1,0,0,0,1.5664369942783516,1,1,1.4280651606455605,2.300724625854492,False,True,True,False,False,True,False,False,False,True,False,True,False,True,False,True,False,True,False,True,False,1
1,0,1,1,0.8342623025424323,1,0,0.6893387978759424,1.0204299896547,False,True,False,False,False,True,False,False,False,True,False,True,False,True,False,True,False,False,False,True,False,0
1,0,1,0,0.752909559016219,1,1,0.6281914255661528,0.8847632340826982,False,False,False,False,False,True,False,True,False,True,False,True,False,True,False,True,False,True,True,False,False,0
0,0,0,1,0.10208761080651294,1,0,-0.4856823294824438,-0.27949022574919774,False,True,False,False,False,False,False,False,False,False,False,False,False,False,False,False,False,False,False,False,True,0
0,0,0,0,-0.9554980550342594,1,0,-1.4772613399114616,-0.9017132872270002,False,False,False,True,True,False,True,False,True,False,True,False,True,False,True,False,False,False,False,False,False,0
1,0,0,0,-0.9554980550342594,1,1,0.2960124570724319,-0.6970496687483961,False,False,True,False,False,False,False,False,False,True,False,False,False,False,False,False,False,False,False,True,False,0
1,0,0,0,1.0376441613579654,1,0,0.5224229977870579,1.104398491283002,False,True,True,False,False,False,False,False,False,False,False,True,False,False,False,False,False,False,False,False,False,0
1,1,1,0,-0.8741453115080462,1,0,-1.483871866647655,-0.9119870803674042,False,False,False,True,True,False,True,False,True,False,True,False,True,False,True,False,False,False,False,False,True,1
1,0,0,1,0.8342623025424323,1,0,1.0281282931058568,1.2051826457864097,False,False,True,False,False,True,False,True,False,True,False,False,False,False,False,True,True,False,False,True,False,0
0,0,0,0,-1.2809090291391125,1,1,0.33898088085768924,-0.9733005509681487,False,True,True,False,False,False,False,False,False,False,False,False,False,False,False,False,False,False,False,True,False,1
0,0,1,1,-1.0368507985604727,1,1,0.13735981540378914,-0.783718333958471,False,False,True,False,False,False,False,False,False,False,False,False,False,False,False,False,False,False,False,True,False,1
0,0,1,0,0.06141123904340631,1,0,-0.07252440847035302,-0.0074761855723895106,False,True,False,False,False,True,False,True,False,False,False,True,False,False,False,False,False,False,False,True,False,1
0,0,1,1,-0.3860288503507666,1,1,0.046465072781129164,-0.33285687345074083,False,False,False,False,False,True,False,True,False,True,False,True,False,False,False,False,True,False,False,False,True,0
1,0,0,0,-0.46738159387697986,0,1,-0.7038297117768277,-0.5621732049564254,True,False,False,False,False,True,False,False,False,False,False,True,False,True,False,False,False,False,False,False,True,0
1,0,0,0,-0.42670522211387324,1,0,-0.19316652140588347,-0.45539600445444856,False,True,False,False,False,True,False,True,False,False,False,False,False,False,False,False,False,False,False,True,False,1
1,1,1,0,0.3054694696220461,1,0,-0.2989349491849788,-0.003788157265577771,False,False,False,False,False,False,False,False,False,False,False,False,False,False,False,True,True,False,False,True,False,0
1,0,1,1,1.0376441613579654,1,1,1.3289072596026588,1.6301620504981225,False,True,True,False,False,False,False,False,False,True,False,True,False,True,False,True,True,False,False,False,False,0
1,0,0,0,0.6715568154900058,1,1,0.3224545640172056,0.6271500663420118,False,True,True,False,False,False,False,False,False,False,False,False,False,False,False,False,False,False,False,False,False,0
0,0,0,0,-1.2402326573760059,1,1,-0.5104718047431692,-0.95949239736705,False,True,False,False,False,False,False,False,False,False,False,False,False,False,False,False,False,False,False,True,False,1
0,0,1,1,0.1834403543327262,1,1,1.0016861861610833,0.5448280059221078,False,True,True,False,False,False,False,True,False,True,False,False,False,False,False,True,False,False,False,True,False,0
0,0,0,0,-1.2809090291391125,0,1,-1.320261329926867,-0.9953409106112376,True,False,False,False,False,False,False,False,False,False,False,False,False,False,False,False,False,False,False,False,True,0
1,0,1,1,0.10208761080651294,1,1,1.4908651646393987,0.6543931802036388,False,True,True,False,False,False,False,True,False,True,False,True,False,True,False,True,False,False,False,True,False,0
1,0,1,0,-0.34535247858766,0,0,-1.1814402684668046,-0.7042061998675665,True,False,False,False,False,False,False,False,False,True,False,False,False,False,False,False,False,False,False,True,False,0
1,0,0,0,-0.26399973506144675,0,1,-0.6674718147277637,-0.4984888590155877,True,False,False,False,False,True,False,True,False,False,False,False,False,False,False,True,False,False,False,False,False,0
0,0,0,0,-1.2809090291391125,1,0,-1.4524718646507362,-0.9970971145668622,False,False,False,True,True,False,True,False,True,False,True,False,True,False,True,False,False,False,False,False,True,0
0,0,1,1,-0.5080579656400865,1,0,-1.4921350250678969,-0.8325847090237262,False,False,False,True,True,False,True,False,True,False,True,False,True,False,True,False,True,False,False,False,False,0
1,0,0,1,-0.8334689397449395,1,1,0.1654545540326111,-0.6385680770260963,False,False,False,False,False,True,False,False,False,False,False,False,False,True,False,True,False,False,False,False,True,0
0,0,1,1,0.7122331872531124,1,0,1.2628019922407243,1.2563759910928674,False,False,True,False,False,False,False,False,False,True,False,True,False,True,False,True,True,False,False,False,True,0
0,0,0,0,-0.30467610682455337,1,1,0.37368614622270524,-0.13126661189447986,False,False,False,False,False,True,False,False,False,False,False,True,False,True,False,True,False,False,True,False,False,0
0,0,1,1,-0.8334689397449395,0,0,-1.1781350050987078,-0.8705626195641085,True,False,False,False,False,False,False,True,False,False,False,False,False,False,False,False,False,False,False,False,True,1
0,0,1,0,0.6308804437268991,1,1,1.3305598912867072,1.225664374418882,False,True,True,False,False,False,False,True,False,False,False,True,False,True,False,True,False,False,True,False,False,0
0,0,1,1,-0.6300870809294065,1,0,0.7736230137624089,-0.364973453289226,False,True,True,False,False,False,False,False,False,True,False,False,False,True,False,False,False,False,False,True,False,1
1,0,0,0,-1.2809090291391125,1,1,0.35220193433007635,-0.9731249305725862,False,False,False,False,False,False,False,False,False,True,False,True,False,True,False,True,False,False,False,True,False,0
1,0,1,1,-0.8334689397449395,1,1,-1.3500087002397376,-0.8878831810764563,False,True,False,True,True,False,True,False,True,False,True,False,True,False,True,False,False,True,False,False,False,0
0,0,0,0,0.6715568154900058,1,1,-0.16837704614515803,0.28203403651232895,False,True,False,False,False,True,False,True,False,False,False,False,False,False,False,False,False,False,True,False,False,1
0,1,0,0,1.2817023919366053,1,0,0.32410719570125435,1.1316196525951838,False,True,False,False,False,False,False,True,False,True,False,True,False,False,False,True,False,False,True,False,False,0
0,0,1,0,-1.118203542086686,1,0,0.1026545500387736,-0.852473718821175,False,True,False,False,False,False,False,False,False,True,False,True,False,True,False,False,False,False,False,False,False,1
1,0,0,0,1.3630551354628184,1,0,-1.3136508031906735,-0.26089641636902206,False,True,False,True,True,False,True,False,True,False,True,False,True,False,True,False,False,True,False,False,True,0
0,1,1,0,-0.26399973506144675,1,1,0.9587177623758254,0.03934860239445193,False,True,True,False,False,False,False,True,False,True,False,False,False,False,False,True,False,False,False,True,False,1
0,0,0,0,-1.0368507985604727,1,0,-1.4822192349636067,-0.9458598641615141,False,False,False,True,True,False,True,False,True,False,True,False,True,False,True,False,False,False,False,False,False,1
0,1,0,0,-0.9961744267973661,1,1,0.30427561549267373,-0.7427768292429722,False,False,True,False,False,False,False,False,False,True,False,False,False,False,False,False,False,False,False,False,False,0
1,0,0,0,-0.30467610682455337,1,1,-1.4772613399114616,-0.7707882823351849,False,False,False,True,True,False,True,False,True,False,True,False,True,False,True,False,False,False,False,False,True,0
0,1,0,0,0.427498584911366,1,1,1.4313704240136575,1.013668604425545,False,False,True,False,False,True,False,True,False,False,False,True,False,True,False,True,False,False,True,False,False,1
1,0,1,1,-0.7114398244556197,1,0,1.2247914635076123,-0.2742655189812145,False,False,True,False,False,True,False,False,False,False,False,True,False,True,False,True,True,False,False,True,False,0
0,0,0,0,-0.9148216832711529,0,0,-0.9451139376478886,-0.8420682103840991,True,False,False,False,False,False,False,True,False,False,False,True,False,False,False,False,False,False,False,True,False,0
0,0,0,0,0.02073486728029968,1,0,-1.2938192229820933,-0.6435732582996265,False,True,False,True,True,False,True,False,True,False,True,False,True,False,True,False,False,True,True,False,False,0
0,0,1,1,1.1189969048841788,1,1,-1.5070087102243321,-0.5218902767242858,False,False,False,True,True,False,True,False,True,False,True,False,True,False,True,False,False,True,True,False,False,0
0,0,1,1,1.4850842507521385,1,0,-0.1898612580377867,0.8090708435952769,False,False,False,False,False,False,False,True,False,True,False,True,False,False,False,False,True,False,False,False,False,0
1,0,1,1,1.0376441613579654,1,1,0.34228614422578624,0.8819972128525894,False,False,False,False,False,False,False,True,False,False,False,True,False,True,False,True,True,False,True,False,False,0
1,1,1,0,0.427498584911366,1,1,1.1801704080383062,0.883402176017089,False,False,True,False,False,False,False,True,False,True,False,False,False,True,False,True,True,False,False,False,False,0
0,0,1,1,-0.9961744267973661,1,1,-1.4904823933838485,-0.9426108868436085,False,False,False,True,True,False,True,False,True,False,True,False,True,False,True,False,True,False,False,False,True,1
1,0,1,1,1.1189969048841788,1,1,-1.4508192329666876,-0.4484370462802861,False,False,False,True,True,False,True,False,True,False,True,False,True,False,True,False,False,True,False,False,False,0
1,0,1,1,-0.01994150448280695,1,1,1.1471177743573389,0.4007314713631078,False,True,True,False,False,True,False,False,False,False,False,False,False,True,False,True,False,False,True,False,False,1
0,0,1,1,-1.2809090291391125,1,1,-1.465692918123123,-0.9972727349624247,False,False,False,True,True,False,True,False,True,False,True,False,True,False,True,False,False,False,False,False,True,1
0,0,1,0,0.22411672609583283,1,1,-1.4739560765433648,-0.6485564870237114,False,False,False,True,True,False,True,False,True,False,True,False,True,False,True,False,True,False,True,False,False,0
0,0,0,0,1.5664369942783516,1,0,1.5354862201087043,2.4999440120706597,False,True,True,False,False,True,False,True,False,True,False,True,False,True,False,True,False,True,False,False,True,0
1,0,0,0,-1.2402326573760059,1,1,1.0248230297377598,-0.9194728997282542,False,False,True,False,False,False,False,False,False,True,False,False,False,True,False,True,False,False,False,True,False,1
0,1,0,0,-1.2809090291391125,1,1,0.18859139760928828,-0.9752982329676716,False,False,True,False,False,False,False,False,False,False,False,False,False,False,False,False,False,False,False,True,False,1
0,0,0,0,0.5495277002006859,1,0,-0.30389284423712387,0.17426897128531316,False,False,False,False,False,False,False,False,False,False,False,False,False,False,False,True,True,False,True,False,False,0
0,0,0,0,0.874938674305539,1,1,1.069444085207066,1.2458168148096744,False,True,True,False,False,False,False,True,False,False,False,False,False,True,False,True,False,True,False,False,False,0
0,1,1,0,-0.7521161962187263,1,1,1.1686019862499677,-0.40486123563135024,False,True,True,False,False,False,False,True,False,False,False,False,False,True,False,True,False,False,False,True,False,1
1,0,0,0,1.3223787636997117,1,0,-1.292166591298045,-0.2797536563425414,False,True,False,True,True,False,True,False,True,False,True,False,True,False,True,False,False,True,False,False,True,0
1,0,0,0,-1.2809090291391125,1,0,-1.4689981814912199,-0.9973166400613154,False,False,False,True,True,False,True,False,True,False,True,False,True,False,True,False,False,False,False,False,True,0
0,0,1,1,-0.9148216832711529,1,0,0.18032823918904647,-0.7094089540861044,False,True,False,False,False,True,False,True,False,False,False,False,False,True,False,False,True,False,False,True,False,0
1,0,0,0,-0.9148216832711529,1,1,1.0000335544770345,-0.6264502697322866,False,False,True,False,False,False,False,False,False,False,False,True,False,True,False,True,False,False,True,False,False,0
0,0,1,1,-0.7521161962187263,1,0,-0.1782928362494481,-0.66344031554763,False,False,False,False,False,True,False,True,False,False,False,True,False,False,False,False,False,False,False,False,False,0
0,0,0,0,-0.14197061977212685,0,1,-1.1318613179453536,-0.6302919658852154,True,False,False,False,False,False,False,True,False,False,False,False,False,False,False,False,False,False,False,True,False,1
0,0,0,0,0.5495277002006859,1,1,-1.4458613379145426,-0.5948385985310434,False,False,False,True,True,False,True,False,True,False,True,False,True,False,True,False,False,True,False,True,False,0
1,0,0,0,-1.1588799138497925,1,1,0.5339914195753963,-0.8566227506663381,False,False,True,False,False,False,False,False,False,False,False,False,False,True,False,False,False,False,False,True,False,1
1,0,0,0,-1.1995562856128992,1,0,0.6430651107225881,-0.9030743452926092,False,False,True,False,False,False,False,True,False,False,False,False,False,False,False,True,False,False,False,True,False,0
0,0,0,0,-0.670763452692513,1,1,-0.36173495317881654,-0.640038897838932,False,False,False,False,False,False,False,True,False,False,False,True,False,False,False,False,False,False,False,False,True,1
1,0,1,0,-0.14197061977212685,1,1,0.3455914075938828,-0.01252527194481029,False,False,True,False,False,False,False,False,False,True,False,False,False,False,False,False,False,False,True,False,False,0
1,0,0,0,1.0376441613579654,1,1,-1.510313973592429,-0.5516359812226778,False,False,False,True,True,False,True,False,True,False,True,False,True,False,True,False,False,True,False,False,False,0
0,1,0,0,-1.1995562856128992,1,1,0.7273493266090546,-0.9092649642361861,False,False,True,False,False,False,False,False,False,True,False,False,False,True,False,False,False,False,False,True,False,1
0,0,0,0,0.5495277002006859,1,1,1.198349356562838,1.0460266623079286,False,True,True,False,False,False,False,False,False,True,False,False,False,True,False,True,True,False,False,True,False,0
1,1,1,0,-1.1588799138497925,1,0,0.3340229858055444,-0.8707382399596709,False,True,True,False,False,False,False,False,False,False,False,False,False,False,False,False,False,False,False,True,False,1
0,1,0,0,-1.2809090291391125,1,1,0.3174966689650608,-0.9735859341109377,False,True,True,False,False,False,False,False,False,False,False,False,False,False,False,False,False,False,False,False,True,1
1,0,1,0,1.200349648410392,1,1,-1.3582718586599793,-0.3710543094855763,False,True,False,True,True,False,True,False,True,False,True,False,True,False,True,False,True,False,True,False,False,0
0,1,0,0,-0.670763452692513,1,0,-0.1799454679334966,-0.556728972693989,False,False,False,False,False,False,False,False,False,False,False,True,False,True,False,False,False,False,False,True,False,1
1,0,1,0,-0.7521161962187263,1,1,0.6711598493514106,-0.5061063936731095,False,True,True,False,False,False,False,False,False,False,False,False,False,False,False,True,False,False,False,True,False,1
1,1,1,1,1.6071133660414583,1,1,1.6825704399890087,2.6813818332361286,False,True,True,False,False,True,False,True,False,True,False,True,False,True,False,True,False,True,True,False,False,0
1,0,1,1,0.06141123904340631,1,0,-1.4954402884359934,-0.7082454689655031,False,False,False,True,True,False,True,False,True,False,True,False,True,False,True,False,True,False,True,False,False,0
0,0,1,1,-0.42670522211387324,1,0,-1.3086929081385286,-0.7624243609965226,False,True,False,True,True,False,True,False,True,False,True,False,True,False,True,False,False,True,True,False,False,0
1,0,1,0,-0.7114398244556197,1,1,1.2760230457131114,-0.3302225675173039,False,True,True,False,False,False,False,False,False,True,False,True,False,True,False,True,False,False,False,True,False,0
1,1,0,0,0.1834403543327262,1,1,1.198349356562838,0.6375555747790878,False,True,True,False,False,False,False,False,False,True,False,False,False,True,False,True,False,False,False,True,False,1
1,1,1,1,-0.01994150448280695,1,1,0.9620230257439224,0.2500491719705154,False,False,True,False,False,False,False,True,False,False,False,False,False,True,False,True,False,False,False,False,True,0
1,1,1,0,1.4850842507521385,1,1,1.4908651646393987,2.3455517318218106,False,True,True,False,False,False,False,True,False,True,False,True,False,True,False,True,False,True,False,True,False,0
1,0,1,0,0.4681749566744726,0,0,-0.3485138997064297,0.04325615619571655,True,False,False,False,False,False,False,True,False,True,False,False,False,True,False,True,False,True,False,False,False,0
0,1,0,0,0.22411672609583283,1,0,-1.4756087082274132,-0.6831756574989616,False,False,False,True,True,False,True,False,True,False,True,False,True,False,True,False,False,True,False,False,True,0
1,0,0,0,1.2817023919366053,1,0,0.7174335365047645,1.466703367328361,False,True,False,False,False,False,False,True,False,True,False,True,False,True,False,True,False,True,True,False,False,0
0,0,0,0,-0.18264699153523348,1,0,-0.290671790764737,-0.3377522919770444,False,False,False,False,False,True,False,True,False,False,False,False,False,False,False,False,False,False,False,True,False,0
0,0,0,0,-1.2809090291391125,1,1,-0.48733496116649205,-0.9842768256908027,False,True,False,False,False,False,False,False,False,False,False,False,False,False,False,False,False,False,False,False,True,1
0,0,0,1,0.3054694696220461,1,1,-0.024598089632950633,0.0739458203202568,False,False,False,False,False,True,False,False,False,False,False,True,False,True,False,False,False,False,True,False,False,0
1,0,0,0,-1.0775271703235794,1,0,-1.4772613399114616,-0.9489771261827478,False,False,False,True,True,False,True,False,True,False,True,False,True,False,True,False,False,False,False,False,False,0
1,0,0,0,-0.26399973506144675,1,0,-1.4524718646507362,-0.778713152684941,False,False,False,True,True,False,True,False,True,False,True,False,True,False,True,False,False,False,False,False,True,0
1,0,1,1,-0.34535247858766,1,0,-1.4739560765433648,-0.8132006078635194,False,False,False,True,True,False,True,False,True,False,True,False,True,False,True,False,True,False,False,False,True,0
1,0,1,1,1.0376441613579654,1,0,0.5835703700968472,1.1134868467533594,False,True,True,False,False,False,False,False,False,False,False,False,False,True,False,False,False,True,False,False,False,0
0,0,0,0,-1.2402326573760059,1,1,0.5224229977870579,-0.9429840801841787,False,False,True,False,False,False,False,False,False,False,False,False,False,True,False,False,False,False,False,True,False,1
1,0,1,1,1.4850842507521385,1,0,1.0215177663696633,1.852497471280199,False,True,True,False,False,False,False,True,False,True,False,False,False,True,False,False,True,False,True,False,False,0
1,0,1,0,-1.1588799138497925,0,1,-0.5385665433719915,-0.9180240314648639,True,False,False,False,False,False,False,True,False,False,False,False,False,True,False,True,False,False,False,True,False,1
1,1,1,0,0.427498584911366,1,1,1.261149360556676,0.9318295000934379,False,True,True,False,False,False,False,True,False,True,False,False,False,True,False,True,False,False,False,True,False,1
1,0,1,0,-0.14197061977212685,1,1,0.6480230057747334,0.07690941449537335,False,True,True,False,False,True,False,True,False,False,False,False,False,False,False,False,False,False,False,True,False,1
1,0,0,0,1.6071133660414583,1,0,1.6048967508387357,2.578182898293737,False,True,True,False,False,True,False,True,False,True,False,True,False,True,False,True,False,True,False,False,False,0
1,0,1,1,0.22411672609583283,1,1,0.9934230277408413,0.5814448583968811,False,True,True,False,False,False,False,False,False,True,False,True,False,True,False,False,False,True,False,False,False,0
1,0,0,0,-0.5894107091662998,1,1,0.5670440532563635,-0.38042804809872266,False,True,False,False,False,False,False,False,False,True,False,True,False,True,False,True,True,False,True,False,False,1
0,0,0,0,-1.2809090291391125,0,0,-0.9566823594362273,-0.9905113497332699,True,False,False,False,False,False,False,False,False,True,False,True,False,False,False,False,False,False,False,False,True,0
0,0,1,0,1.5664369942783516,1,1,-1.341745541819496,-0.2454198690100801,False,True,False,True,True,False,True,False,True,False,True,False,True,False,True,False,False,True,True,False,False,0
0,0,1,0,0.06141123904340631,1,0,-0.4840296977983953,-0.20926402007365827,False,False,False,False,False,False,False,False,False,False,False,True,False,False,False,False,False,False,False,False,False,0
0,0,1,0,-0.26399973506144675,0,0,-0.9732086762767109,-0.5766179824914379,True,False,False,False,False,True,False,False,False,True,False,False,False,False,False,False,True,False,True,False,False,0
1,0,1,0,0.427498584911366,1,1,0.7025598513483291,0.5530821645135435,False,False,True,False,False,True,False,True,False,True,False,False,False,False,False,False,False,False,True,False,False,0
0,0,0,1,-1.2402326573760059,1,0,0.5191177344189609,-0.9236877892217533,False,True,True,False,False,True,False,False,False,False,False,False,False,False,False,False,False,False,True,False,False,0
1,0,0,1,0.9562914178317522,1,1,-1.4425560745464459,-0.46244277282639235,False,False,False,True,True,False,True,False,True,False,True,False,True,False,True,False,True,False,False,False,True,0
0,1,1,0,0.874938674305539,1,1,1.6776125449368633,1.8172855819699254,False,True,True,False,False,True,False,True,False,True,False,True,False,True,False,True,True,False,False,False,False,0
1,1,1,0,1.5664369942783516,0,1,-0.4146191670683642,0.646775645546117,True,False,False,False,False,False,False,True,False,True,False,False,False,True,False,True,False,False,False,False,False,0
0,0,1,0,0.752909559016219,1,0,0.14231771045593442,0.5960872088769014,False,False,True,False,False,False,False,False,False,False,False,False,False,False,False,False,False,False,False,False,True,0
1,0,1,0,-0.7521161962187263,1,0,-0.5303033849517497,-0.7145678032057518,False,False,False,False,False,False,False,False,False,False,False,True,False,False,False,False,False,False,False,False,False,0
1,1,0,1,-1.2809090291391125,1,1,-0.4856823294824438,-0.9842548731413573,False,False,False,False,False,False,False,False,False,True,False,False,False,False,False,False,False,False,False,False,True,1
0,0,0,0,1.6071133660414583,1,1,-1.4442087062304945,-0.38308430658160486,False,False,False,True,True,False,True,False,True,False,True,False,True,False,True,False,False,True,False,False,False,0
1,1,1,1,1.6071133660414583,1,1,1.2975072576057398,2.2636467698413676,False,False,True,False,False,True,False,False,False,True,False,True,False,True,False,True,False,True,True,False,False,0
0,0,1,0,0.3868222131482594,1,1,-0.482377066114347,-0.03875856853195304,False,True,False,False,False,False,False,False,False,False,False,False,False,False,False,False,False,False,False,True,False,1
0,0,1,1,0.9562914178317522,1,1,1.4792967428510597,1.607397256723338,False,True,True,False,False,True,False,False,False,True,False,True,False,True,False,True,False,False,False,False,True,0
1,0,0,0,-1.1995562856128992,0,0,-1.3252192249790122,-0.976878816527734,True,False,False,False,False,False,False,False,False,False,False,False,False,False,False,False,False,False,False,True,False,1
1,0,0,1,-1.2809090291391125,1,0,-1.4574297597028811,-0.9971629722151982,False,False,False,True,True,False,True,False,True,False,True,False,True,False,True,False,False,False,False,False,True,0
1,0,0,0,-0.9148216832711529,1,0,-1.4904823933838485,-0.9148409117952943,False,False,False,True,True,False,True,False,True,False,True,False,True,False,True,False,False,False,True,False,False,0
1,0,0,0,-1.2809090291391125,1,0,0.30262298380862546,-0.9737835070559455,False,False,True,False,False,False,False,False,False,False,False,True,False,False,False,False,False,False,False,True,False,0
0,0,1,1,-0.9961744267973661,1,0,-1.4987455518040902,-0.935081162383868,False,False,False,True,True,False,True,False,True,False,True,False,True,False,True,False,False,True,False,False,True,0
1,0,1,0,0.02073486728029968,1,1,-0.1254086223599007,-0.1200927642268182,False,False,False,False,False,True,False,True,False,False,False,True,False,False,False,False,False,True,False,False,True,0
0,0,1,1,1.0376441613579654,1,0,1.1372019842530487,1.5607041840531684,False,False,True,False,False,True,False,True,False,False,False,False,False,True,False,True,True,False,True,False,False,0
1,1,1,0,-0.34535247858766,1,1,0.9355809187991487,-0.026728571435924355,False,False,True,False,False,False,False,False,False,True,False,False,False,True,False,True,False,False,False,True,False,1
1,0,1,0,-0.42670522211387324,1,1,0.6695072176673619,-0.1836234423215388,False,True,True,False,False,False,False,False,False,False,False,False,False,False,False,True,False,False,False,True,False,1
1,0,1,0,1.200349648410392,0,1,-0.8674402484976156,0.023542766793830362,True,False,False,False,False,True,False,True,False,False,False,True,False,False,False,False,False,True,True,False,False,0
0,0,0,0,0.10208761080651294,1,0,-1.3731455438164148,-0.6563057369779051,False,True,False,True,True,False,True,False,True,False,True,False,True,False,True,False,False,True,False,False,False,0
1,0,1,0,1.403731507225925,1,1,0.8512967029126818,1.6526853662290077,False,False,True,False,False,True,False,True,False,False,False,False,False,False,False,True,True,False,True,False,False,1
0,0,0,0,-0.42670522211387324,1,1,0.6430651107225881,-0.19154831267129488,False,False,True,False,False,False,False,True,False,False,False,False,False,False,False,True,False,False,False,False,True,1
0,0,0,0,-0.9148216832711529,1,1,-1.4425560745464459,-0.9085185775550455,False,False,False,True,True,False,True,False,True,False,True,False,True,False,True,False,False,False,False,True,False,0
0,0,0,0,0.10208761080651294,1,1,1.1372019842530487,0.5444548125815376,False,False,True,False,False,False,False,False,False,True,False,True,False,True,False,True,True,False,False,True,False,0
0,0,0,0,-0.5487343374031931,1,1,-0.2890191590806885,-0.5523384628049275,False,True,False,False,False,False,False,False,False,True,False,False,False,False,False,False,False,False,False,False,True,0
1,0,1,1,1.3630551354628184,0,0,-0.47246127601005694,0.470935724489202,True,False,False,False,False,False,False,False,False,False,False,True,False,True,False,True,False,True,False,False,False,0
1,1,1,0,-1.1995562856128992,1,1,0.9835072376365508,-0.8835365762862853,False,True,True,False,False,False,False,False,False,False,False,False,False,True,False,True,False,False,False,True,False,1
0,1,0,0,-0.2233233632983401,1,1,0.7141282731366679,0.04791009667812195,False,True,True,False,False,False,False,True,False,True,False,False,False,False,False,False,False,False,False,False,False,0
1,0,0,0,-1.2402326573760059,1,0,-0.6674718147277637,-0.9733883611659299,False,False,False,False,False,False,False,False,False,False,False,False,False,False,False,False,False,False,False,False,True,1
1,0,1,0,-1.1995562856128992,1,1,0.18032823918904647,-0.9145774812019506,False,False,True,False,False,False,False,False,False,False,False,False,False,False,False,False,False,False,False,True,False,1
1,1,1,0,0.4681749566744726,1,1,-1.5037034468562354,-0.6342873298842614,False,False,False,True,True,False,True,False,True,False,True,False,True,False,True,False,False,True,True,False,False,0
1,0,0,0,-0.26399973506144675,1,1,1.1173704040444685,0.10759907861991361,False,False,True,False,False,False,False,False,False,True,False,True,False,True,False,True,False,False,False,True,False,0
0,0,1,1,1.6071133660414583,1,1,-1.47891397159551,-0.42398190619821324,False,False,False,True,True,False,True,False,True,False,True,False,True,False,True,False,False,True,True,False,False,0
1,0,1,1,0.3461458413851527,1,0,-1.4987455518040902,-0.6558227808901083,False,False,False,True,True,False,True,False,True,False,True,False,True,False,True,False,True,False,False,False,False,0
0,0,1,1,0.5495277002006859,1,0,-1.4739560765433648,-0.6153642322624061,False,False,False,True,True,False,True,False,True,False,True,False,True,False,True,False,False,True,False,False,False,0
1,1,1,0,1.6071133660414583,1,1,1.6924862300932986,2.6839063764223385,False,True,True,False,False,True,False,True,False,True,False,True,False,True,False,True,False,True,False,False,False,0
1,0,0,0,-0.14197061977212685,0,0,-1.0095665733257748,-0.565136799131542,True,False,False,False,False,False,False,True,False,False,False,True,False,False,False,False,False,False,False,True,False,0
0,0,1,1,1.6071133660414583,1,1,-1.3731455438164148,-0.29362766759197584,False,True,False,True,True,False,True,False,True,False,True,False,True,False,True,False,True,False,False,False,False,0
1,0,1,1,1.525760622515245,1,0,1.1058019822561298,2.0053969781667673,False,True,True,False,False,False,False,True,False,False,False,False,False,True,False,True,False,True,False,False,False,1
1,0,1,0,1.2410260201734986,1,0,1.1520756694094842,1.7730950999365207,False,False,True,False,False,True,False,False,False,True,False,False,False,True,False,True,False,True,True,False,False,0
1,0,0,0,-1.2809090291391125,1,1,-0.632766549362748,-0.9862086500419898,False,False,False,False,False,False,False,False,False,False,False,False,False,False,False,False,False,False,False,False,True,1
0,0,0,0,0.26479309785893945,1,0,-0.1832507313015934,-0.03634378809296918,False,False,False,False,False,False,False,False,False,False,False,True,False,False,False,True,True,False,False,True,False,0
1,0,1,1,0.8342623025424323,1,1,1.3355177863388523,1.4420067492023898,False,True,True,False,False,False,False,True,False,True,False,False,False,True,False,True,True,False,False,True,False,0
0,1,1,1,0.9562914178317522,1,1,0.25634929665527106,0.7869646263038521,False,False,False,False,False,True,False,False,False,False,False,True,False,True,False,True,False,True,True,False,False,0
0,0,1,1,0.10208761080651294,1,1,-1.4871771300157517,-0.6816609315872355,False,False,False,True,True,False,True,False,True,False,True,False,True,False,True,False,False,True,False,False,True,0
1,0,1,0,1.2817023919366053,1,1,0.28774929865219007,1.0853656309139201,False,False,True,False,False,True,False,False,False,False,False,False,False,False,False,False,False,False,False,False,True,0
1,0,1,1,1.525760622515245,1,1,0.6976019562961843,1.5980674232090823,False,True,False,False,False,False,False,True,False,True,False,True,False,True,False,True,False,True,True,False,False,0
0,0,0,0,-1.0368507985604727,1,1,1.1752125129861613,-0.6923518231671003,False,False,True,False,False,False,False,False,False,True,False,True,False,True,False,True,False,False,False,True,False,0
1,0,0,0,-1.1588799138497925,1,1,0.6876861661918943,-0.8574789000947051,False,True,True,False,False,False,False,False,False,False,False,False,False,False,False,True,False,False,False,True,False,1
0,0,0,0,-1.2402326573760059,0,1,-0.6476402345191833,-0.9687344206835247,True,False,False,False,False,False,False,False,False,False,False,False,False,True,False,True,False,False,False,True,False,1
1,0,0,0,-0.06061787624591358,1,1,1.2760230457131114,0.3400546246962771,False,True,True,False,False,False,False,True,False,True,False,False,False,True,False,True,True,False,False,True,False,1
1,0,0,0,-0.7521161962187263,1,1,-1.3235665932949638,-0.865030577103891,False,True,False,True,True,False,True,False,True,False,True,False,True,False,True,False,True,False,True,False,False,0
0,0,0,0,1.6071133660414583,1,0,-0.16837704614515803,0.866279187449749,False,True,False,False,False,True,False,True,False,False,False,False,False,False,False,False,False,True,False,False,False,0
1,0,0,1,-0.9961744267973661,1,0,-1.5003981834881386,-0.9363763628011412,False,False,False,True,True,False,True,False,True,False,True,False,True,False,True,False,False,False,False,False,False,0
1,0,1,0,-0.06061787624591358,1,1,0.9570651306917771,0.2844488169513128,False,False,True,False,False,False,False,False,False,True,False,False,False,True,False,True,True,False,False,True,False,0
1,0,0,0,0.874938674305539,1,1,0.49598089084228375,0.8852681427199401,False,True,True,False,False,False,False,True,False,False,False,False,False,False,False,False,False,False,False,False,False,0
1,0,0,0,1.6071133660414583,1,1,1.3256019962345622,2.306059095369702,False,True,True,False,False,False,False,True,False,True,False,False,False,True,False,True,True,False,False,True,False,0
1,0,0,0,-0.9148216832711529,1,0,-1.4822192349636067,-0.9190338487393481,False,False,False,True,True,False,True,False,True,False,True,False,True,False,True,False,False,False,True,False,False,0
1,1,1,1,1.4444078789890318,1,1,1.3983177903326904,2.2338352076946397,False,True,True,False,False,False,False,False,False,True,False,True,False,True,False,True,True,False,True,False,False,0
1,1,0,0,0.9156150460686455,0,1,-0.48898759285054055,0.19824115527958916,True,False,False,False,False,False,False,False,False,True,False,False,False,True,False,True,True,False,False,False,False,0
0,1,0,0,-1.1588799138497925,1,0,0.26130719170741634,-0.8667648285100703,False,False,True,False,False,False,False,True,False,False,False,False,False,False,False,False,False,False,False,True,False,0
0,0,1,0,0.26479309785893945,1,1,1.3173388378143205,0.8091367012436131,False,False,True,False,False,True,False,False,False,True,False,True,False,True,False,True,True,False,True,False,False,1
0,0,0,0,-0.8334689397449395,1,1,1.0297809247899052,-0.5399572249177741,False,False,True,False,False,False,False,False,False,True,False,False,False,True,False,True,False,False,False,True,False,1
1,0,1,0,-0.30467610682455337,1,1,1.0198651346856151,0.020381599673705928,False,False,True,False,False,False,False,False,False,False,False,True,False,True,False,True,False,False,True,False,False,0
0,0,0,0,-1.2402326573760059,1,0,-0.6377244444148933,-0.9692173767713215,False,False,False,False,False,False,False,False,False,False,False,False,False,False,False,False,False,False,False,True,False,0
1,1,1,0,-1.0368507985604727,1,1,1.2264440951916604,-0.6985643946601224,False,True,True,False,False,False,False,False,False,True,False,False,False,True,False,True,False,False,False,True,False,1
0,0,1,1,1.6071133660414583,1,1,1.7040546518816375,2.7446490807375055,False,True,True,False,False,True,False,True,False,True,False,True,False,True,False,True,False,True,True,False,False,0
1,0,1,1,1.6071133660414583,1,0,-1.3252192249790122,-0.19003358675956872,False,True,False,True,True,False,True,False,True,False,True,False,True,False,True,False,False,True,True,False,False,0
0,0,0,0,-1.2809090291391125,1,0,-0.6906086583044406,-0.9869769892725755,False,False,False,False,False,False,False,False,False,False,False,False,False,False,False,False,False,False,False,False,True,1
1,0,1,0,-0.7521161962187263,1,0,0.5653914215723153,-0.4874247740951526,False,False,False,False,False,False,False,True,False,True,False,True,False,True,False,True,False,True,False,False,True,0
0,1,0,0,1.525760622515245,1,1,0.35220193433007635,1.2823458570866664,False,True,False,False,False,False,False,True,False,True,False,True,False,True,False,False,False,True,False,False,False,0
0,0,0,0,-0.8741453115080462,1,0,0.3819493046429471,-0.638041215839409,False,False,True,False,False,True,False,False,False,False,False,False,False,False,False,False,False,False,False,True,False,0
0,0,0,0,-0.7521161962187263,1,1,0.5158124710508644,-0.5356106201276031,False,True,True,False,False,False,False,False,False,True,False,False,False,False,False,False,False,False,False,True,False,1
1,0,0,0,0.26479309785893945,1,1,1.3735283150719648,0.7677780980886532,False,True,True,False,False,True,False,True,False,False,False,False,False,True,False,True,False,False,False,True,False,0
0,0,1,1,-1.2402326573760059,0,0,-1.183092900150853,-0.9866257484814505,True,False,False,False,False,False,False,False,False,False,False,True,False,False,False,False,False,False,False,False,False,0
1,0,1,0,1.5664369942783516,1,1,0.7025598513483291,1.6481850935927198,False,False,False,False,False,True,False,True,False,True,False,True,False,True,False,True,False,True,False,False,False,0
0,0,1,1,-0.7521161962187263,1,0,0.5158124710508644,-0.5070503532992577,False,True,False,False,False,False,False,True,False,False,False,True,False,True,False,True,False,False,True,False,False,0
0,1,0,0,0.10208761080651294,0,1,-0.8261244563964065,-0.3764107315502314,True,False,False,False,False,False,False,False,False,True,False,False,False,True,False,False,False,False,False,True,False,0
0,1,0,0,-1.2809090291391125,1,1,0.1654545540326111,-0.9756055686599061,False,False,True,False,False,False,False,False,False,False,False,False,False,False,False,False,False,False,False,True,False,1
1,0,1,0,1.3630551354628184,1,1,0.695949324612136,1.4503487179916066,False,False,False,False,False,True,False,True,False,True,False,True,False,True,False,True,False,True,False,False,False,0
1,0,1,1,1.0783205331210721,1,0,-1.4987455518040902,-0.5023086026190713,False,False,False,True,True,False,True,False,True,False,True,False,True,False,True,False,False,True,False,False,True,0
1,0,1,1,-0.10129424800902022,1,0,0.5686966849404118,0.12217557145159785,False,False,True,False,False,False,False,True,False,True,False,False,False,False,False,False,False,False,False,False,False,0
1,1,1,0,1.2817023919366053,1,0,1.2314019902438054,1.8644396581784464,False,True,True,False,False,False,False,False,False,True,False,True,False,True,False,True,False,True,False,True,False,0
0,0,1,0,1.4444078789890318,1,0,0.8380756494402951,1.7587161800498443,False,True,True,False,False,False,False,True,False,True,False,True,False,False,False,False,False,True,True,False,False,0
0,0,0,0,-1.2809090291391125,1,1,-0.536913911687943,-0.9849354021741619,False,False,False,False,False,True,False,False,False,False,False,False,False,False,False,False,False,False,True,False,False,1
0,0,0,0,0.5902040719637925,1,0,0.35054930264602807,0.5502063805362082,False,False,True,False,False,True,False,False,False,False,False,False,False,False,False,False,False,False,True,False,False,0
0,0,1,1,-0.10129424800902022,1,1,1.4098862121210287,0.4173495512932058,False,True,True,False,False,False,False,True,False,True,False,True,False,True,False,True,False,False,False,True,False,0
0,1,0,0,0.7122331872531124,1,1,1.3256019962345622,1.2866046516790564,False,True,True,False,False,False,False,False,False,True,False,True,False,True,False,True,False,False,False,True,False,0
1,0,0,1,1.3630551354628184,1,0,-1.483871866647655,-0.4490736702142,False,False,False,True,True,False,True,False,True,False,True,False,True,False,True,False,False,True,True,False,False,0
1,0,0,0,-1.0775271703235794,1,1,-0.5071665413750724,-0.8689820360040463,False,False,False,False,False,False,False,False,False,False,False,True,False,False,False,False,False,False,True,False,False,0
1,0,0,1,-1.0368507985604727,1,0,-1.5003981834881386,-0.9462330575020843,False,False,False,True,True,False,True,False,True,False,True,False,True,False,True,False,True,False,False,False,True,0
0,1,1,0,0.10208761080651294,1,0,1.229749358559757,0.5095722115129436,False,True,True,False,False,False,False,False,False,True,False,False,False,True,False,True,False,False,False,False,False,0
0,0,1,1,-0.7521161962187263,1,0,-1.2987771180342385,-0.8427487394169035,False,True,False,True,True,False,True,False,True,False,True,False,True,False,True,False,False,False,False,False,True,0
1,0,1,0,-0.01994150448280695,1,0,0.18693876592524003,-0.03959276541087477,False,False,False,False,False,True,False,True,False,False,False,True,False,False,False,True,True,False,False,False,True,0
1,0,1,1,-1.1588799138497925,1,1,0.6595914275630718,-0.8429902174608019,False,True,True,False,False,False,False,True,False,True,False,False,False,False,False,False,False,False,False,False,False,1
1,0,1,0,1.6071133660414583,1,1,1.1801704080383062,2.209819118601473,False,True,True,False,False,True,False,True,False,False,False,True,False,False,False,True,False,True,False,False,False,0
1,0,1,1,0.06141123904340631,1,0,0.4447493086367846,0.1195851706170517,False,False,True,False,False,False,False,False,False,False,False,False,False,True,False,False,False,False,False,True,False,1
1,0,0,1,-0.792792567981833,1,1,-0.42122969380455755,-0.7118237345250882,False,False,False,False,False,True,False,False,False,False,False,False,False,False,False,False,False,False,True,False,False,0
0,0,1,1,-0.18264699153523348,1,0,-0.4939454879026856,-0.3871016231300962,False,True,False,False,False,False,False,False,False,False,False,False,False,False,False,False,False,False,False,False,True,0
1,0,0,0,-0.6300870809294065,1,0,0.9587177623758254,-0.29253004011971045,False,False,True,False,False,True,False,False,False,False,False,False,False,True,False,True,False,False,False,True,False,1
1,0,1,1,1.6071133660414583,1,1,1.3636125249676743,2.4396184061949544,False,True,True,False,False,True,False,False,False,True,False,False,False,True,False,True,True,False,False,False,False,0
0,1,1,0,1.0783205331210721,1,1,0.965328289112019,1.4014384378274607,False,True,True,False,False,True,False,True,False,True,False,True,False,False,False,False,True,False,False,True,False,0
0,0,1,1,1.6071133660414583,1,0,0.46953878389751,1.5097962218894998,False,True,True,False,False,True,False,False,False,False,False,False,False,False,False,False,False,True,False,False,False,0
1,0,1,1,-1.1995562856128992,1,0,0.8265072276519564,-0.897213014590712,False,False,True,False,False,True,False,True,False,False,False,False,False,True,False,False,False,False,False,True,False,0
0,0,0,0,-0.5894107091662998,1,1,-1.497092920120042,-0.8353726828032803,False,False,False,True,True,False,True,False,True,False,True,False,True,False,True,False,False,False,False,False,True,0
1,0,0,1,-1.2809090291391125,1,0,-1.4904823933838485,-0.9976020232041044,False,False,False,True,True,False,True,False,True,False,True,False,True,False,True,False,False,False,False,False,True,1
1,0,1,0,0.8342623025424323,1,0,0.4150019383239143,0.8184006771095327,False,True,False,False,False,True,False,False,False,True,False,True,False,True,False,False,True,False,False,False,False,0
0,0,0,0,-1.2809090291391125,1,1,-0.6592086563075219,-0.9865598908331146,False,False,False,False,False,False,False,False,False,False,False,False,False,False,False,False,False,False,False,False,False,1
0,0,0,0,-0.10129424800902022,1,1,0.9768967109003578,0.1519871335983258,False,False,True,False,False,False,False,False,False,False,False,True,False,True,False,True,True,False,False,False,False,0
1,0,0,0,-0.7114398244556197,1,1,-1.2723350110894645,-0.8400485758351308,False,True,False,True,True,False,True,False,True,False,True,False,True,False,True,False,False,False,False,True,False,0
1,0,1,1,1.4444078789890318,0,1,-0.2791033689763984,0.7272975969115056,True,False,False,False,False,True,False,True,False,True,False,True,False,False,False,True,False,True,False,False,True,0
1,0,1,1,1.2817023919366053,1,1,0.8909598633298426,1.6106901391401343,False,True,True,False,False,True,False,True,False,True,False,False,False,False,False,False,False,False,False,True,False,0
1,0,1,1,-0.670763452692513,1,0,-1.4904823933838485,-0.868674700311812,False,False,False,True,True,False,True,False,True,False,True,False,True,False,True,False,False,False,False,True,False,0
1,1,0,0,1.403731507225925,1,1,-0.009724404476515272,0.8597373277150474,False,True,False,False,False,True,False,True,False,False,False,True,False,False,False,False,False,True,False,False,False,0
1,0,0,0,-0.8741453115080462,1,0,-1.3781034388685598,-0.8986179777552118,False,True,False,True,True,False,True,False,True,False,True,False,True,False,True,False,False,False,True,False,False,1
0,0,1,0,1.403731507225925,1,1,1.533833588424656,2.291724080581916,False,True,True,False,False,True,False,False,False,True,False,True,False,True,False,True,True,False,False,True,False,0
1,1,1,0,1.6071133660414583,0,1,-0.013029667844611811,1.0314062643773538,True,False,False,False,False,True,False,True,False,True,False,True,False,True,False,True,False,True,True,False,False,0
1,0,0,1,-0.10129424800902022,1,0,-0.011377036160563542,-0.1589268241955676,False,False,False,False,False,False,False,True,False,True,False,False,False,True,False,False,True,False,True,False,False,0
0,1,1,0,1.5664369942783516,1,0,0.8132861741795697,1.8191295961233314,False,False,True,False,False,False,False,True,False,True,False,False,False,False,False,True,False,True,True,False,False,0
0,0,1,0,-0.9148216832711529,1,1,0.43979141358463975,-0.6703334160734566,False,True,True,False,False,True,False,False,False,False,False,False,False,False,False,False,False,False,True,False,False,0
0,0,0,1,-1.0368507985604727,1,0,-1.4805666032795584,-0.9637731445088851,False,False,False,True,True,False,True,False,True,False,True,False,True,False,True,False,True,False,False,False,True,0
0,0,1,0,1.1189969048841788,0,0,-0.897187618810486,-0.001417281925484695,True,False,False,False,False,True,False,True,False,False,False,True,False,False,False,False,False,True,False,False,False,0
1,0,1,0,-1.1588799138497925,1,1,1.1686019862499677,-0.8217840546966347,False,True,True,False,False,False,False,True,False,False,False,False,False,True,False,True,False,False,False,True,False,1
0,0,0,0,-1.1588799138497925,1,0,-1.3533139636078344,-0.9634658088166509,False,True,False,True,True,False,True,False,True,False,True,False,True,False,True,False,True,False,False,True,False,0
0,0,1,0,1.5664369942783516,1,0,-1.29712448635019,-0.17723525043295427,False,True,False,True,True,False,True,False,True,False,True,False,True,False,True,False,False,True,True,False,False,0
1,0,1,1,1.403731507225925,1,0,1.2661072556088213,2.0212028137673888,False,False,True,False,False,False,False,True,False,True,False,True,False,True,False,True,False,True,False,False,False,0
0,0,0,0,-1.2809090291391125,1,0,-0.5055139096910242,-0.9845183037347008,False,False,False,False,False,True,False,False,False,False,False,False,False,False,False,False,False,False,False,False,False,0
1,0,1,0,1.5664369942783516,1,0,0.010107175732065366,1.0492536870763889,False,True,False,False,False,True,False,True,False,False,False,True,False,False,False,False,False,True,False,False,False,0
0,0,1,1,1.6071133660414583,1,1,1.5073914814798821,2.531972781711364,False,True,True,False,False,True,False,False,False,True,False,True,False,True,False,True,False,True,False,False,False,0
1,0,0,0,0.3461458413851527,1,1,0.31088614222886723,0.34999912959500157,False,False,True,False,False,False,False,False,False,False,False,True,False,False,False,False,False,False,False,True,False,0
0,0,1,1,-1.0775271703235794,1,0,-0.6393770760989415,-0.8810559381989655,False,False,False,False,False,False,False,False,False,False,False,False,False,False,False,False,False,False,False,False,True,0
0,0,0,0,-1.2809090291391125,1,1,-1.4954402884359934,-0.9976678808524403,False,False,False,True,True,False,True,False,True,False,True,False,True,False,True,False,False,False,False,False,True,1
1,1,0,0,-1.2809090291391125,0,1,-0.8327349831326001,-0.9888649085248719,True,False,False,False,False,False,False,False,False,True,False,False,False,False,False,True,False,False,False,True,False,1
1,1,0,0,-1.118203542086686,1,1,0.218338767922159,-0.8431219327574738,False,False,True,False,False,False,False,False,False,False,False,False,False,False,False,False,False,False,False,False,True,0
1,0,1,1,-1.0368507985604727,1,1,-0.49890338295483067,-0.8608156876103918,False,False,False,False,False,True,False,False,False,False,False,False,False,False,False,False,True,False,False,True,False,1
0,0,0,0,-0.2233233632983401,1,0,-0.3964402185438321,-0.34828951571079214,False,False,False,False,False,True,False,True,False,False,False,False,False,False,False,False,False,True,False,False,False,0
1,0,1,1,-0.7114398244556197,1,1,0.15388613224427275,-0.5358740507209467,False,False,False,False,False,False,False,True,False,True,False,True,False,False,False,True,False,False,False,False,True,0
0,0,0,1,-0.7521161962187263,1,1,0.6992545879802325,-0.49519597659879155,False,True,True,False,False,True,False,False,False,False,False,True,False,False,False,False,False,False,False,False,True,0
0,0,0,0,0.5088513284375793,1,1,1.6792651766209121,1.244082563403495,False,True,True,False,False,True,False,True,False,True,False,True,False,True,False,True,False,False,False,True,False,0
0,0,1,0,0.02073486728029968,1,1,1.3074230477100304,0.49071497153942417,False,True,True,False,False,False,False,True,False,True,False,False,False,True,False,True,False,False,False,True,False,1
0,0,0,0,-1.2809090291391125,1,1,-1.4723034448593166,-0.9973605451602059,False,False,False,True,True,False,True,False,True,False,True,False,True,False,True,False,False,False,False,False,True,1
0,0,0,1,-0.5894107091662998,1,0,-0.0014612460562734577,-0.49403249147819017,False,True,False,False,False,True,False,False,False,False,False,False,False,False,False,True,False,False,False,True,False,0
1,0,0,0,-1.2809090291391125,1,1,-1.4739560765433648,-0.9973824977096513,False,False,False,True,True,False,True,False,True,False,True,False,True,False,True,False,False,False,False,False,True,0
0,1,0,0,-0.3860288503507666,1,1,0.3488966709619798,-0.28467102741829037,False,False,True,False,False,True,False,False,False,False,False,False,False,False,False,False,False,False,False,False,False,0
1,1,0,0,-0.9148216832711529,1,1,0.2646124550755129,-0.7039208167247775,False,False,True,False,False,False,False,True,False,False,False,False,False,False,False,False,False,False,False,True,False,1
1,0,1,0,-1.1995562856128992,0,0,-1.1583034248901276,-0.9648268668822599,True,False,False,False,False,False,False,True,False,False,False,False,False,False,False,False,False,False,True,False,False,0
0,0,0,0,-0.9554980550342594,1,1,0.42326509674415613,-0.6927250165076705,False,False,True,False,False,False,False,False,False,False,False,False,False,True,False,False,False,False,False,False,False,1
0,0,0,0,-1.0775271703235794,0,0,-1.1698718466784659,-0.9353884980761024,True,False,False,False,False,True,False,False,False,False,False,False,False,False,False,False,False,False,False,False,False,0
0,0,0,0,-0.9554980550342594,1,1,0.32410719570125435,-0.6973789569900758,False,False,False,False,False,True,False,True,False,False,False,False,False,True,False,True,False,False,False,True,False,1
0,1,0,0,-0.9961744267973661,1,1,1.1669493545659195,-0.607373504264314,False,True,True,False,False,False,False,False,False,False,False,True,False,True,False,True,False,False,True,False,False,0
0,0,0,0,1.3630551354628184,1,1,1.2644546239247725,1.8892679916010895,False,True,True,False,False,True,False,True,False,True,False,True,False,False,False,True,False,False,False,False,False,0
1,1,1,0,-0.10129424800902022,1,0,0.43152825516439797,0.026133167628376513,False,True,True,False,False,False,False,False,False,False,False,False,False,False,False,False,False,False,False,False,True,0
0,0,0,0,-0.6300870809294065,1,1,0.13735981540378914,-0.5198047845269815,False,True,False,False,False,False,False,False,False,True,False,True,False,True,False,False,False,False,False,False,True,0
0,0,1,0,0.8342623025424323,1,1,1.5520125369491877,1.5445032025625314,False,True,True,False,False,False,False,True,False,True,False,True,False,True,False,True,True,False,False,False,False,0
1,1,0,0,-1.1995562856128992,1,1,1.3272546279186106,-0.8769947165515837,False,True,True,False,False,False,False,True,False,True,False,False,False,True,False,True,False,False,False,True,False,1
1,0,1,0,-0.792792567981833,1,1,0.3455914075938828,-0.5718542792618061,False,True,False,False,False,False,False,False,False,True,False,False,False,True,False,True,True,False,False,False,True,1
1,0,1,1,1.2410260201734986,1,1,1.320644101182417,1.8902558563261282,False,True,True,False,False,False,False,True,False,True,False,False,False,True,False,True,False,True,False,False,False,0
1,0,0,0,-1.0775271703235794,1,0,-1.4623876547550263,-0.9550799349285434,False,False,False,True,True,False,True,False,True,False,True,False,True,False,True,False,True,False,False,False,True,0
1,0,1,1,1.6071133660414583,1,0,0.23982297981478745,1.19629186326106,False,True,False,False,False,True,False,True,False,True,False,True,False,False,False,False,False,True,True,False,False,0
0,1,0,0,0.9562914178317522,1,0,0.2778335085479,0.7737272389883315,False,True,False,False,False,True,False,False,False,True,False,True,False,False,False,True,False,True,False,False,False,0
0,0,0,0,-0.14197061977212685,1,0,0.08612823319828997,-0.2154985441161257,False,True,False,False,False,True,False,True,False,False,False,True,False,False,False,False,False,False,False,False,True,0
0,0,1,0,-1.2809090291391125,1,1,-1.460735023070978,-0.9972068773140887,False,False,False,True,True,False,True,False,True,False,True,False,True,False,True,False,False,False,False,False,True,0
0,0,1,0,1.6071133660414583,1,0,1.1834756714064032,2.213748624952183,False,True,True,False,False,True,False,True,False,True,False,False,False,True,False,False,False,True,False,False,False,0
1,0,1,0,-0.2233233632983401,1,0,0.529033524523251,-0.0384512328397188,False,True,False,False,False,True,False,False,False,False,False,True,False,True,False,True,True,False,False,False,True,0
0,0,0,0,0.5495277002006859,1,0,0.4744966789496553,0.571588163695938,False,True,False,False,False,True,False,False,False,True,False,False,False,True,False,True,False,True,False,False,True,0
0,0,1,1,-0.42670522211387324,1,0,-1.5136192369605257,-0.8069221787221614,False,False,False,True,True,False,True,False,True,False,True,False,True,False,True,False,False,False,False,False,False,0
1,0,0,0,-1.0368507985604727,1,1,-1.3153034348747221,-0.9391204314818047,False,True,False,True,True,False,True,False,True,False,True,False,True,False,True,False,False,False,False,False,False,0
1,0,0,0,1.3630551354628184,1,0,0.12909665698354733,0.9464279454745675,False,True,False,False,False,True,False,True,False,True,False,True,False,False,False,False,False,True,False,False,False,0
1,0,0,0,1.0376441613579654,1,1,1.315686206130272,1.7244482503657192,False,True,True,False,False,False,False,False,False,True,False,True,False,True,False,True,True,False,False,True,False,1
1,0,1,0,1.6071133660414583,1,1,1.1338967208849522,2.25240706452537,False,True,True,False,False,True,False,True,False,True,False,False,False,False,False,True,False,True,False,True,False,0
0,0,1,1,-0.18264699153523348,1,1,-1.497092920120042,-0.767517352467834,False,False,False,True,True,False,True,False,True,False,True,False,True,False,True,False,False,False,False,False,False,0
0,1,0,0,-1.118203542086686,0,0,-0.632766549362748,-0.9193411844315823,True,False,False,False,False,False,False,False,False,False,False,False,False,True,False,True,False,False,False,True,False,1
0,0,0,0,-0.14197061977212685,0,1,-1.3136508031906735,-0.6932957827932485,True,False,False,False,False,False,False,False,False,False,False,False,False,False,False,False,False,False,True,False,False,1
0,0,1,1,0.752909559016219,1,1,0.836423017756247,0.9935381165841981,False,True,True,False,False,False,False,False,False,True,False,False,False,False,False,True,True,False,False,True,False,0
0,1,0,0,-1.118203542086686,1,0,0.46623352052941347,-0.840136386032912,False,False,True,False,False,False,False,False,False,False,False,False,False,False,False,True,False,False,False,True,False,1
1,0,0,1,-0.8741453115080462,1,0,0.7058651147164261,-0.6141129369440235,False,True,True,False,False,False,False,False,False,False,False,False,False,False,False,True,False,False,False,True,False,0
0,0,1,1,-0.5080579656400865,1,0,-1.4822192349636067,-0.8229036347183454,False,False,False,True,True,False,True,False,True,False,True,False,True,False,True,False,False,False,False,True,False,0
0,0,1,1,1.4850842507521385,0,0,-0.6145876008382161,0.36418047653667046,True,False,False,False,False,True,False,True,False,True,False,True,False,False,False,False,False,True,False,False,False,0
1,0,0,0,-1.118203542086686,1,1,0.17206508076880467,-0.8541860176779089,False,False,False,False,False,False,False,False,False,True,False,False,False,True,False,True,False,False,False,True,False,1
1,0,0,0,0.427498584911366,1,1,-0.16011388772491622,0.11267011754177977,False,False,False,False,False,False,False,True,False,False,False,False,False,False,False,True,False,True,False,True,False,0
1,0,1,1,-0.670763452692513,1,0,-1.465692918123123,-0.8787070154083177,False,False,False,True,True,False,True,False,True,False,True,False,True,False,True,False,False,True,False,False,True,0
1,0,0,0,-0.42670522211387324,1,1,-0.3204191610776075,-0.4824634979205131,False,False,False,False,False,False,False,True,False,False,False,True,False,False,False,False,True,False,True,False,False,1
1,0,1,1,1.6071133660414583,1,1,0.8959177583819878,1.8980051062803218,False,True,False,False,False,True,False,True,False,True,False,True,False,True,False,True,False,True,True,False,False,0
1,0,1,0,1.0783205331210721,1,1,1.3850967368603033,1.7390686482962938,False,True,True,False,False,True,False,True,False,True,False,True,False,True,False,False,False,False,False,True,False,1
1,0,0,0,-0.9554980550342594,1,1,0.5389493146275416,-0.6618597319875679,False,True,True,False,False,True,False,False,False,False,False,False,False,False,False,False,False,False,False,True,False,0
0,0,0,0,-0.7114398244556197,1,0,1.3305598912867072,-0.31136532754378454,False,False,True,False,False,True,False,False,False,True,False,True,False,True,False,True,False,False,False,True,False,1
0,0,0,0,-1.118203542086686,1,1,-0.01633493121270882,-0.8514419489972455,False,False,False,False,False,True,False,False,False,False,False,True,False,True,False,False,False,False,False,True,False,0
0,0,0,0,-1.2809090291391125,1,0,-1.465692918123123,-0.9972727349624247,False,False,False,True,True,False,True,False,True,False,True,False,True,False,True,False,False,False,False,False,True,1
1,0,0,0,-1.2809090291391125,1,1,0.18032823918904647,-0.9754079957148982,False,False,True,False,False,False,False,False,False,False,False,False,False,False,False,False,False,False,False,True,False,1
0,0,0,0,-0.42670522211387324,1,1,-0.19151388972183522,-0.455922865641136,False,True,False,False,False,True,False,False,False,False,False,True,False,False,False,False,False,False,False,False,True,0
1,0,0,0,-0.10129424800902022,1,1,0.6430651107225881,0.06439646131154794,False,False,True,False,False,True,False,True,False,True,False,False,False,False,False,False,False,False,True,False,False,0
1,0,0,0,-0.18264699153523348,1,0,1.1686019862499677,0.17409335088975067,False,True,True,False,False,False,False,True,False,False,False,False,False,True,False,True,True,False,False,True,False,0
1,0,0,0,1.3223787636997117,1,1,1.4644230576946249,2.0412674439604,False,True,True,False,False,False,False,True,False,True,False,True,False,True,False,True,False,False,False,True,False,1
0,1,0,0,-0.6300870809294065,1,0,-1.460735023070978,-0.8611230233026262,False,False,False,True,True,False,True,False,True,False,True,False,True,False,True,False,True,False,False,False,True,0
1,0,0,0,1.3223787636997117,1,0,1.3305598912867072,1.9054470205422815,False,True,True,False,False,False,False,True,False,True,False,False,False,True,False,True,False,True,True,False,False,0
1,0,1,0,0.22411672609583283,1,0,-1.4689981814912199,-0.6798388699832749,False,False,False,True,True,False,True,False,True,False,True,False,True,False,True,False,False,True,False,False,False,0
0,0,0,0,0.752909559016219,1,0,-1.3186086982428187,-0.44077560652387365,False,True,False,True,True,False,True,False,True,False,True,False,True,False,True,False,False,True,False,False,False,0
1,0,0,0,0.9969677895948588,1,1,0.846338807860537,1.2898755815464071,False,True,True,False,False,False,False,False,False,False,False,True,False,True,False,False,False,True,True,False,False,0
0,0,0,0,0.3054694696220461,1,0,0.6281914255661528,0.5445645753287641,False,True,True,False,False,False,False,False,False,False,False,False,False,False,False,True,False,False,False,False,False,0
1,0,1,1,-0.42670522211387324,1,0,-1.483871866647655,-0.8159446765441829,False,False,False,True,True,False,True,False,True,False,True,False,True,False,True,False,True,False,False,False,True,0
1,0,0,1,0.5088513284375793,1,0,1.1520756694094842,1.0284426702022373,False,True,True,False,False,False,False,False,False,True,False,False,False,True,False,True,False,True,False,False,False,0
1,0,1,1,-0.8334689397449395,1,1,-1.4442087062304945,-0.8719017250802723,False,False,False,True,True,False,True,False,True,False,True,False,True,False,True,False,False,False,False,True,False,0
0,0,1,0,0.1834403543327262,0,0,-0.6426823394670382,-0.30682114980860586,True,False,False,False,False,True,False,False,False,False,False,True,False,True,False,False,False,True,False,True,False,0
0,0,1,1,1.0376441613579654,1,0,-1.497092920120042,-0.5322518800624709,False,False,False,True,True,False,True,False,True,False,True,False,True,False,True,False,False,True,True,False,False,0
0,0,0,0,-0.9961744267973661,1,0,0.35550719769817285,-0.7711395231263098,False,False,True,False,False,False,False,True,False,False,False,False,False,False,False,False,False,False,False,True,False,0
0,0,0,0,-0.7521161962187263,1,1,0.8248545959679081,-0.5105408086610617,False,False,True,False,False,False,False,False,False,False,False,False,False,True,False,True,False,False,False,False,True,1
1,0,1,1,-0.8741453115080462,1,0,0.8512967029126818,-0.5583534613529418,False,False,True,False,False,False,False,False,False,False,False,False,False,True,False,True,False,False,False,True,False,0
0,1,1,1,0.6308804437268991,1,1,1.310728311078127,1.2188590840908367,False,False,True,False,False,True,False,False,False,True,False,True,False,True,False,True,False,False,False,True,False,0
1,0,1,1,1.403731507225925,1,0,0.7455282751335869,1.5923817129027478,False,True,True,False,False,False,False,True,False,True,False,False,False,False,False,False,True,False,False,True,False,1
1,0,0,0,1.4850842507521385,1,1,0.45466509874107464,1.3454813892913715,False,True,False,False,False,True,False,True,False,True,False,True,False,False,False,True,True,False,True,False,False,1
0,0,0,0,1.525760622515245,1,0,-1.4921350250678969,-0.41728637861739437,False,False,False,True,True,False,True,False,True,False,True,False,True,False,True,False,True,False,False,False,False,0
1,0,1,1,0.02073486728029968,1,0,-1.4623876547550263,-0.7032183351425276,False,False,False,True,True,False,True,False,True,False,True,False,True,False,True,False,True,False,False,False,True,0
1,0,1,1,-0.9961744267973661,1,0,-1.4954402884359934,-0.9513919066217316,False,False,False,True,True,False,True,False,True,False,True,False,True,False,True,False,False,True,True,False,False,0
1,0,0,0,-0.34535247858766,1,0,-0.3270296878138008,-0.4142130216950513,False,False,False,False,False,True,False,False,False,False,False,True,False,False,False,False,False,False,False,True,False,0
1,1,1,0,-0.5894107091662998,1,0,0.45301246705702636,-0.3816573908676599,False,False,True,False,False,False,False,False,False,False,False,False,False,False,False,True,False,False,False,True,False,1
0,0,1,0,-0.26399973506144675,1,0,-1.2839034328778032,-0.7059404512737458,False,True,False,True,True,False,True,False,True,False,True,False,True,False,True,False,True,False,False,False,True,0
0,1,1,1,1.6071133660414583,1,1,0.7670124870262154,1.8149147066298321,False,True,False,False,False,True,False,True,False,True,False,True,False,True,False,True,False,True,True,False,False,0
0,0,0,0,-1.1995562856128992,0,1,-0.9930402564852913,-0.9562434200491446,True,False,False,False,False,False,False,False,False,False,False,False,False,True,False,False,False,False,True,False,False,0
0,0,1,1,-0.42670522211387324,1,0,-1.4574297597028811,-0.8076685654033019,False,False,False,True,True,False,True,False,True,False,True,False,True,False,True,False,True,False,False,False,False,0
0,0,1,1,0.6308804437268991,0,0,-0.8409981415528418,-0.13754504103583784,True,False,False,False,False,True,False,True,False,False,False,True,False,False,False,False,False,True,False,False,True,0
1,0,0,0,-1.2809090291391125,1,0,-1.4673455498071712,-0.9972946875118701,False,False,False,True,True,False,True,False,True,False,True,False,True,False,True,False,False,False,False,False,True,0
0,0,1,0,1.2817023919366053,1,0,-1.2987771180342385,-0.2533227868103909,False,True,False,True,True,False,True,False,True,False,True,False,True,False,True,False,False,True,False,False,True,0
0,0,1,1,1.4850842507521385,1,1,1.3305598912867072,2.1701728143032475,False,True,True,False,False,True,False,True,False,True,False,True,False,True,False,False,True,False,True,False,False,0
1,0,1,1,1.6071133660414583,0,1,-0.0014612460562734577,1.065937624654823,True,False,False,False,False,True,False,True,False,True,False,True,False,True,False,True,False,True,True,False,False,0
0,1,0,0,1.6071133660414583,1,0,1.547054641897043,2.4813062975915936,False,True,True,False,False,False,False,True,False,True,False,True,False,True,False,True,False,True,False,True,False,0
0,0,0,0,-0.8334689397449395,1,0,-1.4689981814912199,-0.8892222865926201,False,False,False,True,True,False,True,False,True,False,True,False,True,False,True,False,False,False,False,False,True,0
1,1,1,0,-0.2233233632983401,1,1,0.18859139760928828,-0.15280206290032672,False,False,True,False,False,False,False,False,False,False,False,False,False,False,False,False,False,False,False,True,False,0
1,0,1,0,1.0783205331210721,1,1,1.4974756913755922,1.82474944878133,False,True,True,False,False,True,False,True,False,True,False,False,False,True,False,True,True,False,False,True,False,1
1,0,1,0,1.6071133660414583,1,0,1.6842230716730568,2.651965416979416,False,True,True,False,False,True,False,True,False,True,False,True,False,True,False,True,False,True,True,False,False,0
0,0,1,0,1.6071133660414583,1,1,-1.3450508051875927,-0.22632115099266234,False,True,False,True,True,False,True,False,True,False,True,False,True,False,True,False,False,True,True,False,False,0
1,0,0,0,-1.2809090291391125,0,1,-0.6674718147277637,-0.9866696535803411,True,False,False,False,False,False,False,True,False,False,False,True,False,False,False,True,False,False,False,False,True,1
1,0,1,1,1.6071133660414583,0,1,-0.31050337097331715,0.8286086126016008,True,False,False,False,False,True,False,True,False,True,False,True,False,False,False,True,False,True,True,False,False,0
0,0,1,0,1.0783205331210721,1,0,1.198349356562838,1.6455507876592828,False,True,True,False,False,False,False,True,False,False,False,False,False,True,False,True,False,False,False,True,False,1
1,0,1,1,-1.2809090291391125,1,1,0.1687598174007081,-0.9755616635610155,False,False,True,False,False,False,False,False,False,False,False,False,False,False,False,False,False,False,True,False,False,0
1,0,1,1,-1.2809090291391125,1,0,-1.4689981814912199,-0.9973166400613154,False,False,False,True,True,False,True,False,True,False,True,False,True,False,True,False,True,False,False,False,True,0
1,0,0,0,-1.2402326573760059,1,0,-0.6211981275744096,-0.9709955332763914,False,False,False,False,False,False,False,False,False,False,False,False,False,False,False,False,False,False,False,False,False,1
0,0,0,0,-0.8334689397449395,1,1,0.7174335365047645,-0.5378497801710245,False,True,True,False,False,False,False,False,False,False,False,False,False,False,False,True,False,False,False,True,False,0
1,0,0,0,-0.46738159387697986,1,0,0.3455914075938828,-0.3166558919601037,False,True,True,False,False,False,False,False,False,False,False,False,False,False,False,False,False,False,False,False,True,0
1,0,0,0,-1.2809090291391125,1,0,0.15058086887617622,-0.9758031416049138,False,False,True,False,False,False,False,False,False,False,False,False,False,False,False,False,False,False,False,False,True,1
0,0,1,0,0.5495277002006859,1,0,-0.38817706012359027,0.07370434227635854,False,True,False,False,False,True,False,False,False,False,False,False,False,False,False,False,False,False,False,True,False,0
1,1,1,0,-0.5487343374031931,0,1,-1.0095665733257748,-0.7528750019878137,True,False,False,False,False,False,False,True,False,True,False,False,False,False,False,False,False,False,True,False,False,0
1,0,0,0,-0.7114398244556197,0,0,-0.4658507492738634,-0.7041183896697852,True,False,False,False,False,False,False,False,False,True,False,False,False,True,False,True,True,False,False,True,False,0
0,0,1,1,-0.8741453115080462,1,1,-1.4822192349636067,-0.9200656185632775,False,False,False,True,True,False,True,False,True,False,True,False,True,False,True,False,True,False,False,False,True,0
0,0,0,0,-1.0775271703235794,1,1,1.100844087203985,-0.7571337965802034,False,False,True,False,False,True,False,True,False,True,False,True,False,False,False,True,False,False,False,False,False,1
1,1,0,0,-0.01994150448280695,1,1,1.0347388198420504,0.3193314180199067,False,True,True,False,False,False,False,False,False,False,False,False,False,True,False,True,False,False,True,False,False,1
0,1,1,0,1.6071133660414583,1,0,0.8017177523912309,1.7827542216924561,False,True,False,False,False,True,False,True,False,True,False,True,False,True,False,True,False,True,True,False,False,0
0,1,1,1,-0.01994150448280695,1,1,1.1752125129861613,0.40643913421888783,False,True,True,False,False,False,False,True,False,False,False,False,False,True,False,True,False,False,False,True,False,0
0,0,0,0,0.22411672609583283,1,0,0.10926507677496715,0.15997786159641794,False,True,False,False,False,False,False,True,False,False,False,True,False,False,False,True,False,False,True,False,False,0
0,0,0,0,1.1189969048841788,1,0,0.5191177344189609,1.1218288155425764,False,True,False,False,False,False,False,False,False,True,False,True,False,True,False,True,True,False,True,False,False,0
0,1,0,0,-1.0775271703235794,1,1,0.30592824717672196,-0.8083051893372157,False,False,True,False,False,True,False,False,False,False,False,False,False,False,False,False,False,False,False,True,False,0
1,0,0,1,0.26479309785893945,1,0,-1.5037034468562354,-0.6641647496793252,False,False,False,True,True,False,True,False,True,False,True,False,True,False,True,False,True,False,False,False,False,0
1,1,1,1,0.7935859307793257,1,1,0.529033524523251,0.7848571815571026,False,True,False,False,False,False,False,True,False,True,False,False,False,True,False,True,True,False,False,True,False,0
1,0,1,1,0.10208761080651294,1,0,-1.47891397159551,-0.7185631672047977,False,False,False,True,True,False,True,False,True,False,True,False,True,False,True,False,False,True,False,False,True,0
1,0,0,0,-0.9148216832711529,1,0,0.49598089084228375,-0.6562398793295691,False,True,True,False,False,False,False,True,False,False,False,False,False,False,False,False,False,False,False,True,False,0
1,1,1,1,0.5902040719637925,1,1,0.664549322615217,0.7578555457393742,False,False,True,False,False,False,False,True,False,False,False,False,False,True,False,False,True,False,False,False,False,0
0,0,1,0,-0.46738159387697986,1,1,0.7009072196642808,-0.20768343651359605,False,False,True,False,False,False,False,False,False,False,False,True,False,True,False,False,False,False,False,True,False,0
1,0,0,0,-1.118203542086686,0,1,-0.45758759085362155,-0.8719456301791628,True,False,False,False,False,False,False,True,False,False,False,False,False,True,False,True,False,False,False,False,True,1
1,0,1,1,0.3461458413851527,1,1,-1.4822192349636067,-0.619996220195366,False,False,False,True,True,False,True,False,True,False,True,False,True,False,True,False,False,True,False,False,True,0
0,0,0,0,1.1189969048841788,1,0,-1.4623876547550263,-0.5263905493605738,False,False,False,True,True,False,True,False,True,False,True,False,True,False,True,False,False,True,False,False,True,0
0,0,0,0,-1.118203542086686,1,1,0.3571598293822216,-0.8308943627164375,False,False,True,False,False,False,False,False,False,False,False,True,False,False,False,False,False,False,False,False,True,0
1,0,1,1,-0.5894107091662998,1,0,-1.4805666032795584,-0.854405543172362,False,False,False,True,True,False,True,False,True,False,True,False,True,False,True,False,True,False,False,False,False,0
1,0,0,0,-0.9961744267973661,1,1,0.7174335365047645,-0.7210438052921174,False,True,True,False,False,False,False,False,False,False,False,False,False,False,False,True,False,False,False,True,False,1
1,0,1,0,-0.7114398244556197,1,1,0.12413876193140204,-0.5195413539336379,False,False,True,False,False,False,False,False,False,False,False,False,False,False,False,False,False,False,False,False,False,0
1,1,0,0,1.5664369942783516,0,1,-0.2774507372923499,0.7434985784021427,True,False,False,False,False,True,False,True,False,False,False,False,False,True,False,True,True,False,False,True,False,0
1,0,1,1,-0.30467610682455337,1,0,-0.3699981115990584,-0.4111616173221535,False,False,False,False,False,False,False,True,False,True,False,False,False,False,False,False,True,False,False,False,True,0
1,0,1,1,0.9562914178317522,1,1,-1.3351350150833023,-0.37770593196750446,False,True,False,True,True,False,True,False,True,False,True,False,True,False,True,False,True,False,False,False,True,0
0,1,0,0,-1.118203542086686,0,0,-1.2029244803594332,-0.9487356481388493,True,False,False,False,False,False,False,True,False,False,False,False,False,False,False,False,False,False,False,True,False,1
0,0,0,0,-1.1995562856128992,1,1,-0.46915601264196016,-0.9398448656134997,False,True,False,False,False,False,False,False,False,False,False,False,False,False,False,False,False,False,False,False,True,1
0,1,0,0,-1.2809090291391125,1,1,0.17537034413690167,-0.9754738533632341,False,False,True,False,False,False,False,False,False,False,False,False,False,False,False,False,False,False,False,True,False,1
1,0,0,0,-1.2809090291391125,1,1,0.46953878389751,-0.9715662995619693,False,False,True,False,False,False,False,False,False,False,False,False,False,True,False,False,False,False,False,True,False,1
1,0,1,1,1.6071133660414583,1,1,1.5784546438939615,2.5617404387592013,False,True,True,False,False,True,False,True,False,True,False,True,False,True,False,True,False,True,True,False,False,0
0,0,1,1,0.22411672609583283,1,1,-1.4756087082274132,-0.6787192899615643,False,False,False,True,True,False,True,False,True,False,True,False,True,False,True,False,False,True,False,False,True,0
1,0,0,0,0.06141123904340631,0,1,-1.3153034348747221,-0.6318945019947227,True,False,False,False,False,False,False,False,False,False,False,False,False,False,False,False,False,False,False,False,False,0
1,0,1,0,-0.34535247858766,1,1,-0.21465073329851214,-0.4149155032773011,False,True,False,False,False,True,False,False,False,False,False,True,False,False,False,False,True,False,False,True,False,0
1,0,0,0,1.2817023919366053,1,1,1.3074230477100304,1.9321413206677753,False,True,True,False,False,False,False,True,False,True,False,False,False,True,False,True,False,True,False,False,False,0
0,0,1,1,1.5664369942783516,1,0,0.7405703800814416,1.7723487132553803,False,False,False,False,False,True,False,True,False,True,False,True,False,True,False,True,False,True,True,False,False,0
0,0,1,1,0.6308804437268991,1,0,-1.4756087082274132,-0.5552581518811535,False,False,False,True,True,False,True,False,True,False,True,False,True,False,True,False,False,True,False,False,False,0
1,0,1,1,-0.792792567981833,1,1,-0.4922928562186371,-0.7483527768020803,False,False,False,False,False,True,False,False,False,False,False,False,False,False,False,False,False,False,False,False,True,0
0,0,0,0,0.5495277002006859,1,0,-0.6575560246234734,-0.05401559039644191,False,False,False,False,False,False,False,False,False,False,False,False,False,False,False,False,False,False,False,False,False,0
0,0,0,0,1.1596732766472853,1,0,-1.5003981834881386,-0.4195474912102611,False,False,False,True,True,False,True,False,True,False,True,False,True,False,True,False,True,False,False,False,False,0
1,0,0,0,0.7122331872531124,1,0,0.15388613224427275,0.49449081004401707,False,True,False,False,False,False,False,False,False,True,False,True,False,False,False,True,False,True,False,False,False,0
1,0,1,0,1.6071133660414583,1,0,-1.5053560785402837,-0.43339954991025026,False,False,False,True,True,False,True,False,True,False,True,False,True,False,True,False,False,True,True,False,False,0
1,0,1,1,0.1834403543327262,1,0,0.8711282831212624,0.4195667587871819,False,False,True,False,False,False,False,False,False,False,False,False,False,True,False,True,True,False,True,False,False,0
1,0,0,0,-0.9148216832711529,1,1,-0.6608612879915702,-0.8151104796652612,False,False,False,False,False,False,False,False,False,False,False,False,False,False,False,False,False,False,True,False,False,1
1,0,0,0,-0.3860288503507666,1,1,1.160338827829726,0.0003608745795853114,False,False,True,False,False,True,False,False,False,True,False,False,False,True,False,True,True,False,True,False,False,0
0,0,0,0,-0.792792567981833,1,1,-1.4723034448593166,-0.8853586378902459,False,False,False,True,True,False,True,False,True,False,True,False,True,False,True,False,False,False,False,False,True,0
1,1,0,0,-0.7114398244556197,1,1,0.309233510544819,-0.508433363914312,False,True,True,False,False,False,False,False,False,False,False,False,False,False,False,False,False,False,True,False,False,1
1,0,0,0,1.4850842507521385,1,1,0.5505177364158799,1.4318866239081027,False,True,False,False,False,True,False,True,False,True,False,True,False,False,False,True,False,True,True,False,False,0
1,0,1,1,0.26479309785893945,0,1,-1.3086929081385286,-0.5901627054991928,True,False,False,False,False,False,False,False,False,False,False,False,False,False,False,False,True,False,True,False,False,0
0,0,0,0,-0.9961744267973661,1,1,0.2860966669681418,-0.7287052450485298,False,True,True,False,False,False,False,False,False,False,False,False,False,False,False,False,False,False,False,True,False,0
1,1,0,0,-0.8741453115080462,1,1,0.472844047265607,-0.6428707767173767,False,False,True,False,False,False,False,False,False,False,False,False,False,False,False,True,False,False,True,False,False,0
1,0,1,1,0.7935859307793257,1,1,0.12909665698354733,0.5228754564768,False,False,False,False,False,False,False,True,False,True,False,True,False,True,False,False,True,False,False,True,False,0
1,1,1,0,0.5088513284375793,1,0,0.34063351254173796,0.5217778290045346,False,True,False,False,False,True,False,False,False,True,False,True,False,False,False,True,False,True,True,False,False,0
0,1,1,0,1.403731507225925,1,1,1.3950125269645934,2.1296484080272093,False,True,True,False,False,True,False,False,False,True,False,False,False,True,False,True,True,False,True,False,False,0
0,0,1,0,1.0783205331210721,1,1,1.393359895280545,1.694900118812335,False,True,True,False,False,True,False,True,False,True,False,True,False,False,False,True,True,False,True,False,False,0
0,0,1,1,-0.42670522211387324,1,0,0.6100124770416209,-0.1958290598131299,False,False,True,False,False,False,False,True,False,False,False,False,False,False,False,True,False,False,False,True,False,1
1,0,0,0,-1.2402326573760059,1,0,0.9950756594248896,-0.9280782991108149,False,False,True,False,False,False,False,False,False,True,False,False,False,True,False,True,False,False,False,True,False,1
1,0,1,0,0.3461458413851527,1,1,0.2695703501276582,0.3114065476701505,False,True,False,False,False,False,False,False,False,True,False,False,False,True,False,True,True,False,False,True,False,1
0,0,1,0,-0.9554980550342594,1,0,0.8893072316457943,-0.6261429340400522,False,True,True,False,False,True,False,True,False,True,False,False,False,False,False,False,False,False,False,False,False,1
1,0,1,1,-0.46738159387697986,1,0,1.3074230477100304,-0.05882319872496442,False,True,True,False,False,False,False,True,False,True,False,False,False,True,False,True,False,False,False,True,False,1
1,0,0,0,-1.2402326573760059,1,0,-1.4805666032795584,-0.9875258030087082,False,False,False,True,True,False,True,False,True,False,True,False,True,False,True,False,False,False,False,False,True,0
0,0,0,0,0.3461458413851527,1,0,0.1786756075049982,0.25294690849729623,False,False,True,False,False,False,False,False,False,False,False,False,False,False,False,False,False,False,False,False,False,1
1,0,1,1,1.525760622515245,1,1,1.7090125469337822,2.5730020966246445,False,True,True,False,False,True,False,True,False,True,False,True,False,True,False,True,False,True,True,False,False,0
1,0,1,0,-0.42670522211387324,1,1,-0.16837704614515803,-0.40286355363182724,False,False,False,False,False,True,False,False,False,False,False,False,False,True,False,False,True,False,False,False,False,0
0,0,0,0,-1.1995562856128992,1,0,-1.4822192349636067,-0.9783496373405696,False,False,False,True,True,False,True,False,True,False,True,False,True,False,True,False,False,False,False,False,True,0
1,0,1,0,0.5495277002006859,1,0,0.026633492572548996,0.33158094061038845,False,False,False,False,False,True,False,True,False,True,False,True,False,False,False,False,False,True,False,False,True,0
0,0,0,1,-1.2809090291391125,1,1,0.4794545740018001,-0.9714345842652976,False,False,True,False,False,False,False,False,False,False,False,False,False,True,False,False,False,False,False,True,False,1
0,0,0,0,-0.8334689397449395,1,0,-1.4921350250678969,-0.9095283948295297,False,False,False,True,True,False,True,False,True,False,True,False,True,False,True,False,False,False,False,False,True,0
0,1,1,0,1.3630551354628184,1,1,0.19850718771357836,1.0743234985429306,False,True,False,False,False,False,False,True,False,True,False,False,False,True,False,False,True,False,False,False,False,0
0,0,0,0,-1.2809090291391125,1,1,0.19850718771357836,-0.9751665176709999,False,False,True,False,False,False,False,False,False,False,False,False,False,False,False,False,False,False,False,True,False,1
1,0,0,0,0.5088513284375793,1,0,-1.520229763696719,-0.625484357556693,False,False,False,True,True,False,True,False,True,False,True,False,True,False,True,False,True,False,False,False,False,0
0,0,1,1,1.6071133660414583,1,0,1.4082335804369803,2.356110908105004,False,True,True,False,False,True,False,True,False,True,False,True,False,False,False,True,False,True,True,False,False,0
1,1,1,0,-1.1588799138497925,1,1,0.3158440372810125,-0.8716602470363739,False,True,True,False,False,False,False,False,False,False,False,False,False,False,False,False,False,False,False,False,True,1
1,0,0,0,1.6071133660414583,1,0,0.8975703900660361,1.9058421664322969,False,True,False,False,False,True,False,True,False,True,False,True,False,True,False,True,False,True,False,False,False,0
0,0,1,1,0.9562914178317522,1,0,0.7951072256550378,1.1749320326507757,False,False,True,False,False,False,False,False,False,False,False,False,False,True,False,True,True,False,False,False,False,0
0,1,1,0,-1.2809090291391125,1,1,0.15553876392832103,-0.9757372839565778,False,False,True,False,False,False,False,False,False,False,False,False,False,False,False,False,False,False,False,True,False,1
0,0,1,1,1.5664369942783516,0,0,-0.1700296778292063,0.8037802791789577,True,False,False,False,False,True,False,True,False,False,False,True,False,True,False,True,False,True,False,False,False,0
1,0,0,0,0.752909559016219,0,1,-0.6740823414639571,-0.048461595386779015,True,False,False,False,False,True,False,False,False,False,False,True,False,False,False,True,False,False,True,False,False,0
1,0,1,1,0.7122331872531124,1,0,0.35220193433007635,0.7611703807056155,False,False,False,False,False,True,False,False,False,False,False,True,False,True,False,True,True,False,False,True,False,0
0,0,0,0,0.6308804437268991,1,1,1.4065809487529322,1.2422385492500894,False,True,True,False,False,False,False,True,False,True,False,False,False,True,False,True,False,False,False,False,False,1
1,0,0,0,0.3868222131482594,1,0,-1.3153034348747221,-0.5892406984224899,False,True,False,True,True,False,True,False,True,False,True,False,True,False,True,False,True,False,False,True,False,0
0,0,0,0,-1.0368507985604727,1,0,-1.4805666032795584,-0.9338957247138213,False,False,False,True,True,False,True,False,True,False,True,False,True,False,True,False,False,False,False,False,True,1
1,1,1,1,-1.2809090291391125,1,1,-0.5154296997953143,-0.9846500190313728,False,False,False,False,False,False,False,False,False,False,False,True,False,False,False,False,False,False,True,False,False,1
0,0,0,0,0.5495277002006859,1,0,0.6414124790385398,0.6830193046803199,False,True,True,False,False,True,False,True,False,False,False,False,False,False,False,False,False,False,False,False,True,0
1,1,0,0,-0.8334689397449395,1,1,0.2794861402319483,-0.6427171088712595,False,True,True,False,False,False,False,False,False,False,False,False,False,False,False,False,False,False,True,False,False,0
1,0,0,0,1.3223787636997117,1,1,0.309233510544819,1.1036521046018613,False,True,False,False,False,False,False,True,False,True,False,True,False,False,False,True,False,True,True,False,False,0
1,0,1,1,-0.30467610682455337,1,0,-0.14854546593657764,-0.38956030866797065,False,True,False,False,False,False,False,False,False,False,False,False,False,True,False,False,False,False,False,True,False,0
0,0,1,1,0.7935859307793257,1,0,-1.4871771300157517,-0.5362691966109623,False,False,False,True,True,False,True,False,True,False,True,False,True,False,True,False,False,True,False,False,True,0
1,0,0,1,-1.2402326573760059,1,1,-0.31546126602546243,-0.9585703902903472,False,False,False,False,False,False,False,False,False,False,False,False,False,False,False,True,False,False,False,True,False,0
0,0,1,0,0.6715568154900058,1,1,-1.4805666032795584,-0.6009853123757295,False,False,False,True,True,False,True,False,True,False,True,False,True,False,True,False,True,False,False,False,False,0
1,0,0,0,-1.2809090291391125,1,0,0.4976335225263325,-0.9711931062213991,False,False,True,False,False,False,False,False,False,False,False,False,False,False,False,True,False,False,False,True,False,1
1,0,0,0,-1.1995562856128992,1,1,1.2132230417192733,-0.8752824176948497,False,True,True,False,False,False,False,False,False,True,False,False,False,True,False,True,False,False,False,False,False,1
1,0,0,0,1.0783205331210721,0,1,-0.4344507472769444,0.313426182219119,True,False,False,False,False,False,False,False,False,False,False,True,False,True,False,True,False,False,False,True,False,0
1,0,0,0,-0.42670522211387324,0,1,-0.6972191850406342,-0.6095468066593995,True,False,False,False,False,False,False,True,False,True,False,False,False,False,False,True,True,False,False,False,False,1
0,0,0,0,-0.3860288503507666,1,0,-0.34520863633833293,-0.45778883234398715,False,True,False,False,False,True,False,False,False,False,False,False,False,False,False,False,False,False,False,True,False,0
0,0,0,0,1.0783205331210721,1,0,0.12744402529949905,0.7810813430525095,False,True,False,False,False,True,False,False,False,False,False,True,False,False,False,True,True,False,False,False,False,0
0,0,1,0,-1.2809090291391125,0,1,-1.156650793206079,-0.9931676082161522,True,False,False,False,False,False,False,True,False,False,False,False,False,False,False,False,False,False,False,True,False,0
1,0,0,0,1.200349648410392,0,1,-0.6988718167246825,0.14329392401798408,True,False,False,False,False,True,False,True,False,True,False,True,False,False,False,False,False,True,False,False,False,0
1,0,1,0,0.5088513284375793,1,0,0.5472124730477833,0.6515173962263033,False,True,True,False,False,False,False,True,False,False,False,False,False,False,False,False,False,False,False,False,False,0
1,0,0,0,0.3054694696220461,1,1,0.6628966909311688,0.47291145393927975,False,True,True,False,False,False,False,False,False,False,False,False,False,True,False,False,False,False,False,True,False,0
0,0,1,1,-0.42670522211387324,1,1,0.5058966809465743,-0.22008662695019493,False,False,True,False,False,False,False,False,False,False,False,False,False,False,False,True,False,False,False,True,False,0
1,0,1,0,0.3868222131482594,0,1,-0.8162086662921164,-0.29235441972414805,True,False,False,False,False,True,False,False,False,False,False,False,False,True,False,False,False,False,False,False,False,0
0,0,0,0,-0.6300870809294065,1,0,-1.4805666032795584,-0.8579179510836112,False,False,False,True,True,False,True,False,True,False,True,False,True,False,True,False,True,False,True,False,False,0
1,0,0,0,-1.2809090291391125,1,1,0.529033524523251,-0.9707760077819384,False,False,True,False,False,False,False,False,False,False,False,False,False,False,False,True,False,False,False,False,True,1
1,0,0,0,-0.9148216832711529,1,1,-1.3500087002397376,-0.9068062786983115,False,True,False,True,True,False,True,False,True,False,True,False,True,False,True,False,False,False,False,True,False,0
0,1,1,0,1.1189969048841788,1,1,1.3570019982314812,1.804201862500522,False,True,True,False,False,False,False,True,False,True,False,False,False,True,False,True,False,False,False,True,False,0
1,0,0,0,-0.7114398244556197,1,0,0.6761177444035554,-0.47069693141782815,False,False,True,False,False,False,False,False,False,True,False,False,False,True,False,False,False,False,False,True,False,0
1,1,1,0,0.10208761080651294,1,1,0.9818546059525025,0.47130891782977224,False,True,True,False,False,True,False,True,False,False,False,False,False,False,False,True,False,False,False,True,False,0
1,0,0,0,0.4681749566744726,0,1,-0.35842968981071976,0.06512089544324313,True,False,False,False,False,True,False,False,False,True,False,False,False,True,False,True,True,False,False,True,False,0
1,0,1,1,1.4850842507521385,1,1,1.3272546279186106,2.1978110740548895,False,True,True,False,False,False,False,True,False,True,False,False,False,True,False,True,False,True,False,True,False,0
1,0,1,0,-0.10129424800902022,1,0,-1.5136192369605257,-0.726356322257882,False,False,False,True,True,False,True,False,True,False,True,False,True,False,True,False,False,True,False,False,True,0
0,0,1,0,-0.46738159387697986,1,1,1.2908967308695467,-0.016564541042747034,False,True,True,False,False,True,False,False,False,True,False,False,False,True,False,True,False,False,False,True,False,1
0,1,0,0,-0.06061787624591358,1,1,1.160338827829726,0.39282855356279706,False,True,True,False,False,False,False,True,False,False,False,False,False,True,False,True,False,False,False,True,False,1
1,0,0,0,-0.26399973506144675,1,1,0.6728124810354589,-0.04712248987061536,False,False,True,False,False,False,False,True,False,True,False,True,False,False,False,False,True,False,False,True,False,0
1,0,1,1,0.3461458413851527,1,1,1.2479283070842888,0.8436022038727462,False,True,True,False,False,False,False,False,False,True,False,True,False,True,False,True,True,False,False,True,False,1
0,0,0,0,-0.01994150448280695,1,0,-1.4904823933838485,-0.7322396055092244,False,False,False,True,True,False,True,False,True,False,True,False,True,False,True,False,True,False,False,False,False,0
1,0,0,0,-0.5487343374031931,1,1,0.6579387958790235,-0.2809829991114786,False,True,True,False,False,True,False,False,False,True,False,False,False,False,False,False,False,False,False,True,False,0
0,0,1,0,1.4444078789890318,0,1,-0.34520863633833293,0.6285989346054022,True,False,False,False,False,True,False,False,False,True,False,False,False,True,False,True,True,False,False,True,False,0
1,0,1,1,0.7122331872531124,1,0,-1.3186086982428187,-0.452432410279332,False,True,False,True,True,False,True,False,True,False,True,False,True,False,True,False,False,True,False,False,True,0
0,0,0,0,0.3054694696220461,1,1,-0.482377066114347,-0.11783165163395157,False,False,False,False,False,False,False,False,False,True,False,False,False,False,False,False,True,False,False,False,True,0
1,1,1,0,1.2410260201734986,1,1,0.6331493206182981,1.333670917689796,False,False,False,False,False,True,False,True,False,True,False,True,False,True,False,True,True,False,False,False,False,0
0,0,1,0,-0.34535247858766,1,1,0.3488966709619798,-0.23887800927537844,False,True,True,False,False,False,False,False,False,False,False,False,False,False,False,False,False,False,True,False,False,1
0,0,0,0,-1.2809090291391125,1,1,0.19685455602953011,-0.9751884702204451,False,False,True,False,False,False,False,False,False,False,False,False,False,False,False,False,False,False,False,False,True,1
1,1,0,0,0.427498584911366,1,1,0.8165914375476663,0.6870366212288113,False,False,True,False,False,False,False,False,False,False,False,False,False,True,False,True,False,False,False,False,True,1
0,0,0,0,-0.670763452692513,1,0,-1.47891397159551,-0.8762483298704432,False,False,False,True,True,False,True,False,True,False,True,False,True,False,True,False,True,False,False,False,True,0
1,0,1,1,0.5088513284375793,1,1,0.6447177424066364,0.6876073875143894,False,False,False,False,False,True,False,True,False,True,False,True,False,True,False,True,False,True,False,False,True,0
0,0,0,0,-0.46738159387697986,1,1,-0.15185072930467441,-0.45379346834494116,False,False,False,False,False,True,False,False,False,True,False,True,False,False,False,False,True,False,False,True,False,0
1,0,1,1,1.6071133660414583,1,1,1.3454335764431424,2.3051590408424447,False,True,True,False,False,True,False,False,False,True,False,False,False,True,False,True,False,True,False,False,False,0
0,0,0,0,0.7122331872531124,1,1,-1.5037034468562354,-0.5527336086949431,False,False,False,True,True,False,True,False,True,False,True,False,True,False,True,False,True,False,False,False,True,0
0,0,0,0,-0.670763452692513,1,1,0.7802335404986025,-0.38189886891155833,False,True,True,False,False,False,False,False,False,True,False,False,False,False,False,True,False,False,False,True,False,1
0,0,1,1,-0.34535247858766,1,0,0.45466509874107464,-0.19549977157145026,False,True,False,False,False,True,False,False,False,True,False,False,False,True,False,True,False,True,True,False,False,0
1,0,0,0,1.4850842507521385,0,1,-0.9616402544883723,0.08795154686636318,True,False,False,False,False,False,False,True,False,True,False,False,False,False,False,False,True,False,False,False,False,0
0,0,0,0,1.2410260201734986,1,1,0.5108545759987191,1.1869400771973593,False,True,False,False,False,True,False,True,False,True,False,True,False,False,False,True,False,True,True,False,False,0
1,0,1,0,1.525760622515245,1,0,0.6529809008268782,1.499039472661299,False,False,True,False,False,True,False,True,False,False,False,True,False,False,False,False,False,True,False,False,False,0
1,0,1,1,0.7935859307793257,1,0,-1.3235665932949638,-0.4666357097704462,False,True,False,True,True,False,True,False,True,False,True,False,True,False,True,False,False,True,False,False,True,0
0,0,0,0,-0.7114398244556197,1,0,-1.4904823933838485,-0.8757434212332011,False,False,False,True,True,False,True,False,True,False,True,False,True,False,True,False,False,False,False,False,False,1
1,1,0,0,-0.8334689397449395,1,1,0.6265387938821045,-0.5541605244088881,False,False,True,False,False,False,False,True,False,True,False,True,False,False,False,False,False,False,False,False,True,1
0,0,1,0,-0.5080579656400865,1,1,0.5339914195753963,-0.2670431302137082,False,False,True,False,False,False,False,False,False,True,False,True,False,False,False,False,False,False,False,False,True,0
1,0,0,0,-1.2809090291391125,1,0,-1.4756087082274132,-0.9974044502590967,False,False,False,True,True,False,True,False,True,False,True,False,True,False,True,False,False,False,False,False,False,0
0,0,1,1,0.06141123904340631,1,0,0.7471809068176352,0.2556251195296237,False,True,True,False,False,False,False,False,False,True,False,False,False,True,False,False,False,False,False,True,False,1
0,0,1,1,-0.670763452692513,1,0,-1.4689981814912199,-0.8651622924005627,False,False,False,True,True,False,True,False,True,False,True,False,True,False,True,False,False,False,False,True,False,0
1,0,0,0,-0.06061787624591358,1,1,0.20511771444977192,-0.05434487863812153,False,True,False,False,False,False,False,True,False,False,False,True,False,True,False,False,False,False,False,True,False,0
0,0,1,1,-0.792792567981833,1,1,-1.3169560665587703,-0.8602888264237045,False,True,False,True,True,False,True,False,True,False,True,False,True,False,True,False,False,True,False,False,False,0
1,0,0,0,0.22411672609583283,1,1,1.0000335544770345,0.6143517300153973,False,True,True,False,False,False,False,True,False,True,False,False,False,False,False,True,False,False,True,False,False,0
0,0,0,0,-0.9148216832711529,0,1,-1.164913951626321,-0.8749750820026154,True,False,False,False,False,False,False,False,False,False,False,True,False,False,False,False,False,True,False,False,True,0
0,0,0,1,-0.8741453115080462,0,1,-0.9517244643840822,-0.829511352101383,True,False,False,False,False,True,False,False,False,False,False,True,False,False,False,False,True,False,False,False,True,0
0,1,0,0,-0.792792567981833,1,1,1.0578756634187272,-0.4638038308920015,False,False,True,False,False,False,False,False,False,True,False,False,False,True,False,True,False,False,False,True,False,0
1,0,1,1,1.6071133660414583,1,1,1.5668862221056232,2.524421104702178,False,True,True,False,False,False,False,True,False,True,False,True,False,True,False,True,False,True,False,False,False,0
0,0,1,0,-1.1995562856128992,1,1,-0.6195454958903611,-0.9491307940288649,False,False,False,False,False,False,False,False,False,False,False,False,False,False,False,False,False,False,False,False,True,0
0,0,1,0,1.6071133660414583,1,0,-1.3169560665587703,-0.1943801915497396,False,True,False,True,True,False,True,False,True,False,True,False,True,False,True,False,False,True,True,False,False,0
0,1,0,0,0.874938674305539,1,1,0.48441246905394536,0.9124893040321218,False,True,True,False,False,False,False,True,False,False,False,False,False,False,False,False,False,False,False,True,False,1
0,0,1,0,0.9969677895948588,1,0,0.3224545640172056,0.9119185377465436,False,True,False,False,False,False,False,True,False,True,False,True,False,True,False,False,True,False,False,False,False,0
1,1,1,0,1.5664369942783516,0,0,-0.6112823374701193,0.46604030596289836,True,False,False,False,False,True,False,True,False,True,False,True,False,False,False,False,False,True,True,False,False,0
1,0,1,0,1.2410260201734986,1,0,0.4943282591582355,1.2039313504680274,False,True,False,False,False,False,False,False,False,True,False,True,False,True,False,True,False,True,True,False,False,0
0,1,0,0,-1.2809090291391125,1,1,0.6893387978759424,-0.9686466104857435,False,True,True,False,False,False,False,False,False,False,False,False,False,True,False,False,False,False,False,True,False,1
0,0,0,1,1.403731507225925,1,1,1.380138841808158,2.1745194190934183,False,True,True,False,False,False,False,True,False,False,False,True,False,True,False,True,True,False,False,False,False,0
1,0,1,1,-1.1588799138497925,1,0,-1.520229763696719,-0.9693051869691028,False,False,False,True,True,False,True,False,True,False,True,False,True,False,True,False,False,False,False,False,True,0
0,0,1,1,-1.0775271703235794,1,1,0.5174651027349126,-0.7854964904635411,False,True,True,False,False,False,False,False,False,False,False,True,False,False,False,False,False,False,False,True,False,1
1,0,0,0,0.7935859307793257,1,1,1.3272546279186106,1.376390578910365,False,False,True,False,False,False,False,True,False,True,False,True,False,True,False,True,True,False,False,False,False,1
1,1,0,0,-1.2402326573760059,1,1,-0.6658191830437152,-0.9651342025744943,False,False,False,False,False,False,False,False,False,False,False,False,False,False,False,False,False,False,False,True,False,1
0,0,0,0,1.525760622515245,0,1,-0.21465073329851214,0.8439973497627616,True,False,False,False,False,True,False,False,False,True,False,True,False,True,False,True,False,True,False,False,False,0
0,0,0,0,0.3868222131482594,0,1,-0.3336402145499943,0.02481601466165805,True,False,False,False,False,True,False,True,False,True,False,True,False,False,False,True,True,False,False,True,False,0
0,0,1,1,0.5902040719637925,0,1,-0.16011388772491622,0.2093052402000244,True,False,False,False,False,True,False,True,False,True,False,False,False,True,False,True,False,True,True,False,False,0
1,0,1,1,1.2410260201734986,1,0,-1.4921350250678969,-0.4461100760390835,False,False,False,True,True,False,True,False,True,False,True,False,True,False,True,False,False,True,False,False,True,0
0,0,1,0,1.6071133660414583,1,1,0.9785493425844061,2.03270594967673,False,True,True,False,False,True,False,True,False,False,False,False,False,False,False,True,False,True,True,False,False,0
1,1,1,0,1.0783205331210721,1,1,0.9587177623758254,1.4413262201695851,False,True,True,False,False,False,False,False,False,False,False,False,False,True,False,True,False,False,False,False,False,1
0,1,0,0,-0.6300870809294065,1,1,0.5885282651489925,-0.3608463739935082,False,True,True,False,False,False,False,False,False,True,False,False,False,False,False,False,False,False,True,False,False,0
0,0,1,0,1.525760622515245,1,1,1.3041177843419334,2.1498447535168923,False,True,True,False,False,False,False,False,False,True,False,True,False,True,False,True,False,True,False,False,False,0
0,0,0,0,0.02073486728029968,1,1,0.8529493345967305,0.3063135561988392,False,True,True,False,False,True,False,False,False,False,False,False,False,False,False,True,False,False,False,True,False,0
0,0,1,1,0.6308804437268991,1,1,0.5686966849404118,0.7630802525073572,False,True,True,False,False,False,False,False,False,False,False,False,False,False,False,True,True,False,False,False,True,1
1,0,0,0,-1.0368507985604727,1,1,0.6728124810354589,-0.7417231068695974,False,True,True,False,False,False,False,False,False,False,False,False,False,False,False,True,False,False,False,False,True,1
0,0,0,0,-1.1995562856128992,1,1,-0.15185072930467441,-0.9314150866265015,False,True,False,False,False,False,False,False,False,False,False,False,False,True,False,False,False,False,False,True,False,0
1,0,0,0,-1.2402326573760059,1,1,0.21338087287001373,-0.9370129867350551,False,False,True,False,False,False,False,False,False,False,False,False,False,False,False,False,False,False,True,False,False,0
1,0,0,1,-0.9961744267973661,0,1,-0.6707770780958605,-0.8554812180951821,True,False,False,False,False,True,False,False,False,False,False,True,False,False,False,True,False,True,False,False,True,0
1,0,0,0,-1.1588799138497925,1,0,0.7009072196642808,-0.8710016705530147,False,False,True,False,False,False,False,False,False,True,False,False,False,False,False,True,False,False,False,True,False,0
0,0,0,0,1.4850842507521385,1,1,1.5090441131639305,2.26704941500539,False,True,True,False,False,False,False,True,False,True,False,True,False,True,False,True,False,True,False,False,False,0
1,0,1,0,0.7122331872531124,1,1,1.1041493505720814,1.126943759563333,False,True,True,False,False,False,False,True,False,False,False,False,False,True,False,True,True,False,False,True,False,0
0,0,1,0,1.200349648410392,1,1,1.2066125149830798,1.700344351074771,False,True,True,False,False,False,False,False,False,True,False,False,False,True,False,True,False,False,False,True,False,0
0,0,0,0,-0.9961744267973661,1,1,1.1504230377254359,-0.646031943837501,False,True,True,False,False,False,False,False,False,True,False,False,False,True,False,True,False,False,False,True,False,1
1,0,0,0,1.2410260201734986,1,0,-1.465692918123123,-0.4231477093192915,False,False,False,True,True,False,True,False,True,False,True,False,True,False,True,False,True,False,False,False,True,0
0,0,1,1,1.1596732766472853,1,1,0.2960124570724319,1.0204080371052546,False,False,False,False,False,False,False,False,False,True,False,True,False,True,False,True,False,True,False,False,False,0
0,0,1,1,-0.7114398244556197,1,0,0.3852545680110436,-0.49890595745504857,False,False,False,False,False,False,False,True,False,True,False,True,False,True,False,True,False,False,False,False,False,0
1,0,0,0,-1.1995562856128992,1,0,-0.3369454779180911,-0.9232487382328471,False,False,False,False,False,False,False,False,False,False,False,False,False,False,False,True,False,False,False,False,True,0
0,1,0,0,1.0783205331210721,1,1,0.4744966789496553,1.0091244266903665,False,True,True,False,False,False,False,True,False,False,False,False,False,False,False,False,False,True,True,False,False,0
0,0,1,1,-0.34535247858766,0,1,-0.40800864033217066,-0.4758338279880301,True,False,False,False,False,True,False,True,False,True,False,True,False,False,False,True,False,True,False,False,True,0
0,1,1,0,1.3630551354628184,1,1,1.3586546299155295,2.0562171301326546,False,True,True,False,False,False,False,False,False,True,False,True,False,True,False,True,True,False,True,False,False,1
0,0,0,0,-1.2809090291391125,1,0,-0.6757349731480056,-0.9867794163275676,False,False,False,False,False,False,False,False,False,False,False,False,False,False,False,False,False,False,False,False,True,1
1,0,0,0,-0.34535247858766,1,1,-0.4542823274855248,-0.44885414471974694,False,False,False,False,False,False,False,False,False,False,False,True,False,False,False,False,False,False,True,False,False,0
0,0,1,1,0.02073486728029968,1,0,-1.4888297616998003,-0.7246879285000386,False,False,False,True,True,False,True,False,True,False,True,False,True,False,True,False,False,True,True,False,False,0
1,0,0,0,-0.792792567981833,1,0,1.1867809347744998,-0.42968956905399325,False,True,True,False,False,False,False,False,False,False,False,True,False,True,False,True,False,False,False,True,False,0
0,0,0,1,-0.670763452692513,1,1,0.5339914195753963,-0.43017252514179,False,False,True,False,False,False,False,False,False,False,False,False,False,True,False,False,False,False,False,True,False,1
1,0,1,1,1.1596732766472853,1,0,-1.4640402864390747,-0.43289464127300814,False,False,False,True,True,False,True,False,True,False,True,False,True,False,True,False,False,True,True,False,False,0
1,0,0,0,-1.2809090291391125,1,1,-0.6592086563075219,-0.9865598908331146,False,False,False,False,False,False,False,False,False,False,False,False,False,False,False,False,False,False,False,False,True,0
0,0,1,0,-0.10129424800902022,1,0,0.1786756075049982,-0.04084406072925727,False,False,False,False,False,False,False,True,False,True,False,True,False,False,False,True,True,False,False,False,False,0
1,0,1,0,-1.0775271703235794,1,1,0.8645177563850689,-0.7731372051258327,False,False,True,False,False,False,False,True,False,True,False,False,False,False,False,True,False,False,False,True,False,1
1,0,1,1,-1.0368507985604727,0,0,-0.5022086463229274,-0.8721212505747253,True,False,False,False,False,True,False,False,False,True,False,True,False,False,False,True,False,True,True,False,False,0
0,0,0,0,-1.118203542086686,1,1,-0.02790335300104717,-0.8437146515924971,False,True,False,False,False,False,False,True,False,False,False,False,False,False,False,True,False,False,False,True,False,0
1,0,0,0,1.2410260201734986,1,0,0.21999139960620728,1.0029557602962351,False,True,False,False,False,True,False,True,False,True,False,True,False,False,False,False,True,False,False,True,False,0
1,0,1,0,0.3461458413851527,1,1,-1.4904823933838485,-0.61136886826336,False,False,False,True,True,False,True,False,True,False,True,False,True,False,True,False,False,True,False,True,False,0
0,0,1,0,0.10208761080651294,1,1,-0.08905072531083666,-0.03357776686286053,False,False,False,False,False,True,False,False,False,False,False,False,False,True,False,False,True,False,False,False,False,0
0,0,1,1,1.0376441613579654,1,0,-1.465692918123123,-0.48318793205220817,False,False,False,True,True,False,True,False,True,False,True,False,True,False,True,False,False,True,True,False,False,0
1,0,0,0,-0.46738159387697986,1,1,-1.470650813175268,-0.8206864272243694,False,False,False,True,True,False,True,False,True,False,True,False,True,False,True,False,True,False,False,False,True,0
0,0,0,0,-1.2809090291391125,1,1,1.0165598713175181,-0.9643000056955726,False,False,True,False,False,True,False,False,False,False,False,False,False,True,False,True,False,False,False,True,False,1
1,0,0,0,-1.1588799138497925,1,0,-1.5152718686445739,-0.9716321572103053,False,False,False,True,True,False,True,False,True,False,True,False,True,False,True,False,False,False,False,False,True,0
1,0,0,0,1.525760622515245,1,1,1.656128333044235,2.3793586579675847,False,True,True,False,False,True,False,True,False,True,False,True,False,True,False,True,False,True,False,False,False,0
0,0,1,0,1.3223787636997117,1,1,1.4148441071731739,2.1034590165389573,False,True,True,False,False,False,False,True,False,True,False,True,False,True,False,True,False,True,False,False,False,0
0,0,1,1,1.3223787636997117,1,1,1.3041177843419334,1.9464763354555614,False,True,True,False,False,True,False,False,False,True,False,False,False,True,False,True,False,True,True,False,False,0
0,0,0,0,0.3868222131482594,1,1,1.2875914675014497,0.8937198742563837,False,False,True,False,False,False,False,True,False,True,False,True,False,True,False,True,False,False,False,False,False,0
0,0,1,0,-0.8741453115080462,1,1,1.0363914515260988,-0.4697310192422346,False,True,True,False,False,True,False,False,False,False,False,True,False,True,False,False,False,False,True,False,False,1
0,0,0,0,0.752909559016219,1,1,-1.4871771300157517,-0.56856139684501,False,False,False,True,True,False,True,False,True,False,True,False,True,False,True,False,True,False,False,False,False,0
1,0,0,0,-1.2402326573760059,1,0,-1.470650813175268,-0.9916967874033167,False,False,False,True,True,False,True,False,True,False,True,False,True,False,True,False,False,False,False,False,True,1
1,0,0,0,-1.1588799138497925,1,1,-0.29562968581688204,-0.901559619380883,False,False,False,False,False,False,False,False,False,False,False,False,False,False,False,True,False,False,False,True,False,0
0,0,0,0,-0.18264699153523348,1,1,-0.17498757288135158,-0.28339777955046247,False,False,False,False,False,False,False,False,False,True,False,False,False,True,False,False,False,False,False,False,False,0
1,0,0,1,-1.118203542086686,1,0,-1.470650813175268,-0.9527090595884501,False,False,False,True,True,False,True,False,True,False,True,False,True,False,True,False,False,False,True,False,False,0
0,0,1,1,0.427498584911366,0,1,-0.14689283425252936,0.153062808521146,True,False,False,False,False,True,False,False,False,True,False,True,False,True,False,True,True,False,True,False,False,0
1,0,1,1,0.10208761080651294,1,0,-1.4855244983317035,-0.7138653216235019,False,False,False,True,True,False,True,False,True,False,True,False,True,False,True,False,True,False,False,True,False,0
1,0,1,1,-1.2402326573760059,1,1,-0.6724297097799088,-0.9667367386840017,False,False,False,False,False,False,False,False,False,False,False,False,False,False,False,False,False,False,False,True,False,0
0,0,0,0,-1.2402326573760059,1,0,-1.4987455518040902,-0.9941774254906363,False,False,False,True,True,False,True,False,True,False,True,False,True,False,True,False,False,False,False,False,True,0
1,0,1,1,0.5902040719637925,1,1,1.1405072476211453,1.0788457237286637,False,True,True,False,False,False,False,True,False,False,False,False,False,True,False,True,False,False,False,True,False,1
0,0,1,1,-0.7114398244556197,1,0,-0.6129349691541678,-0.7255221253789603,False,False,False,False,False,False,False,False,False,False,False,False,False,False,False,False,False,False,False,True,False,0
0,0,1,1,-0.8741453115080462,0,0,-0.47246127601005694,-0.7580558036569064,True,False,False,False,False,True,False,False,False,False,False,False,False,True,False,True,False,False,False,True,False,0
0,0,0,0,-0.8334689397449395,1,0,-1.4772613399114616,-0.8918126874271664,False,False,False,True,True,False,True,False,True,False,True,False,True,False,True,False,True,False,False,True,False,0
0,1,0,0,0.3054694696220461,1,1,0.8826967049096007,0.606624432610649,False,False,True,False,False,False,False,False,False,False,False,False,False,True,False,True,False,False,False,True,False,0
0,0,0,0,-0.42670522211387324,1,1,-1.5070087102243321,-0.8251427947617668,False,False,False,True,True,False,True,False,True,False,True,False,True,False,True,False,True,False,False,False,True,0
1,0,0,0,1.403731507225925,1,1,-1.5003981834881386,-0.4811902500526852,False,False,False,True,True,False,True,False,True,False,True,False,True,False,True,False,True,False,False,False,True,0
0,0,0,1,-0.8741453115080462,0,0,-1.3103455398225767,-0.86531596024668,True,False,False,False,False,False,False,False,False,False,False,False,False,False,False,False,False,False,False,True,False,0
1,0,0,1,-1.2809090291391125,0,0,-1.3252192249790122,-0.9954067682595736,True,False,False,False,False,False,False,False,False,False,False,False,False,False,False,False,False,False,False,True,False,1
0,0,1,0,1.525760622515245,0,1,-0.4955981195867339,0.47341636257652164,True,False,False,False,False,True,False,False,False,True,False,True,False,False,False,True,False,True,False,False,False,0
0,0,0,0,0.26479309785893945,1,1,-0.20638757487827034,-0.029604355413259748,False,False,False,False,False,False,False,True,False,False,False,False,False,True,False,False,True,False,True,False,False,0
1,0,0,0,-0.3860288503507666,1,0,-1.4772613399114616,-0.8281941991346646,False,False,False,True,True,False,True,False,True,False,True,False,True,False,True,False,True,False,False,False,False,0
1,0,0,0,-1.2809090291391125,1,0,-1.511966605276477,-0.9978874063468934,False,False,False,True,True,False,True,False,True,False,True,False,True,False,True,False,False,False,False,False,True,0
1,0,0,0,-1.2809090291391125,1,1,-0.4856823294824438,-0.9842548731413573,False,True,False,False,False,False,False,False,False,False,False,False,False,False,False,False,False,False,False,True,False,0
1,0,1,0,0.5902040719637925,1,1,0.4645808888453652,0.5964164971185809,False,True,True,False,False,False,False,True,False,False,False,False,False,False,False,False,True,False,False,True,False,0
0,1,0,0,-1.2809090291391125,1,1,0.20842297781786892,-0.9750348023743279,False,False,True,False,False,False,False,False,False,False,False,False,False,False,False,False,False,False,False,True,False,1
1,0,1,1,0.14276398256961956,1,0,-1.5003981834881386,-0.6750093091053072,False,False,False,True,True,False,True,False,True,False,True,False,True,False,True,False,False,True,True,False,False,0
0,0,1,1,-0.5894107091662998,1,1,-1.4739560765433648,-0.829796735244172,False,False,False,True,True,False,True,False,True,False,True,False,True,False,True,False,False,False,False,False,True,0
1,0,0,0,0.8342623025424323,1,0,-1.3483560685556895,-0.43467279777807805,False,True,False,True,True,False,True,False,True,False,True,False,True,False,True,False,True,False,False,False,False,0
0,0,1,1,1.6071133660414583,1,1,0.695949324612136,1.676657550223284,False,True,False,False,False,True,False,False,False,True,False,True,False,True,False,True,False,True,True,False,False,0
1,0,1,0,-1.1588799138497925,1,0,0.024980860888500257,-0.8964666279095717,False,True,False,False,False,False,False,False,False,True,False,False,False,True,False,False,False,False,False,True,False,0
1,0,0,0,-0.9554980550342594,1,0,-0.163419151093013,-0.7681320238523026,False,True,False,False,False,False,False,False,False,False,False,False,False,False,False,True,False,False,False,False,True,0
1,0,1,1,-0.792792567981833,1,1,-1.4871771300157517,-0.8956324310306499,False,False,False,True,True,False,True,False,True,False,True,False,True,False,True,False,False,False,False,False,True,0
1,0,1,0,1.6071133660414583,1,1,1.5222651666363176,2.6118800616922844,False,True,True,False,False,True,False,False,False,True,False,True,False,True,False,True,False,True,True,False,False,0
0,0,1,1,0.26479309785893945,1,1,-0.16507178277706125,0.021764610288760353,False,False,False,False,False,False,False,False,False,True,False,False,False,True,False,False,False,False,False,False,True,0
0,0,1,0,0.3461458413851527,1,1,1.6115072775749288,1.0111440612393345,False,True,True,False,False,True,False,True,False,True,False,True,False,True,False,True,False,False,False,False,False,1
1,0,0,0,0.10208761080651294,1,1,-0.17333494119730308,-0.08650536357549736,False,True,False,False,False,True,False,False,False,True,False,False,False,False,False,False,False,False,False,True,False,0
0,0,1,1,-0.5894107091662998,1,0,-1.4673455498071712,-0.8495320771955037,False,False,False,True,True,False,True,False,True,False,True,False,True,False,True,False,False,False,False,False,True,0
0,0,1,0,0.3054694696220461,1,0,-0.27249284224020487,0.03827292747163173,False,True,False,False,False,False,False,True,False,False,False,False,False,False,False,False,False,False,True,False,False,0
1,0,1,0,-0.5894107091662998,1,0,-0.26588231550401153,-0.5344471350070017,False,True,False,False,False,False,False,True,False,False,False,False,False,False,False,False,False,False,True,False,False,0
1,0,0,0,-1.2809090291391125,1,0,-0.4493244324333798,-0.9837719170535605,False,False,False,False,False,True,False,False,False,False,False,False,False,False,False,False,False,False,False,False,True,0
0,0,0,0,-1.1995562856128992,1,1,1.0925809287837431,-0.8678405034328903,False,False,True,False,False,False,False,True,False,False,False,True,False,True,False,True,False,False,False,True,False,1
1,0,0,1,-0.5894107091662998,1,1,0.5191177344189609,-0.38868220669015835,False,True,True,False,False,False,False,False,False,True,False,False,False,False,False,False,False,False,True,False,False,0
1,0,0,0,-0.8334689397449395,1,1,-0.16672441446110978,-0.6867319705091015,False,False,False,False,False,False,False,False,False,False,False,True,False,True,False,False,True,False,False,True,False,1
1,0,1,1,-0.9961744267973661,1,1,0.37368614622270524,-0.7227341515994062,False,True,False,False,False,True,False,True,False,False,False,True,False,False,False,True,False,True,True,False,False,0
0,0,1,0,-0.7114398244556197,1,0,1.2198335684554669,-0.2733215593550662,False,False,True,False,False,True,False,False,False,True,False,False,False,True,False,True,False,False,False,True,False,0
1,0,0,0,-0.7114398244556197,1,0,1.0198651346856151,-0.36916639023327985,False,True,True,False,False,False,False,True,False,False,False,True,False,False,False,True,False,False,False,True,False,0
1,0,0,0,0.10208761080651294,1,1,-1.29712448635019,-0.610578576483329,False,True,False,True,True,False,True,False,True,False,True,False,True,False,True,False,False,False,False,True,False,0
0,1,1,0,-1.1995562856128992,1,1,0.5141598393668161,-0.9079039061705769,False,False,True,False,False,False,False,False,False,False,False,False,False,True,False,False,False,False,False,True,False,1
0,0,0,0,1.403731507225925,1,0,-1.4640402864390747,-0.41645218173847265,False,False,False,True,True,False,True,False,True,False,True,False,True,False,True,False,True,False,False,True,False,0
0,0,1,0,1.5664369942783516,1,0,0.6909914295599907,1.726292264519125,False,True,False,False,False,True,False,True,False,True,False,True,False,True,False,True,False,True,True,False,False,0
0,0,0,0,-0.9961744267973661,1,0,-1.4739560765433648,-0.9295930250225409,False,False,False,True,True,False,True,False,True,False,True,False,True,False,True,False,False,True,False,False,True,0
1,0,0,0,1.3223787636997117,1,1,-1.3136508031906735,-0.24891032437188404,False,True,False,True,True,False,True,False,True,False,True,False,True,False,True,False,False,True,False,False,False,0
0,1,1,0,1.200349648410392,1,1,0.49928615421038075,1.1098427235454382,False,False,False,False,False,True,False,False,False,True,False,True,False,True,False,True,False,True,True,False,False,0
1,0,1,0,1.3630551354628184,0,1,-0.27249284224020487,0.6573787269282004,True,False,False,False,False,True,False,True,False,True,False,True,False,True,False,False,False,True,False,False,False,0
1,0,0,0,-1.2809090291391125,1,0,-0.645987602835135,-0.9863842704375521,False,False,False,False,False,False,False,False,False,False,False,False,False,False,False,False,False,False,False,True,False,1
0,0,0,0,-0.670763452692513,1,1,0.011759807416113634,-0.5481894309597645,False,True,False,False,False,False,False,False,False,True,False,False,False,False,False,True,False,False,True,False,False,1
1,0,0,0,-0.792792567981833,1,0,-1.5053560785402837,-0.8922736909655178,False,False,False,True,True,False,True,False,True,False,True,False,True,False,True,False,True,False,True,False,False,0
0,1,0,0,-0.670763452692513,1,1,-0.355124426442623,-0.6159569510974294,False,True,False,False,False,True,False,False,False,False,False,False,False,False,False,False,False,False,False,True,False,0
1,1,1,0,1.4444078789890318,0,1,-0.7567139256663752,0.29584219011342744,True,False,False,False,False,True,False,True,False,True,False,False,False,False,False,False,False,True,False,True,False,0
1,0,0,0,-1.118203542086686,1,1,0.9917703960567926,-0.8030804825692326,False,True,True,False,False,False,False,False,False,False,False,False,False,True,False,True,False,False,False,False,False,1
0,0,1,0,0.8342623025424323,1,0,0.30592824717672196,0.6770262586817509,False,True,False,False,False,True,False,True,False,True,False,False,False,False,False,True,True,False,False,False,False,0
1,0,0,1,-1.2809090291391125,1,1,-1.5003981834881386,-0.9977337385007763,False,False,False,True,True,False,True,False,True,False,True,False,True,False,True,False,False,False,False,False,True,1
1,0,1,0,1.1596732766472853,1,1,1.3454335764431424,1.7516035540295647,False,True,True,False,False,False,False,True,False,True,False,False,False,True,False,True,False,False,False,True,False,1
1,0,0,0,1.2817023919366053,1,0,1.1372019842530487,1.869269219056414,False,True,True,False,False,True,False,False,False,True,False,True,False,False,False,True,False,True,True,False,False,0
0,0,1,0,1.3223787636997117,1,1,1.1669493545659195,1.910561964563038,False,True,True,False,False,True,False,True,False,False,False,True,False,True,False,False,True,False,False,False,False,0
1,0,1,1,1.5664369942783516,1,0,-1.5003981834881386,-0.4010634445773119,False,False,False,True,True,False,True,False,True,False,True,False,True,False,True,False,False,True,False,False,True,0
1,0,1,1,1.403731507225925,1,1,-1.455777128018833,-0.386377188998401,False,False,False,True,True,False,True,False,True,False,True,False,True,False,True,False,False,True,False,False,True,0
1,0,1,1,0.5088513284375793,1,1,0.9967282911089379,0.9118746326476533,False,True,True,False,False,False,False,True,False,True,False,False,False,False,False,True,True,False,True,False,False,0
0,0,0,0,-1.118203542086686,1,0,-0.3633875848628648,-0.892207833317182,False,False,False,False,False,True,False,False,False,False,False,True,False,False,False,False,False,False,True,False,False,1
0,0,0,1,-0.42670522211387324,0,1,-0.5088191730591207,-0.5534360902771929,True,False,False,False,False,False,False,False,False,True,False,False,False,True,False,True,True,False,True,False,False,0
0,0,0,0,-0.46738159387697986,1,1,0.8331177543881498,-0.18836519300172525,False,False,True,False,False,False,False,True,False,True,False,False,False,False,False,True,False,False,False,True,False,0
1,0,0,0,-0.10129424800902022,1,1,0.9967282911089379,0.24607576052091484,False,True,True,False,False,True,False,True,False,True,False,True,False,False,False,False,False,False,True,False,False,0
0,0,1,0,0.02073486728029968,1,1,1.2859388358174015,0.4693990460280305,False,False,True,False,False,True,False,False,False,True,False,True,False,True,False,True,True,False,False,True,False,1
1,0,1,1,-1.2809090291391125,1,1,0.8347703860721981,-0.9667147861345564,False,False,True,False,False,False,False,False,False,False,False,False,False,True,False,True,False,False,False,True,False,0
1,0,1,0,-0.34535247858766,1,1,1.1966967248787899,0.04384887503074002,False,True,True,False,False,False,False,False,False,True,False,False,False,True,False,True,False,False,False,True,False,1
1,1,1,0,-0.01994150448280695,1,0,0.6761177444035554,0.16208530634316737,False,True,True,False,False,False,False,False,False,False,False,False,False,False,False,True,False,False,False,True,False,1
1,1,1,1,1.6071133660414583,1,1,1.656128333044235,2.5923642452354057,False,True,True,False,False,True,False,True,False,True,False,True,False,True,False,True,False,True,False,False,False,0
1,0,0,1,-0.46738159387697986,1,0,-1.4954402884359934,-0.8319700376392575,False,False,False,True,True,False,True,False,True,False,True,False,True,False,True,False,False,True,False,False,True,0
0,0,0,0,-1.2402326573760059,1,1,0.4926756274741872,-0.9340493925599385,False,False,True,False,False,False,False,False,False,False,False,False,False,True,False,False,False,False,False,True,False,1
1,0,1,0,1.2817023919366053,1,1,1.3355177863388523,1.9895472374672551,False,True,True,False,False,False,False,True,False,False,False,True,False,True,False,True,False,True,False,True,False,0
1,0,0,0,1.0376441613579654,1,0,-1.4723034448593166,-0.5094870862876869,False,False,False,True,True,False,True,False,True,False,True,False,True,False,True,False,False,True,True,False,False,0
0,0,1,0,0.9562914178317522,1,1,1.1041493505720814,1.4121732345062166,False,True,True,False,False,False,False,True,False,False,False,False,False,True,False,True,True,False,False,True,False,1
1,0,0,0,-0.26399973506144675,1,1,0.5174651027349126,-0.08918357460782486,False,True,True,False,False,False,False,False,False,False,False,True,False,False,False,False,False,False,False,True,False,1
1,0,1,1,1.4850842507521385,1,1,-1.2839034328778032,-0.21749622611564867,False,True,False,True,True,False,True,False,True,False,True,False,True,False,True,False,False,True,False,False,False,0
0,1,0,0,0.6715568154900058,1,1,0.8595598613329236,0.976415128016858,False,True,True,False,False,False,False,False,False,True,False,False,False,False,False,True,False,False,True,False,False,1
0,0,0,0,-1.2809090291391125,1,0,0.19520192434548184,-0.9752104227698905,False,False,True,False,False,False,False,False,False,False,False,False,False,False,False,False,False,False,False,False,True,1
1,0,1,1,-1.0368507985604727,1,1,0.215033504554062,-0.7798327327066517,False,False,False,False,False,True,False,False,False,True,False,True,False,False,False,True,False,False,True,False,False,0
1,0,1,1,1.6071133660414583,1,0,1.5222651666363176,2.4722179421212362,False,True,True,False,False,False,False,True,False,True,False,True,False,True,False,True,False,True,True,False,False,0
0,0,0,0,-1.1995562856128992,1,1,-0.04112440647343403,-0.9379349938117579,False,True,False,False,False,False,False,False,False,False,False,True,False,True,False,False,False,False,False,True,False,1
1,1,0,0,-1.1995562856128992,1,1,0.5455598413637346,-0.9036670641276326,False,True,True,False,False,False,False,True,False,False,False,False,False,False,False,False,False,False,False,True,False,1
1,0,1,1,1.5664369942783516,1,1,1.624728331047316,2.5833636999628293,False,True,True,False,False,True,False,True,False,True,False,True,False,True,False,True,False,True,False,False,False,0
1,1,1,0,0.4681749566744726,0,1,-1.1401244763655956,-0.40929565061930234,True,False,False,False,False,False,False,True,False,False,False,False,False,False,False,False,False,False,False,True,False,1
1,0,0,1,-1.2809090291391125,1,1,-1.5086613419083803,-0.9978435012480028,False,False,False,True,True,False,True,False,True,False,True,False,True,False,True,False,False,False,False,False,True,0
0,1,0,0,-1.0775271703235794,1,0,0.3158440372810125,-0.8156812459508392,False,False,True,False,False,False,False,False,False,True,False,False,False,False,False,False,False,False,False,True,False,1
0,0,1,1,1.5664369942783516,1,0,1.1785177763542578,2.0805405549180556,False,True,True,False,False,True,False,True,False,True,False,False,False,True,False,False,False,True,False,False,False,0
1,0,0,0,-1.2402326573760059,1,1,0.6942966929280873,-0.9328200497910012,False,False,True,False,False,False,False,False,False,True,False,False,False,False,False,True,False,False,False,True,False,1
0,1,0,0,-0.7521161962187263,0,1,-0.6112823374701193,-0.7109236799978307,True,False,False,False,False,False,False,False,False,False,False,False,False,True,False,True,False,False,False,True,False,0
1,1,0,0,-0.9961744267973661,1,1,1.1818230397223544,-0.6465148999252978,False,True,True,False,False,False,False,False,False,True,False,False,False,True,False,True,False,False,False,True,False,1
0,0,0,0,-1.2809090291391125,1,0,-1.470650813175268,-0.9973385926107607,False,False,False,True,True,False,True,False,True,False,True,False,True,False,True,False,False,False,False,False,True,0
0,0,0,0,-0.5894107091662998,1,1,0.6728124810354589,-0.3240319485737271,False,True,True,False,False,False,False,False,False,False,False,False,False,True,False,False,False,False,False,True,False,1
1,1,1,0,-0.670763452692513,1,1,0.8826967049096007,-0.3301128047700774,False,False,True,False,False,False,False,False,False,True,False,True,False,False,False,True,False,False,False,True,False,0
1,1,0,0,-1.1588799138497925,1,1,0.9884651326886961,-0.8208181425210411,False,False,True,False,False,False,False,False,False,True,False,False,False,True,False,True,False,False,False,True,False,0
0,0,0,0,1.3223787636997117,1,1,1.5272230616884623,2.1140620979210407,False,True,True,False,False,True,False,True,False,True,False,False,False,True,False,True,False,False,True,False,False,0
1,0,0,0,0.3054694696220461,1,0,0.08612823319828997,0.1927749704677076,False,False,False,False,False,True,False,False,False,True,False,False,False,False,False,True,False,False,False,True,False,0
0,0,1,0,1.6071133660414583,1,0,-1.465692918123123,-0.34670893215073,False,False,False,True,True,False,True,False,True,False,True,False,True,False,True,False,False,True,True,False,False,0
1,0,0,0,-0.8741453115080462,1,0,-1.497092920120042,-0.9082990520605925,False,False,False,True,True,False,True,False,True,False,True,False,True,False,True,False,False,True,True,False,False,0
0,1,0,0,0.10208761080651294,1,1,1.1305914575168552,0.5543773649308166,False,True,True,False,False,True,False,False,False,False,False,False,False,True,False,True,False,False,False,True,False,0
1,0,1,1,0.8342623025424323,1,0,0.005149280679920088,0.4706064362475224,False,False,False,False,False,False,False,True,False,False,False,True,False,True,False,False,False,False,True,False,False,0
0,0,1,0,0.9969677895948588,1,1,1.310728311078127,1.5935012929244585,False,True,True,False,False,False,False,True,False,True,False,False,False,True,False,True,False,False,True,False,False,1
0,0,0,0,0.14276398256961956,1,1,1.1338967208849522,0.5811594752540921,False,True,True,False,False,False,False,True,False,False,False,False,False,True,False,True,False,False,False,True,False,1
0,0,0,0,-0.9961744267973661,1,1,0.3439387759098345,-0.7530725749328215,False,True,True,False,False,False,False,False,False,False,False,False,False,False,False,False,False,False,False,True,False,0
0,1,1,0,1.3223787636997117,1,0,1.3355177863388523,1.9733023508777274,False,True,True,False,False,True,False,False,False,True,False,False,False,True,False,True,False,False,False,False,False,1
0,0,1,0,-0.7114398244556197,1,0,-1.4673455498071712,-0.861035213104845,False,False,False,True,True,False,True,False,True,False,True,False,True,False,True,False,False,False,True,False,False,0
1,0,0,0,1.4850842507521385,1,1,1.3768335784400614,2.220224627038549,False,True,True,False,False,False,False,False,False,True,False,True,False,True,False,True,False,True,False,False,False,1
0,0,0,1,0.6308804437268991,1,1,1.0132546079494216,1.0255888387743475,False,False,True,False,False,False,False,True,False,True,False,True,False,True,False,False,False,True,False,False,True,1
0,0,1,0,0.8342623025424323,1,0,-1.5136192369605257,-0.5714152282728999,False,False,False,True,True,False,True,False,True,False,True,False,True,False,True,False,True,False,True,False,False,0
0,0,1,1,-0.34535247858766,1,0,-1.3268718566630604,-0.7552458773279069,False,True,False,True,True,False,True,False,True,False,True,False,True,False,True,False,False,True,False,False,True,0
0,0,1,1,-0.01994150448280695,0,1,-0.9814718346969526,-0.5448087383451871,True,False,False,False,False,True,False,True,False,False,False,False,False,False,False,False,False,False,False,True,False,0
0,0,1,1,-0.792792567981833,1,1,-1.4904823933838485,-0.8979594012718526,False,False,False,True,True,False,True,False,True,False,True,False,True,False,True,False,False,True,False,False,False,0
0,1,0,0,1.4850842507521385,1,0,1.5007809547436886,2.272361931971155,False,True,True,False,False,True,False,False,False,True,False,True,False,True,False,True,False,True,True,False,False,0
0,0,0,0,0.6308804437268991,1,0,-0.30885073928926887,0.14726733546758464,False,False,False,False,False,True,False,True,False,False,False,False,False,False,False,False,False,True,True,False,False,0
1,0,1,0,0.22411672609583283,0,1,-0.16011388772491622,-0.04334665136602247,True,False,False,False,False,True,False,True,False,False,False,True,False,True,False,True,False,True,False,False,False,0
1,0,0,0,-1.1995562856128992,0,0,-1.3136508031906735,-0.9712370113202897,True,False,False,False,False,False,False,False,False,False,False,False,False,False,False,False,False,False,False,True,False,0
1,0,1,0,1.6071133660414583,1,0,-1.4590823913869295,-0.3511652996881275,False,False,False,True,True,False,True,False,True,False,True,False,True,False,True,False,False,True,False,False,False,0
0,1,0,0,-0.670763452692513,1,1,0.9785493425844061,-0.3427794258000199,False,False,True,False,False,False,False,False,False,False,False,True,False,True,False,True,False,False,False,True,False,1
0,1,1,0,1.4444078789890318,1,1,-0.13862967583228755,0.7393495465569797,False,False,False,False,False,False,False,True,False,True,False,True,False,False,False,False,True,False,False,False,False,0
0,0,0,0,-0.5080579656400865,1,0,-1.4921350250678969,-0.8276014802996412,False,False,False,True,True,False,True,False,True,False,True,False,True,False,True,False,False,True,False,False,True,0
1,0,1,1,1.200349648410392,1,0,-1.3235665932949638,-0.35812425786229,False,True,False,True,True,False,True,False,True,False,True,False,True,False,True,False,True,False,False,False,False,0
1,0,0,0,-0.06061787624591358,1,0,1.1438125109892423,0.35913139016424966,False,False,True,False,False,False,False,False,False,True,False,True,False,True,False,True,False,True,False,False,False,0
0,0,1,0,-0.6300870809294065,1,1,0.3488966709619798,-0.425606394857166,False,True,False,False,False,False,False,True,False,False,False,False,False,True,False,True,False,False,False,False,False,0
0,0,1,1,-0.3860288503507666,1,0,-1.3549665952918826,-0.7315810290258652,False,True,False,True,True,False,True,False,True,False,True,False,True,False,True,False,False,True,False,False,True,0
1,0,1,0,1.5664369942783516,1,1,1.1173704040444685,2.0507728978702184,False,True,True,False,False,False,False,False,False,True,False,False,False,True,False,True,True,False,True,False,False,0
1,0,1,1,1.6071133660414583,1,1,1.3636125249676743,2.3079470146219987,False,True,True,False,False,True,False,True,False,True,False,True,False,True,False,False,False,True,True,False,False,0
1,0,0,0,0.427498584911366,1,0,-1.2690297477213677,-0.5189047299997239,False,True,False,True,True,False,True,False,True,False,True,False,True,False,True,False,False,True,False,False,False,0
1,1,0,0,-0.9554980550342594,1,0,-0.5170823314793626,-0.8096223423039342,False,False,False,False,False,False,False,False,False,False,False,True,False,False,False,False,False,False,False,False,True,0
0,0,1,1,-1.1995562856128992,1,1,0.6579387958790235,-0.8899906258232059,False,True,True,False,False,False,False,False,False,False,False,False,False,False,False,True,False,False,False,False,False,1
0,1,0,0,-1.2809090291391125,1,1,0.6992545879802325,-0.9685148951890716,False,False,True,False,False,False,False,True,False,False,False,False,False,False,False,True,False,False,False,True,False,1
1,0,0,1,0.874938674305539,1,1,1.3553493665474325,1.5519231642750453,False,False,True,False,False,True,False,True,False,False,False,True,False,True,False,True,True,False,False,True,False,0
0,0,0,0,-1.2809090291391125,0,1,-1.3136508031906735,-0.9952531004134565,True,False,False,False,False,False,False,False,False,False,False,False,False,False,False,False,False,False,False,False,True,1
1,0,1,1,1.5664369942783516,1,1,0.19850718771357836,1.1773029079908688,False,False,False,False,False,True,False,False,False,True,False,True,False,False,False,True,False,True,True,False,False,0
0,0,1,1,1.1596732766472853,1,0,-1.511966605276477,-0.5040867591241411,False,False,False,True,True,False,True,False,True,False,True,False,True,False,True,False,True,False,True,False,False,0
0,1,1,0,1.6071133660414583,1,1,1.652823069676138,2.645730892936949,False,True,True,False,False,True,False,True,False,True,False,True,False,True,False,True,False,True,False,False,False,0
1,0,0,0,-1.2402326573760059,1,0,-1.4822192349636067,-0.9919163128977697,False,False,False,True,True,False,True,False,True,False,True,False,True,False,True,False,False,False,False,False,True,0
0,0,0,0,-1.2809090291391125,1,0,-0.6906086583044406,-0.9869769892725755,False,False,False,False,False,False,False,False,False,False,False,False,False,False,False,False,False,False,True,False,False,0
1,0,1,0,1.5664369942783516,1,1,1.3503914714952878,2.274381566520123,False,True,True,False,False,False,False,True,False,True,False,False,False,True,False,True,True,False,False,False,False,0
1,0,0,0,0.02073486728029968,0,1,-0.8509139316571319,-0.4315555357568444,True,False,False,False,False,False,False,True,False,False,False,False,False,True,False,False,True,False,False,True,False,0
0,0,0,0,-1.0775271703235794,1,0,-1.497092920120042,-0.9516333846656301,False,False,False,True,True,False,True,False,True,False,True,False,True,False,True,False,False,True,False,False,True,0
1,0,0,0,-0.8334689397449395,1,1,-0.6426823394670382,-0.7784497220915972,False,False,False,False,False,False,False,False,False,False,False,False,False,False,False,False,False,False,False,False,False,1
1,0,0,0,-0.9961744267973661,1,1,-0.18490336298564167,-0.8145836184785739,False,True,False,False,False,False,False,False,False,False,False,False,False,True,False,False,False,False,False,True,False,0
1,0,0,0,-1.118203542086686,1,0,1.3371704180229007,-0.7645318057432722,False,True,True,False,False,False,False,True,False,True,False,False,False,True,False,True,False,False,False,True,False,0
1,0,1,1,-0.6300870809294065,1,1,0.8116335424955214,-0.33037623536342103,False,False,True,False,False,True,False,False,False,True,False,False,False,True,False,False,False,False,False,True,False,1
1,0,0,1,1.525760622515245,1,1,1.644559911255896,2.4545461398177637,False,True,True,False,False,True,False,True,False,True,False,True,False,True,False,True,False,True,False,True,False,0
0,0,0,1,-0.8741453115080462,1,0,-1.47891397159551,-0.9090893438406237,False,False,False,True,True,False,True,False,True,False,True,False,True,False,True,False,False,False,True,False,False,1
0,0,0,0,-1.2402326573760059,1,0,0.5207703661030092,-0.9378691361634219,False,True,True,False,False,False,False,False,False,True,False,False,False,False,False,False,False,False,False,False,True,1
1,0,0,0,-1.118203542086686,1,0,-1.470650813175268,-0.965551301013955,False,False,False,True,True,False,True,False,True,False,True,False,True,False,True,False,False,False,False,False,True,0
1,0,1,0,-0.8741453115080462,1,1,0.3340229858055444,-0.6437488786951889,False,True,True,False,False,False,False,False,False,False,False,False,False,False,False,False,False,False,False,True,False,1
1,1,1,0,0.3461458413851527,1,1,0.9818546059525025,0.6847096509876086,False,False,True,False,False,False,False,True,False,False,False,False,False,True,False,True,False,False,False,True,False,0
0,0,1,1,0.22411672609583283,1,0,-1.4673455498071712,-0.6632646951520675,False,False,False,True,True,False,True,False,True,False,True,False,True,False,True,False,False,False,False,False,True,0
1,0,1,0,1.6071133660414583,1,1,0.8975703900660361,1.971436384174876,False,True,False,False,False,True,False,True,False,True,False,True,False,True,False,True,False,True,True,False,False,0
0,1,0,0,0.9156150460686455,1,1,1.1619914595137741,1.4125903329456773,False,True,True,False,False,False,False,False,False,True,False,False,False,True,False,True,True,False,False,True,False,1
0,0,1,1,0.9156150460686455,1,0,-1.510313973592429,-0.568056488207768,False,False,False,True,True,False,True,False,True,False,True,False,True,False,True,False,True,False,True,False,False,0
0,0,1,0,-1.1588799138497925,0,1,-1.3119981715066253,-0.9623901338938309,True,False,False,False,False,False,False,False,False,False,False,False,False,False,False,False,False,False,False,True,False,0
1,0,0,0,-1.2809090291391125,1,1,0.8496440712286335,-0.9665172131895485,False,False,True,False,False,False,False,False,False,False,False,False,False,True,False,True,False,False,False,True,False,1
0,1,0,0,-1.2402326573760059,1,1,0.4926756274741872,-0.9362885526033599,False,False,True,False,False,False,False,False,False,False,False,False,False,False,False,True,False,False,False,False,False,1
0,0,0,0,1.3630551354628184,0,1,-0.5765770721051038,0.3887014742670792,True,False,False,False,False,True,False,True,False,True,False,True,False,False,False,False,False,True,False,False,True,0
0,0,1,0,-0.5487343374031931,1,0,0.8198967009157633,-0.23308253622181718,False,True,True,False,False,False,False,False,False,True,False,False,False,False,False,True,False,False,False,False,True,1
1,0,0,1,-0.670763452692513,1,1,0.14066507877188567,-0.5304737235574011,False,True,False,False,False,True,False,True,False,False,False,False,False,False,False,True,False,False,False,True,False,0
0,0,1,1,-0.18264699153523348,1,1,0.846338807860537,0.0954154136777678,False,True,True,False,False,False,False,False,False,False,False,True,False,False,False,True,True,False,False,True,False,0
1,0,0,0,-1.2809090291391125,1,1,-0.632766549362748,-0.9862086500419898,False,False,False,False,False,False,False,False,False,False,False,False,False,False,False,False,False,False,False,False,True,1
0,0,1,0,1.403731507225925,1,0,0.7042124830323778,1.5770368808404778,False,True,False,False,False,False,False,True,False,True,False,True,False,True,False,True,False,True,False,False,False,0
0,0,1,1,-0.9148216832711529,1,0,0.6976019562961843,-0.6293041011601765,False,True,True,False,False,False,False,False,False,False,False,False,False,False,False,True,False,False,False,True,False,0
0,0,1,0,0.8342623025424323,1,1,1.1091072456242268,1.2546197871372429,False,True,True,False,False,False,False,True,False,False,False,False,False,True,False,True,False,False,True,False,False,1
1,0,0,0,0.3868222131482594,1,1,1.2198335684554669,0.8699891683060059,False,True,True,False,False,False,False,True,False,False,False,False,False,True,False,True,False,False,False,True,False,1
0,0,1,0,-0.42670522211387324,1,1,0.4744966789496553,-0.24111716931879978,False,True,False,False,False,True,False,False,False,False,False,True,False,True,False,True,False,False,False,True,False,1
1,0,0,0,-0.5080579656400865,1,0,0.4612756254772682,-0.2856588921433292,False,False,True,False,False,False,False,False,False,False,False,False,False,True,False,False,False,False,False,True,False,0
1,0,0,0,-1.2809090291391125,1,0,-0.6311139176786997,-0.9861866974925444,False,False,False,False,False,False,False,False,False,False,False,False,False,False,False,False,False,False,False,True,False,1
1,0,0,0,-0.42670522211387324,1,1,-0.34355600465428443,-0.5113091478916475,False,True,False,False,False,True,False,False,False,False,False,False,False,False,False,False,False,False,False,True,False,1
0,0,0,0,0.26479309785893945,0,0,-0.7848086642951974,-0.30508689840242653,True,False,False,False,False,False,False,True,False,True,False,True,False,False,False,False,False,False,False,False,False,0
0,0,0,0,-0.7521161962187263,1,0,-0.47576653937815344,-0.6702017007767848,False,False,False,False,False,False,False,True,False,False,False,False,False,False,False,False,False,False,False,True,False,0
1,0,0,1,-1.118203542086686,1,0,-1.4756087082274132,-0.9695027599141105,False,False,False,True,True,False,True,False,True,False,True,False,True,False,True,False,False,False,False,False,True,0
1,0,1,0,-0.9554980550342594,0,0,-1.3467034368716408,-0.892207833317182,True,False,False,False,False,False,False,False,False,False,False,False,False,False,False,False,True,False,False,False,False,1
1,0,0,1,-0.6300870809294065,1,0,-0.669124446411812,-0.7071039363943471,False,False,False,False,False,False,False,False,False,False,False,False,False,False,False,False,True,False,False,False,True,0
1,0,0,0,-0.9961744267973661,0,1,-1.1368192129974988,-0.9068501837972023,True,False,False,False,False,True,False,False,False,False,False,False,False,False,False,False,False,False,False,True,False,1
1,0,1,1,1.6071133660414583,1,1,-1.3103455398225767,-0.21646445629171915,False,True,False,True,True,False,True,False,True,False,True,False,True,False,True,False,False,True,False,False,False,0
1,0,1,0,-1.1995562856128992,1,1,-0.2989349491849788,-0.9384179498995546,False,False,False,False,False,False,False,False,False,True,False,True,False,False,False,False,False,False,False,False,True,0
1,1,0,0,1.403731507225925,1,0,-1.3136508031906735,-0.2721141691355743,False,True,False,True,True,False,True,False,True,False,True,False,True,False,True,False,False,True,True,False,False,0
1,0,0,0,-0.9961744267973661,1,1,-1.4673455498071712,-0.935015304735532,False,False,False,True,True,False,True,False,True,False,True,False,True,False,True,False,False,False,True,False,False,0
0,0,1,1,-0.792792567981833,1,0,-1.497092920120042,-0.8897930528781981,False,False,False,True,True,False,True,False,True,False,True,False,True,False,True,False,False,True,False,False,True,0
1,0,0,1,-1.0775271703235794,1,0,0.9802019742684543,-0.7536213886689542,False,False,True,False,False,False,False,False,False,True,False,False,False,True,False,True,False,False,False,False,True,1
1,0,1,0,-1.1995562856128992,1,1,-1.4640402864390747,-0.9838158221524511,False,False,False,True,True,False,True,False,True,False,True,False,True,False,True,False,False,False,True,False,False,1
0,0,1,0,1.525760622515245,1,1,0.9901177643727443,2.00519940522176,False,True,False,False,False,True,False,True,False,True,False,True,False,True,False,True,False,True,True,False,False,0
0,0,0,0,-0.792792567981833,0,1,-0.9831244663810009,-0.8104126340839654,True,False,False,False,False,False,False,False,False,False,False,False,False,False,False,True,False,False,False,True,False,1
1,0,0,0,-0.792792567981833,1,0,-1.5003981834881386,-0.887641703032558,False,False,False,True,True,False,True,False,True,False,True,False,True,False,True,False,True,False,False,False,True,0
1,1,1,0,-1.0368507985604727,1,1,1.0165598713175181,-0.7233707755333202,False,True,True,False,False,False,False,False,False,False,False,False,False,True,False,True,False,False,False,False,False,1
0,0,0,0,-0.792792567981833,1,1,0.17537034413690167,-0.6169667683719136,False,False,True,False,False,False,False,False,False,False,False,False,False,False,False,False,False,False,False,False,True,0
0,0,0,0,0.6308804437268991,1,1,0.6149703720937661,0.7006911069837927,False,True,False,False,False,True,False,True,False,True,False,False,False,True,False,True,True,False,True,False,False,0
1,0,1,0,1.0376441613579654,1,0,-0.15019809762062614,0.5584166340287533,False,False,False,False,False,True,False,True,False,True,False,False,False,False,False,False,True,False,True,False,False,1
1,0,1,1,0.7935859307793257,1,0,-1.3318297517152058,-0.42187446145146373,False,True,False,True,True,False,True,False,True,False,True,False,True,False,True,False,False,True,False,False,True,0
0,1,0,0,-0.26399973506144675,1,1,0.692644061244039,-0.043149078421014585,False,False,True,False,False,True,False,False,False,False,False,False,False,True,False,False,False,False,True,False,False,0
1,0,1,1,-0.42670522211387324,1,1,0.7901493306028925,-0.1785963084985633,False,True,True,False,False,False,False,False,False,True,False,False,False,True,False,False,False,False,False,True,False,0
0,0,1,0,-1.1588799138497925,1,0,-1.465692918123123,-0.9715662995619693,False,False,False,True,True,False,True,False,True,False,True,False,True,False,True,False,True,False,False,False,False,0
0,0,1,1,-1.2809090291391125,1,0,-1.5003981834881386,-0.9977337385007763,False,False,False,True,True,False,True,False,True,False,True,False,True,False,True,False,False,False,False,False,True,1
0,0,0,0,-1.2809090291391125,1,1,0.6662019542992653,-0.9689539461779778,False,True,True,False,False,False,False,False,False,False,False,False,False,False,False,True,False,False,False,True,False,1
0,0,0,0,-0.18264699153523348,1,0,-0.19316652140588347,-0.27988537163921323,False,True,False,False,False,True,False,False,False,True,False,False,False,False,False,False,True,False,False,False,True,0
0,0,0,0,1.4444078789890318,0,0,-0.01633493121270882,0.9868425890033792,True,False,False,False,False,True,False,True,False,True,False,True,False,True,False,True,False,True,True,False,False,0
1,0,1,1,-1.1588799138497925,1,1,0.15553876392832103,-0.8811876534956374,False,False,True,False,False,False,False,False,False,False,False,False,False,False,False,False,False,False,False,False,True,0
1,0,0,0,0.22411672609583283,1,1,1.3222967328664652,0.700427676390449,False,True,True,False,False,True,False,True,False,False,False,False,False,True,False,True,True,False,False,True,False,0
1,0,1,1,1.0783205331210721,1,1,1.5288756933725107,1.8717937622426244,False,True,True,False,False,True,False,True,False,False,False,True,False,True,False,True,False,True,False,False,True,0
0,0,0,0,0.1834403543327262,1,0,-0.006419141108418265,0.024552584068314398,False,True,False,False,False,True,False,False,False,False,False,False,False,True,False,False,True,False,False,False,False,0
0,0,1,1,-1.1995562856128992,1,0,-1.511966605276477,-0.9834426288118809,False,False,False,True,True,False,True,False,True,False,True,False,True,False,True,False,False,True,False,False,True,0
1,0,0,0,-0.14197061977212685,0,1,-1.3219139616109155,-0.6602791484275057,True,False,False,False,False,False,False,False,False,False,False,False,False,False,False,False,True,False,False,False,True,0
0,0,0,0,-1.0775271703235794,1,1,0.46953878389751,-0.8155056255552767,False,True,True,False,False,True,False,False,False,False,False,False,False,False,False,False,False,False,False,True,False,1
1,0,0,0,1.2410260201734986,1,0,0.846338807860537,1.5514182556378033,False,True,True,False,False,False,False,True,False,False,False,False,False,False,False,True,True,False,True,False,False,0
0,1,1,0,-0.7114398244556197,1,1,0.601749318621379,-0.4538154208943865,False,True,True,False,False,False,False,False,False,True,False,True,False,False,False,False,False,False,False,True,False,1
0,0,0,0,-0.9148216832711529,1,0,0.0018440173118235501,-0.7052818747903866,False,False,False,False,False,False,False,True,False,False,False,True,False,False,False,True,True,False,False,False,True,0
0,1,0,0,-1.1588799138497925,1,1,0.9735914475322608,-0.8199180879937835,False,True,True,False,False,False,False,False,False,False,False,False,False,True,False,True,False,False,False,True,False,1
1,0,1,0,-1.1995562856128992,1,1,0.48937036410609064,-0.8957421937778764,False,True,True,False,False,False,False,False,False,False,False,True,False,False,False,False,False,False,False,False,False,1
1,0,1,1,0.06141123904340631,1,1,0.8265072276519564,0.35116261471560295,False,False,True,False,False,False,False,True,False,True,False,False,False,True,False,False,False,False,False,True,False,0
1,0,0,0,-0.10129424800902022,1,0,-1.4921350250678969,-0.731844459619209,False,False,False,True,True,False,True,False,True,False,True,False,True,False,True,False,True,False,False,False,True,0
1,0,0,0,-1.0775271703235794,1,0,-1.460735023070978,-0.9582850071475582,False,False,False,True,True,False,True,False,True,False,True,False,True,False,True,False,False,False,False,False,True,0
0,0,0,0,-0.9961744267973661,1,0,0.039854546044935615,-0.754038487108415,False,False,False,False,False,True,False,False,False,False,False,True,False,False,False,True,False,False,False,False,False,0
1,0,1,0,1.2817023919366053,1,0,0.8132861741795697,1.4930903317616206,False,True,True,False,False,True,False,True,False,True,False,False,False,False,False,False,True,False,False,False,False,0
1,0,1,1,1.1596732766472853,0,0,-1.0327034169024518,-0.07671452652289024,True,False,False,False,False,True,False,False,False,True,False,False,False,False,False,False,False,False,False,False,False,0
1,0,0,1,-0.3860288503507666,1,1,-0.31546126602546243,-0.44244400028171704,False,False,False,False,False,False,False,True,False,False,False,True,False,False,False,False,False,False,False,False,False,0
1,1,0,0,-0.8741453115080462,1,1,1.5387914834768013,-0.4868540078095746,False,True,True,False,False,False,False,True,False,True,False,True,False,True,False,True,False,False,False,True,False,0
1,1,1,0,-0.3860288503507666,1,0,0.7256966949250063,-0.13877438380477516,False,True,True,False,False,False,False,False,False,False,False,False,False,False,False,True,False,False,False,True,False,0
1,1,1,0,0.10208761080651294,1,1,0.5538229997839764,0.22976501628305115,False,True,True,False,False,False,False,False,False,True,False,False,False,False,False,False,True,False,False,False,False,0
1,0,0,0,-1.2402326573760059,1,0,-0.09235598867893342,-0.9543335482474028,False,True,False,False,False,False,False,False,False,False,False,False,False,False,False,True,False,False,False,False,False,1
0,0,1,1,-0.46738159387697986,1,1,0.30427561549267373,-0.31885114690463445,False,False,True,False,False,False,False,True,False,False,False,False,False,False,False,False,False,False,False,False,False,1
1,0,1,0,0.752909559016219,1,1,0.6083598453575726,0.7892037863472734,False,False,False,False,False,True,False,True,False,True,False,True,False,True,False,True,False,True,True,False,False,0
0,0,0,0,-1.0775271703235794,1,1,-0.5088191730591207,-0.8681478391251247,False,False,False,False,False,True,False,False,False,False,False,False,False,False,False,False,False,False,False,True,False,0
1,0,0,0,-0.5487343374031931,0,1,-1.3119981715066253,-0.8006437495808034,True,False,False,False,False,False,False,False,False,False,False,False,False,False,False,False,False,False,False,False,False,0
0,1,0,0,1.3630551354628184,1,0,1.429717792329609,2.1718412080610907,False,True,True,False,False,False,False,True,False,True,False,False,False,True,False,True,True,False,False,False,False,0
1,0,0,0,0.10208761080651294,1,1,1.239665148664047,0.5857695106376066,False,False,True,False,False,False,False,True,False,True,False,False,False,True,False,True,True,False,False,False,False,1
0,0,1,0,-1.1588799138497925,1,1,0.8860019682776978,-0.8458440488886919,False,True,True,False,False,False,False,True,False,False,False,False,False,True,False,False,False,False,False,True,False,1
1,0,0,0,0.6308804437268991,1,0,-1.483871866647655,-0.5652465618787685,False,False,False,True,True,False,True,False,True,False,True,False,True,False,True,False,True,False,False,False,False,0
0,1,0,0,1.1189969048841788,1,1,1.3603072615995777,1.8218297597051039,False,True,True,False,False,False,False,False,False,True,False,True,False,True,False,True,True,False,False,True,False,1
0,0,0,0,-1.1588799138497925,1,1,1.1900861981425963,-0.8309821729142186,False,True,True,False,False,False,False,False,False,False,False,True,False,True,False,True,False,False,False,False,True,0
0,0,1,1,-1.0368507985604727,0,0,-0.9979981515374363,-0.8980033063707432,True,False,False,False,False,True,False,False,False,False,False,True,False,False,False,False,False,False,False,False,True,0
1,1,1,0,-0.18264699153523348,1,1,1.3536967348633842,0.3100015845056509,False,True,True,False,False,False,False,True,False,False,False,True,False,True,False,True,False,False,False,True,False,0
0,0,1,0,1.525760622515245,1,0,0.015065070784210172,1.083499664211069,False,True,False,False,False,True,False,False,False,True,False,True,False,False,False,False,False,True,True,False,False,1
1,0,0,0,0.7935859307793257,1,1,1.4693809527467696,1.510103557581734,False,True,True,False,False,True,False,False,False,True,False,True,False,True,False,True,False,True,False,True,False,0
0,0,0,0,-0.30467610682455337,1,1,0.6529809008268782,-0.08951286284950448,False,True,True,False,False,False,False,False,False,False,False,False,False,True,False,False,False,False,False,False,True,0
0,1,0,0,-1.2402326573760059,1,1,0.35054930264602807,-0.936727603592266,False,True,True,False,False,False,False,False,False,False,False,False,False,False,False,False,False,False,False,False,True,1
0,0,0,0,0.9562914178317522,1,1,-1.497092920120042,-0.5318567341724555,False,False,False,True,True,False,True,False,True,False,True,False,True,False,True,False,False,True,False,False,False,0
0,0,1,0,-0.26399973506144675,1,0,0.4778019423177518,-0.12123429679797426,False,True,True,False,False,False,False,True,False,False,False,False,False,False,False,False,False,False,False,False,False,0
0,0,1,0,1.1189969048841788,1,1,1.365265156651723,1.8085923723895836,False,True,True,False,False,False,False,True,False,True,False,False,False,True,False,True,False,False,False,True,False,0
0,0,1,0,1.5664369942783516,1,0,-1.3153034348747221,-0.1836234423215388,False,True,False,True,True,False,True,False,True,False,True,False,True,False,True,False,False,True,True,False,False,0
1,0,0,0,-0.8741453115080462,1,0,0.3340229858055444,-0.6482271987820317,False,False,True,False,False,False,False,True,False,False,False,False,False,False,False,False,False,False,False,True,False,1
1,0,1,1,-0.10129424800902022,1,0,0.6810756394557007,0.09572274937000204,False,True,True,False,False,False,False,False,False,False,False,False,False,True,False,False,False,False,False,True,False,0
0,0,1,0,1.6071133660414583,1,1,-1.2839034328778032,-0.22651872393767014,False,True,False,True,True,False,True,False,True,False,True,False,True,False,True,False,False,True,False,False,True,0
1,0,1,0,-0.30467610682455337,1,0,-0.30719810760522065,-0.3892749255251817,False,True,False,False,False,False,False,False,False,True,False,False,False,False,False,False,False,False,True,False,False,0
1,1,0,0,-0.5487343374031931,1,1,0.7422230117654899,-0.2874150960989538,False,False,True,False,False,True,False,False,False,False,False,False,False,False,False,True,False,False,False,True,False,0
0,1,1,0,1.6071133660414583,1,1,1.484254637903205,2.539217123028316,False,True,True,False,False,True,False,False,False,True,False,True,False,True,False,True,False,True,False,False,True,0
0,1,0,0,1.3630551354628184,1,1,-0.03286124805319222,0.8264792153054062,False,True,False,False,False,True,False,True,False,False,False,True,False,False,False,False,True,False,True,False,False,0
1,0,0,0,-0.9554980550342594,0,1,-1.3186086982428187,-0.922743829595605,True,False,False,False,False,False,False,False,False,False,False,False,False,False,False,False,False,False,False,True,False,0
0,0,0,0,-0.30467610682455337,1,1,1.1454651426732907,0.033860465033124995,False,False,True,False,False,False,False,True,False,True,False,False,False,True,False,True,False,False,False,True,False,1
0,0,0,0,-0.06061787624591358,1,0,1.3057704160259815,0.40114856980256863,False,True,True,False,False,True,False,True,False,False,False,False,False,True,False,True,False,False,False,True,False,0
0,1,0,0,0.5902040719637925,1,1,0.6728124810354589,0.7364737625796443,False,True,True,False,False,False,False,True,False,True,False,False,False,False,False,False,False,False,False,False,False,1
1,0,0,0,1.2410260201734986,1,1,1.3189914694983687,1.8635835087500794,False,True,True,False,False,False,False,True,False,True,False,False,False,True,False,True,False,True,False,False,False,0
0,0,1,1,-0.5487343374031931,1,0,-1.4756087082274132,-0.8384679922750686,False,False,False,True,True,False,True,False,True,False,True,False,True,False,True,False,False,False,False,False,True,0
0,0,1,0,1.5664369942783516,0,0,0.06464402130566106,1.0525026643942943,True,False,False,False,False,True,False,True,False,True,False,True,False,True,False,True,True,False,False,False,False,0
1,0,0,0,-1.2809090291391125,1,0,-0.6889560266203923,-0.9869550367231301,False,False,False,False,False,False,False,False,False,False,False,False,False,False,False,False,False,False,False,True,False,0
1,0,1,1,-0.42670522211387324,1,1,-0.4542823274855248,-0.4649673160126027,False,False,False,False,False,False,False,False,False,False,False,True,False,False,False,False,False,False,False,True,False,0
1,1,1,0,-0.792792567981833,1,1,1.0049914495291798,-0.4646380277709231,False,True,True,False,False,False,False,False,False,False,False,False,False,True,False,True,False,False,False,True,False,1
0,0,0,0,-1.2809090291391125,1,0,-0.6955665533565859,-0.9870428469209113,False,False,False,False,False,False,False,False,False,False,False,False,False,False,False,False,False,False,False,True,False,0
1,0,1,1,-0.34535247858766,1,0,0.3290650907533992,-0.20667361923911193,False,True,False,False,False,True,False,False,False,False,False,False,False,True,False,True,True,False,False,False,True,0
0,0,1,0,1.6071133660414583,1,1,1.4974756913755922,2.4539753735321854,False,True,True,False,False,True,False,False,False,True,False,True,False,True,False,True,False,True,True,False,False,0
1,0,0,0,-1.1995562856128992,1,1,0.4150019383239143,-0.9157629188719971,False,False,False,False,False,True,False,False,False,True,False,False,False,True,False,True,False,False,False,True,False,0
1,0,0,0,-1.0775271703235794,1,1,-0.18820862635373845,-0.8584448122702987,False,False,False,False,False,True,False,False,False,False,False,False,False,False,False,True,False,False,False,False,False,0
1,0,0,0,-1.0368507985604727,1,1,-1.483871866647655,-0.9415132593713431,False,False,False,True,True,False,True,False,True,False,True,False,True,False,True,False,False,False,False,False,True,0
1,1,1,0,-0.10129424800902022,1,0,0.3307177224374474,-0.04837378518899786,False,True,False,False,False,False,False,False,False,True,False,False,False,True,False,True,False,True,False,True,False,0
0,0,1,1,1.403731507225925,1,1,0.9752440792163091,1.777946613363934,False,True,True,False,False,True,False,False,False,False,False,True,False,False,False,True,True,False,True,False,False,1
1,0,0,0,1.6071133660414583,0,1,0.02332822920445199,1.1044423963818926,True,False,False,False,False,True,False,True,False,True,False,True,False,True,False,True,False,True,False,False,False,0
0,0,1,0,1.5664369942783516,1,1,-1.328524488347109,-0.2554302315571404,False,True,False,True,True,False,True,False,True,False,True,False,True,False,True,False,False,True,False,False,False,0
0,0,1,0,-1.1995562856128992,1,1,0.8810440732255526,-0.8996058424802508,False,True,True,False,False,False,False,True,False,False,False,False,False,False,False,True,False,False,True,False,False,1
0,0,1,1,1.2817023919366053,1,0,1.603244119154687,2.164882249886928,False,True,True,False,False,True,False,True,False,True,False,True,False,True,False,True,True,False,False,True,False,0
0,0,0,0,-1.2809090291391125,1,1,-1.511966605276477,-0.9978874063468934,False,False,False,True,True,False,True,False,True,False,True,False,True,False,True,False,False,False,False,False,True,1
1,1,1,0,-1.1995562856128992,1,1,1.3570019982314812,-0.8593448667975562,False,True,True,False,False,False,False,True,False,True,False,False,False,True,False,True,False,False,False,True,False,1
1,0,1,1,0.7935859307793257,1,0,-1.5086613419083803,-0.5431842496862342,False,False,False,True,True,False,True,False,True,False,True,False,True,False,True,False,False,True,False,False,True,0
1,0,1,0,-0.42670522211387324,1,1,1.3140335744462235,-0.04890064637568517,False,False,True,False,False,True,False,True,False,False,False,True,False,True,False,True,False,False,False,True,False,0
1,1,0,0,-0.34535247858766,1,0,0.1704124490847564,-0.2455735368561973,False,False,True,False,False,False,False,False,False,False,False,False,False,False,False,False,False,False,True,False,False,0
1,0,1,0,1.5664369942783516,1,0,-1.3351350150833023,-0.24642968628456421,False,True,False,True,True,False,True,False,True,False,True,False,True,False,True,False,False,True,False,False,False,0
0,0,0,0,-1.1995562856128992,1,0,0.2067703461338202,-0.9126017517518729,False,False,False,False,False,True,False,True,False,False,False,True,False,False,False,True,False,True,False,False,True,0
0,0,0,0,0.8342623025424323,1,1,1.1719072496180643,1.2771431028681286,False,False,True,False,False,False,False,True,False,True,False,False,False,True,False,True,True,False,False,False,True,0
0,0,1,1,0.5902040719637925,1,0,-1.4904823933838485,-0.5896577968619506,False,False,False,True,True,False,True,False,True,False,True,False,True,False,True,False,False,True,False,False,True,0
1,1,1,0,0.06141123904340631,1,0,0.22164403129025556,0.059457137686353696,False,False,True,False,False,False,False,False,False,False,False,False,False,False,False,False,False,False,True,False,False,0
0,0,1,0,1.5664369942783516,1,1,0.5240756294711062,1.4985345640240573,False,False,False,False,False,False,False,True,False,True,False,True,False,True,False,True,False,True,True,False,False,0
1,0,1,0,-0.06061787624591358,1,1,-0.19151388972183522,-0.17962807832249283,False,True,False,False,False,False,False,False,False,False,False,False,False,True,False,False,False,False,True,False,False,0
1,0,0,0,-1.118203542086686,1,1,0.1704124490847564,-0.8537469666890027,False,False,False,False,False,False,False,False,False,True,False,False,False,True,False,True,True,False,False,False,True,1
0,1,0,0,-1.2809090291391125,1,1,0.874433546489359,-0.966187924947869,False,False,True,False,False,False,False,False,False,False,False,False,False,True,False,True,False,False,False,True,False,1
1,1,1,0,0.6715568154900058,1,1,0.7719703820783607,0.8199373555707042,False,True,True,False,False,True,False,True,False,True,False,False,False,False,False,False,False,False,False,True,False,0
1,0,1,1,0.06141123904340631,1,1,1.0859704020475496,0.4908905919349867,False,True,True,False,False,False,False,True,False,False,False,False,False,True,False,True,False,False,False,False,False,0
0,0,0,0,1.3223787636997117,1,1,1.0132546079494216,1.6955806478451394,False,True,True,False,False,False,False,True,False,True,False,False,False,True,False,False,True,False,False,True,False,0
1,0,1,1,1.200349648410392,1,0,-1.4805666032795584,-0.45135673535651194,False,False,False,True,True,False,True,False,True,False,True,False,True,False,True,False,False,True,True,False,False,0
1,0,1,1,1.2817023919366053,1,0,0.5356440512594446,1.248407215644221,False,False,True,False,False,True,False,True,False,False,False,False,False,False,False,False,False,False,False,True,False,0
0,1,0,0,-1.1995562856128992,0,0,-1.3070402764544802,-0.9721370658475474,True,False,False,False,False,False,False,False,False,False,False,False,False,False,False,False,False,False,False,True,False,1
1,0,1,0,1.5664369942783516,0,0,-0.5121244364272175,0.5371007085173595,True,False,False,False,False,False,False,True,False,False,False,False,False,True,False,True,False,True,False,True,False,1
0,0,1,0,1.5664369942783516,1,1,0.6595914275630718,1.6482729037905013,False,False,False,False,False,True,False,True,False,True,False,True,False,True,False,True,True,False,False,False,False,0
0,0,0,1,-1.2809090291391125,1,0,-0.34190337297023615,-0.9823450013396156,False,False,False,False,False,True,False,False,False,False,False,True,False,False,False,False,False,False,False,True,False,0
1,0,0,0,0.5088513284375793,1,1,1.1900861981425963,1.0748284071801724,False,True,True,False,False,False,False,True,False,False,False,False,False,True,False,True,False,False,True,False,False,1
1,0,1,1,-1.2402326573760059,1,0,-0.17664020456539986,-0.9489771261827478,False,False,False,False,False,True,False,True,False,False,False,True,False,False,False,False,False,True,False,False,True,0
0,0,1,1,1.5664369942783516,1,0,-1.4855244983317035,-0.3962777887982349,False,False,False,True,True,False,True,False,True,False,True,False,True,False,True,False,False,True,False,False,False,0
0,0,1,1,1.4850842507521385,1,0,0.6480230057747334,1.5615603334815358,False,True,True,False,False,True,False,False,False,True,False,False,False,False,False,False,True,False,False,False,False,0
0,0,1,0,1.5664369942783516,1,1,0.9537598673236806,1.8850311495581453,False,True,True,False,False,False,False,False,False,False,False,False,False,True,False,True,False,True,False,False,False,1
0,0,1,0,1.0376441613579654,1,1,1.462770426010576,1.8008650749848352,False,True,True,False,False,True,False,True,False,False,False,True,False,True,False,True,False,True,True,False,False,0
1,0,0,0,-0.9554980550342594,1,0,-1.4689981814912199,-0.9264538104518619,False,False,False,True,True,False,True,False,True,False,True,False,True,False,True,False,False,False,False,False,True,0
1,1,0,0,-0.34535247858766,1,1,1.2033072516149832,0.06507699034435256,False,True,True,False,False,False,False,True,False,False,False,False,False,True,False,True,False,False,False,True,False,1
1,0,0,0,-0.9554980550342594,1,1,0.15388613224427275,-0.7194632217320553,False,False,False,False,False,True,False,False,False,True,False,True,False,True,False,False,False,False,False,False,True,0
0,0,1,1,0.3461458413851527,1,0,-1.4921350250678969,-0.653166522407226,False,False,False,True,True,False,True,False,True,False,True,False,True,False,True,False,False,True,False,False,False,0
1,0,1,1,1.200349648410392,1,0,0.21668613623811075,0.9638802222835873,False,False,False,False,False,True,False,False,False,True,False,True,False,False,False,True,True,False,True,False,False,0
1,0,0,0,0.9562914178317522,1,1,0.56043352652017,0.9845814764105123,False,False,False,False,False,False,False,True,False,True,False,True,False,True,False,True,False,True,True,False,False,0
1,0,1,1,-0.3860288503507666,1,1,1.157033564461629,0.017286290201917656,False,False,True,False,False,True,False,False,False,False,False,True,False,True,False,True,False,False,False,True,False,1
1,0,1,1,0.4681749566744726,1,1,-1.465692918123123,-0.6264722222817318,False,False,False,True,True,False,True,False,True,False,True,False,True,False,True,False,True,False,False,False,False,0
1,0,0,0,-0.7521161962187263,1,0,0.3836019363269953,-0.5156118475829278,False,False,True,False,False,False,False,False,False,True,False,False,False,False,False,False,False,False,False,True,False,0
1,1,0,0,0.10208761080651294,1,1,1.1305914575168552,0.48465606789251936,False,True,True,False,False,False,False,False,False,True,False,False,False,True,False,True,False,False,False,True,False,1
1,0,1,1,1.6071133660414583,1,1,1.7106651786178306,2.654292387220619,False,True,True,False,False,True,False,True,False,True,False,True,False,True,False,True,False,True,False,False,False,0
1,0,0,0,-1.2402326573760059,1,0,-1.483871866647655,-0.9853305480641774,False,False,False,True,True,False,True,False,True,False,True,False,True,False,True,False,True,False,False,False,True,0
1,0,0,0,-1.0775271703235794,1,0,-1.5169245003286222,-0.957911813806988,False,False,False,True,True,False,True,False,True,False,True,False,True,False,True,False,False,False,False,False,True,0
1,0,1,0,-1.2809090291391125,1,0,-0.6658191830437152,-0.9866477010308959,False,False,False,False,False,False,False,False,False,False,False,False,False,False,False,False,False,False,True,False,False,1
1,0,1,0,0.3868222131482594,1,1,1.0049914495291798,0.7320832526905827,False,True,True,False,False,False,False,True,False,True,False,False,False,True,False,False,False,False,False,False,False,1
0,0,0,1,-0.8334689397449395,1,1,1.3371704180229007,-0.4461978862368646,False,True,True,False,False,False,False,True,False,True,False,False,False,True,False,True,False,False,False,True,False,0
0,0,1,0,-0.5894107091662998,1,1,-0.4807244344302987,-0.6072856940665329,False,False,False,False,False,False,False,False,False,False,False,True,False,False,False,False,False,False,False,False,True,0
0,0,0,1,-0.5894107091662998,1,0,-0.23778757687518934,-0.5704273635478612,False,True,False,False,False,True,False,False,False,False,False,False,False,False,False,False,False,False,False,False,True,0
1,0,1,1,0.7122331872531124,1,1,0.15884402729641803,0.5050060812283196,False,True,False,False,False,False,False,False,False,True,False,True,False,True,False,False,True,False,False,True,False,0
1,0,0,1,-1.0775271703235794,1,1,-1.4756087082274132,-0.9630926154760806,False,False,False,True,True,False,True,False,True,False,True,False,True,False,True,False,False,False,False,False,True,0
0,0,0,0,1.0376441613579654,1,0,-1.3384402784513991,-0.38113052968097255,False,True,False,True,True,False,True,False,True,False,True,False,True,False,True,False,False,True,True,False,False,0
0,0,0,0,0.5495277002006859,1,0,-0.3468612680223812,0.07385801012247566,False,False,False,False,False,False,False,False,False,True,False,True,False,False,False,False,False,True,True,False,False,1
1,0,1,0,1.3630551354628184,1,0,-0.03286124805319222,0.8661035670541867,False,True,False,False,False,False,False,False,False,False,False,True,False,False,False,True,False,False,False,True,False,0
0,0,0,0,-1.0775271703235794,1,0,-0.3204191610776075,-0.8645037159172035,False,False,False,False,False,True,False,True,False,False,False,False,False,False,False,False,False,False,False,False,True,0
1,0,1,1,1.6071133660414583,1,0,-1.4640402864390747,-0.377310786077489,False,False,False,True,True,False,True,False,True,False,True,False,True,False,True,False,False,True,False,True,False,0
1,0,0,0,-0.8741453115080462,1,1,-0.11879809562370715,-0.6857880108829533,False,False,False,False,False,False,False,True,False,False,False,False,False,True,False,False,True,False,False,True,False,0
1,1,0,0,-0.26399973506144675,1,1,0.9504546039555836,0.0492492021942856,False,True,True,False,False,False,False,False,False,False,False,False,False,True,False,True,False,False,False,True,False,0
0,1,0,0,0.8342623025424323,1,1,0.2960124570724319,0.7516210216969066,False,False,True,False,False,False,False,True,False,False,False,False,False,False,False,False,False,False,True,False,False,0
1,0,0,0,-0.26399973506144675,1,1,-1.460735023070978,-0.7448184163413858,False,False,False,True,True,False,True,False,True,False,True,False,True,False,True,False,True,False,True,False,False,0
1,0,1,0,1.0376441613579654,1,1,0.7025598513483291,1.1409055810105488,False,True,False,False,False,True,False,True,False,True,False,False,False,True,False,True,False,True,False,True,False,0
1,1,1,0,1.6071133660414583,1,0,0.4133493066398656,1.3629556186498366,False,True,False,False,False,False,False,True,False,True,False,True,False,True,False,False,False,True,True,False,False,0
0,1,0,0,-0.7114398244556197,1,0,0.7984124890231343,-0.4406438912272018,False,True,True,False,False,False,False,True,False,False,False,False,False,True,False,False,False,False,True,False,False,0
0,0,1,0,-0.8334689397449395,1,0,0.46292825716131647,-0.6213353257115298,False,True,False,False,False,True,False,False,False,True,False,False,False,True,False,True,True,False,False,True,False,0
0,0,1,1,-0.01994150448280695,1,1,0.8661703880691172,0.2909028664882332,False,True,True,False,False,False,False,False,False,True,False,False,False,False,False,True,False,False,False,False,False,1
1,0,0,0,-0.9554980550342594,1,1,1.0132546079494216,-0.6422561053329081,False,True,True,False,False,False,False,False,False,False,False,False,False,True,False,True,False,False,False,True,False,1
0,0,1,0,1.0783205331210721,1,1,0.9884651326886961,1.4513804878155359,False,True,True,False,False,True,False,True,False,False,False,False,False,True,False,False,False,False,False,True,False,0
1,0,1,0,-0.2233233632983401,1,0,-0.5336086483198462,-0.3820525367576755,False,False,False,False,False,True,False,False,False,False,False,False,False,False,False,False,True,False,True,False,False,0
0,0,0,0,1.200349648410392,1,1,0.9636756574279707,1.521431073095513,False,True,True,False,False,False,False,False,False,False,False,False,False,True,False,True,True,False,False,False,False,0
0,0,1,0,0.8342623025424323,1,1,1.3636125249676743,1.5269411630062852,False,False,True,False,False,True,False,True,False,True,False,False,False,True,False,True,True,False,False,False,False,1
1,1,1,0,-1.2809090291391125,1,0,0.19850718771357836,-0.9751665176709999,False,False,True,False,False,False,False,False,False,False,False,False,False,False,False,False,False,False,False,False,True,1
1,1,0,0,-1.2402326573760059,1,0,-0.4922928562186371,-0.9592509193231518,False,False,False,False,False,False,False,False,False,True,False,False,False,False,False,False,False,False,False,False,True,0
0,0,0,0,-1.2809090291391125,1,1,0.9835072376365508,-0.9647390566844788,False,True,True,False,False,False,False,False,False,False,False,False,False,True,False,True,False,False,False,True,False,1
0,0,0,0,-1.2809090291391125,1,1,0.472844047265607,-0.9715223944630788,False,True,True,False,False,False,False,True,False,False,False,False,False,False,False,False,False,False,False,False,True,0
0,0,0,0,-1.1995562856128992,1,1,0.33898088085768924,-0.8874221775381048,False,True,True,False,False,False,False,False,False,False,False,False,False,False,False,False,False,False,True,False,False,1
0,0,1,0,1.5664369942783516,1,0,0.9372335504831969,1.8502583112367774,False,True,False,False,False,True,False,True,False,True,False,True,False,True,False,True,False,True,True,False,False,0
0,0,1,1,-1.2809090291391125,1,1,-1.5152718686445739,-0.997931311445784,False,False,False,True,True,False,True,False,True,False,True,False,True,False,True,False,False,False,False,False,True,0
0,0,1,1,1.6071133660414583,1,0,1.3636125249676743,2.355715762214988,False,True,True,False,False,True,False,True,False,True,False,True,False,True,False,False,False,True,True,False,False,0
1,0,1,0,1.3630551354628184,1,0,1.6842230716730568,2.4807355313060158,False,True,True,False,False,True,False,True,False,True,False,True,False,True,False,True,True,False,False,False,False,0
1,1,1,1,1.2817023919366053,1,1,-1.3367876467673507,-0.32633696626548436,False,True,False,True,True,False,True,False,True,False,True,False,True,False,True,False,False,True,False,False,False,0
1,0,1,0,1.2410260201734986,1,1,1.274370414029063,1.8927803995123387,False,True,True,False,False,False,False,True,False,True,False,False,False,True,False,True,False,False,False,True,False,1
1,0,1,1,-0.06061787624591358,1,0,-1.292166591298045,-0.6745263530175105,False,True,False,True,True,False,True,False,True,False,True,False,True,False,True,False,False,True,False,False,True,0
0,0,0,0,-1.2809090291391125,1,0,-1.510313973592429,-0.9978654537974481,False,False,False,True,True,False,True,False,True,False,True,False,True,False,True,False,False,False,False,False,True,0
0,1,1,0,1.6071133660414583,1,0,-1.3400929101354475,-0.2253332862676235,False,True,False,True,True,False,True,False,True,False,True,False,True,False,True,False,False,True,False,False,False,0
1,1,1,0,0.10208761080651294,1,1,1.188433566458548,0.502964494129906,False,True,True,False,False,False,False,False,False,True,False,False,False,True,False,True,False,False,False,True,False,0
0,0,1,0,1.4850842507521385,1,1,-1.273987642773513,-0.2319849087495518,False,True,False,True,True,False,True,False,True,False,True,False,True,False,True,False,True,False,False,True,False,0
0,0,0,0,-1.0775271703235794,0,1,-0.5154296997953143,-0.8940518474705879,True,False,False,False,False,False,False,False,False,False,False,True,False,True,False,True,True,False,False,False,True,0
1,0,0,0,-0.5080579656400865,0,1,-0.32537705612975254,-0.4945374001154323,True,False,False,False,False,True,False,True,False,True,False,True,False,True,False,False,False,False,True,False,False,0
0,0,0,0,-0.792792567981833,1,1,1.1735598813021126,-0.40966884395987263,False,True,True,False,False,True,False,False,False,False,False,False,False,True,False,True,False,False,False,True,False,1
0,0,1,0,-0.18264699153523348,1,0,-1.2987771180342385,-0.7111432054922837,False,True,False,True,True,False,True,False,True,False,True,False,True,False,True,False,True,False,False,False,True,0
1,0,1,1,-1.0368507985604727,0,0,-0.8690928801816641,-0.8833390033412776,True,False,False,False,False,True,False,True,False,True,False,False,False,False,False,False,False,True,False,False,True,0
1,0,1,0,0.7122331872531124,1,0,-1.4640402864390747,-0.5375204919293448,False,False,False,True,True,False,True,False,True,False,True,False,True,False,True,False,False,True,False,False,True,0
0,0,1,1,0.6308804437268991,1,0,-1.497092920120042,-0.6184375891847492,False,False,False,True,True,False,True,False,True,False,True,False,True,False,True,False,False,True,False,False,True,0
0,0,0,0,-1.2402326573760059,1,1,-0.6476402345191833,-0.9736956968581644,False,False,False,False,False,False,False,False,False,False,False,False,False,False,False,False,False,False,False,False,True,0
1,0,1,0,0.14276398256961956,0,0,-0.9748613079607592,-0.4276260294061343,True,False,False,False,False,True,False,False,False,True,False,False,False,False,False,False,True,False,False,False,True,0
1,0,0,0,-1.2809090291391125,1,0,-1.4805666032795584,-0.9974703079074324,False,False,False,True,True,False,True,False,True,False,True,False,True,False,True,False,False,False,False,False,True,0
0,0,0,0,0.3054694696220461,1,0,-1.4772613399114616,-0.6529030918138824,False,False,False,True,True,False,True,False,True,False,True,False,True,False,True,False,False,True,False,False,True,0
0,0,0,0,-0.9961744267973661,1,1,1.2727177823450144,-0.634265377334816,False,True,True,False,False,True,False,False,False,False,False,True,False,True,False,True,False,False,False,False,False,1
0,1,1,0,1.5664369942783516,1,1,1.0413493465782435,1.9647628091435028,False,True,True,False,False,True,False,True,False,True,False,True,False,False,False,False,False,True,True,False,False,0
0,1,0,0,1.5664369942783516,1,1,1.1504230377254359,2.1466616338473226,False,True,True,False,False,True,False,True,False,False,False,True,False,True,False,False,True,False,True,False,False,0
0,0,1,1,-0.3860288503507666,1,1,0.6248861621980563,-0.19405090330806,False,True,True,False,False,False,False,False,False,False,False,False,False,True,False,False,False,False,False,True,False,0
1,0,1,1,-1.2402326573760059,1,0,1.066138821838969,-0.9254220406279325,False,False,True,False,False,True,False,False,False,False,False,False,False,True,False,True,False,False,False,True,False,0
1,1,1,1,0.427498584911366,1,1,1.5173072715841722,1.0519538506581616,False,True,True,False,False,False,False,True,False,True,False,True,False,True,False,True,False,False,False,False,False,1
1,0,0,0,-1.2809090291391125,1,0,-1.497092920120042,-0.9976898334018856,False,False,False,True,True,False,True,False,True,False,True,False,True,False,True,False,False,False,False,False,True,1
0,0,1,1,1.6071133660414583,1,1,1.6842230716730568,2.7153424272280198,False,True,True,False,False,True,False,True,False,True,False,True,False,True,False,True,False,True,False,False,False,0
1,0,1,1,1.4444078789890318,1,1,0.793454593970989,1.6862947194297742,False,True,False,False,False,True,False,True,False,True,False,True,False,True,False,True,False,True,True,False,False,0
0,0,0,0,0.874938674305539,1,1,1.0000335544770345,1.217454120926337,False,True,True,False,False,False,False,False,False,True,False,True,False,False,False,True,False,True,False,False,False,0
0,0,1,1,-0.7521161962187263,1,1,0.5306861562072998,-0.5001353002239858,False,False,True,False,False,False,False,False,False,False,False,False,False,False,False,True,False,False,False,False,False,0
1,0,1,0,-0.3860288503507666,1,1,1.1372019842530487,-0.046332198090584205,False,True,True,False,False,True,False,True,False,True,False,False,False,True,False,False,False,False,False,True,False,1
1,0,1,1,1.525760622515245,1,1,1.361959893283626,2.3103398425115373,False,True,True,False,False,True,False,True,False,False,False,False,False,True,False,True,False,False,False,True,False,0
0,0,0,0,-0.46738159387697986,1,1,1.1338967208849522,-0.1473139255389998,False,False,True,False,False,False,False,True,False,False,False,True,False,True,False,True,False,False,False,False,False,0
0,0,0,0,-0.9148216832711529,1,0,0.7141282731366679,-0.6414877661023223,False,True,True,False,False,False,False,False,False,False,False,False,False,False,False,True,False,False,False,True,False,1
0,0,0,0,1.403731507225925,1,0,-0.14358757088443258,0.6928540468318178,False,False,False,False,False,True,False,True,False,False,False,True,False,False,False,False,True,False,True,False,False,0
0,0,0,1,-0.34535247858766,1,0,-1.4904823933838485,-0.7875819826608453,False,False,False,True,True,False,True,False,True,False,True,False,True,False,True,False,False,True,False,False,True,0
1,1,0,0,-0.01994150448280695,1,0,-1.4888297616998003,-0.7482430140548538,False,False,False,True,True,False,True,False,True,False,True,False,True,False,True,False,True,False,True,False,False,0
0,0,1,0,1.6071133660414583,1,1,1.0909282970996945,1.9974062501686756,False,True,True,False,False,False,False,False,False,True,False,False,False,True,False,True,False,True,False,True,False,0
1,0,1,0,-0.9961744267973661,1,1,-0.5055139096910242,-0.8335286686498743,False,False,False,False,False,False,False,True,False,False,False,False,False,False,False,False,False,False,False,False,False,0
1,0,1,0,-1.118203542086686,0,1,-1.3186086982428187,-0.962192560948823,True,False,False,False,False,False,False,False,False,False,False,False,False,False,False,False,False,False,False,True,False,1
0,0,0,0,-0.792792567981833,0,0,-0.5187349631634111,-0.721153568039344,True,False,False,False,False,False,False,False,False,True,False,False,False,True,False,True,False,False,False,True,False,0
0,0,0,0,-1.2809090291391125,1,1,0.17537034413690167,-0.9754738533632341,False,False,True,False,False,False,False,False,False,False,False,False,False,False,False,False,False,False,False,False,True,1
1,0,0,1,-1.2809090291391125,0,1,-1.1070718426846282,-0.992509031732793,True,False,False,False,False,False,False,True,False,False,False,False,False,False,False,False,False,False,False,False,True,1
1,0,0,0,-0.8741453115080462,1,1,0.1489282371921275,-0.6935592133865922,False,False,False,False,False,False,False,False,False,True,False,False,False,True,False,True,False,False,False,True,False,0
0,1,0,0,-1.2809090291391125,0,0,-1.3086929081385286,-0.9951872427651205,True,False,False,False,False,False,False,False,False,False,False,False,False,False,False,False,False,False,False,True,False,1
0,0,1,1,1.6071133660414583,1,0,0.5075493126306225,1.5025518805725484,False,True,False,False,False,True,False,True,False,True,False,True,False,True,False,False,False,True,False,False,False,0
0,0,1,1,-0.34535247858766,1,1,-1.4921350250678969,-0.7893601391659152,False,False,False,True,True,False,True,False,True,False,True,False,True,False,True,False,False,True,False,False,True,0
1,0,0,0,-1.118203542086686,1,1,1.0330861881580018,-0.8072075618649504,False,False,True,False,False,False,False,False,False,False,False,True,False,True,False,True,False,False,False,True,False,1
0,0,0,0,0.3868222131482594,1,1,0.44970720368892986,0.4748213257410214,False,True,False,False,False,False,False,False,False,True,False,True,False,True,False,True,False,True,True,False,False,0
1,0,0,0,-0.5487343374031931,1,1,-1.4921350250678969,-0.8365800730227722,False,False,False,True,True,False,True,False,True,False,True,False,True,False,True,False,True,False,True,False,False,0
1,0,0,0,-0.792792567981833,1,1,0.2943598253883836,-0.586255151697928,False,False,True,False,False,True,False,False,False,False,False,False,False,False,False,False,False,False,True,False,False,0
1,0,0,0,-1.0368507985604727,1,1,0.8099809108114727,-0.7288589128946471,False,True,True,False,False,False,False,False,False,True,False,False,False,True,False,False,False,False,True,False,False,1
1,1,1,0,-0.10129424800902022,1,1,-0.477419171062202,-0.3356228946808496,False,False,False,False,False,False,False,True,False,False,False,False,False,False,False,False,False,False,False,False,False,1
0,0,0,0,0.3868222131482594,1,0,0.05472823120137098,0.20671483936547802,False,False,False,False,False,False,False,False,False,True,False,True,False,False,False,True,False,True,True,False,False,0
0,0,0,0,-0.8334689397449395,1,1,0.3637703561184147,-0.631126162764137,False,True,False,False,False,False,False,False,False,False,False,True,False,True,False,True,True,False,False,False,True,0
0,0,0,0,0.1834403543327262,0,1,-0.8145560346080679,-0.35698272529113406,True,False,False,False,False,False,False,False,False,True,False,False,False,False,False,True,False,False,True,False,False,0
0,1,1,0,1.2817023919366053,1,0,1.0628335584708724,1.8172197243215893,False,False,True,False,False,True,False,True,False,True,False,False,False,False,False,True,True,False,False,False,False,0
1,0,0,0,-0.7114398244556197,1,1,1.2066125149830798,-0.32400999602428177,False,False,True,False,False,False,False,False,False,True,False,True,False,True,False,True,False,False,False,True,False,1
1,0,1,1,-0.34535247858766,1,0,0.5339914195753963,-0.1616050352278952,False,True,False,False,False,True,False,False,False,False,False,True,False,True,False,True,False,False,False,False,False,0
1,0,0,1,-0.5080579656400865,1,1,-1.502050815172187,-0.841848684889646,False,False,False,True,True,False,True,False,True,False,True,False,True,False,True,False,False,False,False,True,False,1
0,0,0,0,-0.9961744267973661,1,0,-0.024598089632950633,-0.7849696292768537,False,False,False,False,False,False,False,False,False,True,False,True,False,False,False,True,False,False,False,False,True,0
1,1,0,0,0.10208761080651294,1,1,1.2082651466671286,0.528780692277588,False,True,True,False,False,False,False,False,False,True,False,False,False,True,False,True,False,False,False,True,False,1
0,1,0,0,-0.2233233632983401,1,1,1.5090441131639305,0.24835882566322676,False,True,True,False,False,True,False,True,False,True,False,False,False,True,False,True,True,False,False,False,False,0
1,0,1,1,-0.26399973506144675,1,0,-0.4790718027462502,-0.4417415186994672,False,False,False,False,False,False,False,False,False,True,False,False,False,False,False,False,True,False,False,False,True,0
1,0,0,0,-1.2402326573760059,1,1,0.6876861661918943,-0.9265855257485338,False,True,True,False,False,False,False,False,False,False,False,False,False,True,False,False,False,False,False,True,False,1
1,0,1,1,-0.01994150448280695,0,0,-0.47080864432600844,-0.2803244226281194,True,False,False,False,False,False,False,False,False,True,False,False,False,True,False,True,False,False,True,False,False,0
1,1,1,0,-0.2233233632983401,1,1,0.695949324612136,-0.03153617976444687,False,True,True,False,False,True,False,False,False,True,False,False,False,False,False,False,True,False,False,True,False,0
0,1,1,0,-1.2809090291391125,1,1,-1.4541244963347844,-0.9971190671163076,False,False,False,True,True,False,True,False,True,False,True,False,True,False,True,False,False,False,False,False,True,1
1,0,1,1,0.5902040719637925,1,0,-0.350166531390478,0.10812593980660092,False,True,False,False,False,False,False,True,False,False,False,False,False,False,False,False,False,False,False,True,False,0
0,0,1,1,0.9156150460686455,1,0,-1.4723034448593166,-0.5325153106558147,False,False,False,True,True,False,True,False,True,False,True,False,True,False,True,False,False,True,False,False,True,0
0,0,0,0,0.6308804437268991,1,0,-1.3500087002397376,-0.4868540078095746,False,True,False,True,True,False,True,False,True,False,True,False,True,False,True,False,False,True,True,False,False,0
0,0,0,0,1.525760622515245,1,0,1.6759599132528151,2.5621575371986625,False,True,True,False,False,True,False,True,False,True,False,True,False,True,False,True,True,False,True,False,False,1
1,0,1,1,1.0376441613579654,1,1,0.9256651286948582,1.3229141684615953,False,False,True,False,False,False,False,True,False,False,False,False,False,True,False,True,False,False,False,True,False,0
1,1,0,0,-1.2809090291391125,0,1,-1.3136508031906735,-0.9952531004134565,True,False,False,False,False,False,False,False,False,False,False,False,False,False,False,False,False,False,False,True,False,1
0,0,1,0,-0.14197061977212685,1,1,0.3340229858055444,-0.06273075252622905,False,True,True,False,False,False,False,False,False,False,False,False,False,False,False,False,False,False,False,True,False,0
1,0,0,0,-1.2809090291391125,1,0,-0.46915601264196016,-0.9840353476469041,False,False,False,False,False,False,False,True,False,False,False,False,False,False,False,False,False,False,False,False,True,1
0,0,1,0,0.3054694696220461,1,0,-1.511966605276477,-0.6637696037893097,False,False,False,True,True,False,True,False,True,False,True,False,True,False,True,False,False,True,False,False,True,0
1,0,0,0,-0.792792567981833,0,1,-0.6377244444148933,-0.7441598398580266,True,False,False,False,False,True,False,False,False,False,False,True,False,True,False,False,False,False,True,False,False,1
1,0,1,1,1.525760622515245,1,1,0.836423017756247,1.7321096901221316,False,True,False,False,False,True,False,True,False,True,False,True,False,True,False,True,False,True,True,False,False,0
1,0,0,1,-0.7114398244556197,1,0,0.00019138562777481135,-0.5888455525324743,False,False,False,False,False,True,False,False,False,True,False,False,False,False,False,True,True,False,False,False,True,0
0,0,0,0,-1.1995562856128992,1,0,-1.4904823933838485,-0.9804351295378738,False,False,False,True,True,False,True,False,True,False,True,False,True,False,True,False,False,False,False,True,False,1
0,0,0,0,1.0783205331210721,1,1,1.1438125109892423,1.4628177660765413,False,True,True,False,False,True,False,True,False,True,False,False,False,False,False,True,False,False,False,False,False,0
0,0,1,0,1.6071133660414583,1,0,1.6627388597804285,2.6596707618347195,False,True,True,False,False,True,False,True,False,True,False,True,False,True,False,True,False,True,False,True,False,0
0,1,0,0,-1.2402326573760059,1,1,0.7835388038666989,-0.9275733904735727,False,True,True,False,False,False,False,False,False,True,False,False,False,False,False,True,False,False,False,True,False,1
1,0,0,0,-1.2809090291391125,1,0,-1.4739560765433648,-0.9973824977096513,False,False,False,True,True,False,True,False,True,False,True,False,True,False,True,False,False,False,False,False,True,0
0,0,1,1,-1.1588799138497925,1,1,1.0942335604677915,-0.8374581750005844,False,True,True,False,False,False,False,True,False,False,False,False,False,True,False,True,False,False,False,True,False,1
0,0,1,0,-0.7521161962187263,1,1,-0.004766509424369996,-0.5931262996743093,False,True,False,False,False,True,False,False,False,False,False,False,False,True,False,False,False,False,False,False,False,1
1,0,1,0,-1.118203542086686,1,1,0.4596229937932199,-0.8253403677067747,False,True,True,False,False,False,False,True,False,False,False,False,False,False,False,False,False,False,False,True,False,1
0,0,0,0,-0.5487343374031931,1,0,-0.2196086283506572,-0.5473552340808427,False,False,False,False,False,False,False,True,False,False,False,False,False,True,False,False,True,False,False,True,False,0
1,0,1,0,-0.34535247858766,1,1,1.315686206130272,0.10999190650945206,False,True,True,False,False,False,False,True,False,True,False,False,False,True,False,True,False,False,False,True,False,1
0,0,0,0,-1.2809090291391125,1,0,-1.520229763696719,-0.99799716909412,False,False,False,True,True,False,True,False,True,False,True,False,True,False,True,False,False,False,False,True,False,0
1,0,0,0,-1.2809090291391125,1,0,-0.15680862435681944,-0.9798863158017411,False,True,False,False,False,False,False,True,False,False,False,True,False,False,False,False,False,False,False,False,True,1
1,0,1,1,-0.9961744267973661,1,0,-1.3367876467673507,-0.9167288310475907,False,True,False,True,True,False,True,False,True,False,True,False,True,False,True,False,True,False,False,False,True,0
1,0,1,1,0.8342623025424323,1,0,-0.022945457948901897,0.5266952000802837,False,True,False,False,False,True,False,True,False,False,False,True,False,False,False,False,True,False,False,False,False,0
0,1,0,0,-0.792792567981833,1,1,0.5670440532563635,-0.5113750055399833,False,True,True,False,False,False,False,False,False,False,False,False,False,False,False,True,False,False,False,True,False,1
1,0,0,0,-0.9148216832711529,0,0,-1.1682192149944177,-0.8942055153167049,True,False,False,False,False,False,False,False,False,True,False,False,False,False,False,False,False,False,False,False,True,1
0,1,0,0,-0.670763452692513,1,1,1.0347388198420504,-0.3348765079997091,False,True,True,False,False,False,False,False,False,False,False,False,False,True,False,True,False,False,False,True,False,1
1,0,0,0,-0.2233233632983401,1,1,0.13901244708783742,-0.21894509437903897,False,False,True,False,False,False,False,False,False,False,False,False,False,False,False,False,False,False,False,False,True,0
1,0,0,0,1.3630551354628184,1,1,1.3487388398112394,1.998811213333175,False,False,True,False,False,True,False,False,False,True,False,True,False,True,False,True,False,True,False,False,False,0
0,0,0,0,-1.2809090291391125,1,1,0.17537034413690167,-0.9754738533632341,False,False,True,False,False,False,False,False,False,False,False,False,False,False,False,False,False,False,False,False,True,1
1,0,0,0,-0.06061787624591358,1,1,0.44970720368892986,0.06288173539982178,False,False,True,False,False,False,False,True,False,False,False,True,False,False,False,False,False,False,False,True,False,1
0,1,0,0,-1.2809090291391125,1,0,0.44970720368892986,-0.9718297301553132,False,False,True,False,False,False,False,False,False,False,False,False,False,True,False,False,False,False,False,True,False,1
1,0,0,0,-0.9554980550342594,0,1,-0.6426823394670382,-0.8223987260811033,True,False,False,False,False,False,False,False,False,False,False,False,False,True,False,True,False,False,False,True,False,1
1,0,1,1,-0.14197061977212685,1,1,0.8050230157593279,0.17843995567992163,False,True,True,False,False,False,False,False,False,True,False,False,False,False,False,True,False,False,False,True,False,1
1,0,1,0,-0.10129424800902022,1,0,-0.4939454879026856,-0.3731837067817711,False,True,False,False,False,False,False,False,False,False,False,False,False,False,False,False,False,False,False,True,False,0
0,0,1,1,-0.3860288503507666,1,1,-0.23448231350709256,-0.44303671911674036,False,False,False,False,False,True,False,True,False,False,False,True,False,False,False,False,True,False,False,False,True,0
0,0,0,0,-0.5080579656400865,1,0,-1.4987455518040902,-0.8292698740574846,False,False,False,True,True,False,True,False,True,False,True,False,True,False,True,False,True,False,False,False,True,0
1,0,1,1,0.7935859307793257,1,0,-1.292166591298045,-0.41537650681565264,False,True,False,True,True,False,True,False,True,False,True,False,True,False,True,False,False,True,False,False,True,0
1,0,0,0,-0.34535247858766,1,1,0.9669809207960672,0.013576309345660528,False,True,True,False,False,False,False,False,False,False,False,False,False,True,False,True,False,False,False,True,False,0
1,0,1,0,1.5664369942783516,1,1,1.3355177863388523,2.1951767681214527,False,False,True,False,False,False,False,True,False,True,False,True,False,True,False,True,False,True,False,True,False,0
0,1,1,0,1.4444078789890318,1,1,1.047959873314437,1.8835164236464186,False,True,True,False,False,True,False,True,False,False,False,False,False,False,False,True,True,False,True,False,False,1
1,0,1,0,-0.42670522211387324,1,1,0.9868125010046478,-0.1655345415786052,False,False,True,False,False,False,False,False,False,True,False,False,False,True,False,True,False,False,True,False,False,1
1,0,0,0,1.200349648410392,1,1,0.3125387739129155,1.0564102181955592,False,False,False,False,False,True,False,True,False,False,False,False,False,True,False,True,True,False,True,False,False,0
0,1,1,0,-0.18264699153523348,1,1,1.5206125349522688,0.4006217086158813,False,True,True,False,False,False,False,True,False,True,False,True,False,True,False,True,False,False,False,True,False,0
0,1,1,0,0.14276398256961956,1,1,0.8959177583819878,0.4430559866936612,False,True,True,False,False,False,False,True,False,False,False,False,False,True,False,False,False,False,True,False,False,0
1,0,1,1,1.403731507225925,1,0,0.09934928667067659,1.0255010285765658,False,False,False,False,False,True,False,False,False,True,False,True,False,False,False,True,False,True,False,False,True,0
1,0,0,0,-1.1995562856128992,1,1,0.40012825316747896,-0.9059940343688352,False,True,True,False,False,False,False,False,False,False,False,False,False,False,False,False,False,False,False,True,False,1
1,0,0,0,-0.7114398244556197,1,1,0.7570966969219253,-0.4608841418157755,False,True,True,False,False,True,False,False,False,False,False,False,False,True,False,False,False,False,False,False,False,0
1,0,0,0,-1.2809090291391125,1,1,1.0116019762653732,-0.9643658633439085,False,True,True,False,False,False,False,False,False,False,False,False,False,True,False,True,False,False,False,True,False,1
0,0,0,0,-1.2402326573760059,1,1,0.48937036410609064,-0.9392301942290312,False,False,True,False,False,False,False,False,False,False,False,False,False,True,False,False,False,False,False,False,True,1
0,0,1,1,-0.8334689397449395,1,1,-1.47891397159551,-0.9042378304132105,False,False,False,True,True,False,True,False,True,False,True,False,True,False,True,False,False,False,True,False,False,0
0,0,0,0,-0.30467610682455337,0,0,-0.1254086223599007,-0.33004694712174143,True,False,False,False,False,True,False,True,False,True,False,False,False,True,False,True,True,False,False,True,False,0
0,0,0,0,-1.1995562856128992,1,0,-1.3301771200311572,-0.9683612273429545,False,True,False,True,True,False,True,False,True,False,True,False,True,False,True,False,False,False,False,False,True,0
0,0,1,1,1.6071133660414583,1,1,1.2991598892897886,2.2001380442960925,False,True,True,False,False,True,False,True,False,False,False,False,False,True,False,True,True,False,False,True,False,0
0,0,1,0,-0.9554980550342594,1,1,0.4926756274741872,-0.6685991646672774,False,False,True,False,False,False,False,False,False,False,False,False,False,False,False,True,False,False,False,True,False,0
0,0,1,1,1.525760622515245,1,0,0.4910229957901389,1.5153282643497177,False,True,False,False,False,True,False,True,False,True,False,True,False,True,False,False,False,True,False,False,False,0
0,0,0,0,-1.2809090291391125,1,0,-0.4856823294824438,-0.9842548731413573,False,False,False,False,False,True,False,False,False,False,False,False,False,False,False,False,False,False,False,True,False,0
0,0,0,0,-0.792792567981833,1,1,0.4761493106337036,-0.518202248417474,False,False,True,False,False,False,False,True,False,True,False,False,False,False,False,False,False,False,False,True,False,1
1,0,1,1,1.4850842507521385,1,1,-1.4640402864390747,-0.3902408377007753,False,False,False,True,True,False,True,False,True,False,True,False,True,False,True,False,True,False,True,False,False,0
1,0,0,0,-1.2809090291391125,1,1,-0.6360718127308447,-0.9862525551408803,False,False,False,False,False,False,False,False,False,False,False,False,False,False,False,False,False,False,False,True,False,1
0,0,1,0,0.6715568154900058,0,0,-0.7996823494516327,-0.09710844495758104,True,False,False,False,False,True,False,False,False,False,False,False,False,True,False,False,False,False,False,False,False,0
0,1,1,0,-0.5894107091662998,0,1,-0.5451770701081847,-0.6503346435287812,True,False,False,False,False,False,False,False,False,True,False,False,False,True,False,True,False,False,False,True,False,1
0,0,1,1,1.6071133660414583,1,0,0.12909665698354733,1.1398957637360645,False,False,False,False,False,True,False,True,False,True,False,False,False,False,False,True,False,True,True,False,False,0
0,1,1,0,-0.06061787624591358,0,1,-0.477419171062202,-0.31252881266438587,True,False,False,False,False,True,False,True,False,True,False,False,False,False,False,True,True,False,True,False,False,0
0,0,0,0,-0.8741453115080462,1,1,0.9702861841641642,-0.5672661964277368,False,False,True,False,False,False,False,True,False,True,False,True,False,False,False,True,False,False,False,True,False,0
0,0,1,1,1.6071133660414583,1,0,-1.4921350250678969,-0.40047072574228865,False,False,False,True,True,False,True,False,True,False,True,False,True,False,True,False,False,True,True,False,False,0
0,0,0,0,-0.06061787624591358,1,0,-1.4524718646507362,-0.7036134810325432,False,False,False,True,True,False,True,False,True,False,True,False,True,False,True,False,False,True,True,False,False,0
1,0,1,0,1.6071133660414583,1,0,0.7207387998728615,1.6694132089063325,False,True,False,False,False,True,False,False,False,True,False,True,False,True,False,True,False,True,True,False,False,0
1,0,1,0,-1.2809090291391125,0,1,-0.4790718027462502,-0.984167062943576,True,False,False,False,False,False,False,False,False,True,False,False,False,True,False,True,False,False,False,True,False,1
1,0,1,0,1.1189969048841788,1,1,1.0215177663696633,1.515152643954155,False,True,True,False,False,False,False,True,False,True,False,False,False,True,False,False,False,False,False,True,False,1
1,1,0,0,-0.5080579656400865,1,0,-0.35842968981071976,-0.5426793410489921,False,False,False,False,False,True,False,False,False,False,False,True,False,False,False,False,True,False,False,False,True,0
0,0,1,1,1.200349648410392,1,1,1.1669493545659195,1.7524157983590412,False,False,True,False,False,False,False,True,False,True,False,False,False,True,False,True,False,False,False,True,False,1
1,1,0,0,-1.2809090291391125,0,1,-0.7120928701970696,-0.9872623724153644,True,False,False,False,False,False,False,True,False,True,False,False,False,False,False,True,False,False,False,True,False,1
1,0,0,0,1.2410260201734986,1,1,0.7223914315569098,1.3248679453622276,False,False,False,False,False,True,False,True,False,True,False,True,False,True,False,True,False,True,False,False,False,0
0,0,0,0,-1.2809090291391125,1,1,-0.645987602835135,-0.9863842704375521,False,False,False,False,False,False,False,False,False,False,False,False,False,False,False,False,False,False,False,True,False,1
1,0,1,0,-0.46738159387697986,1,1,1.5321809567406077,0.011051766159450138,False,True,True,False,False,False,False,True,False,True,False,True,False,True,False,True,False,False,False,True,False,1
0,0,0,0,-1.2809090291391125,1,1,0.5092019443146708,-0.9710394383752821,False,False,True,False,False,False,False,False,False,False,False,False,False,True,False,False,False,False,False,True,False,1
1,0,0,0,-0.5894107091662998,1,1,0.3654229878024634,-0.4034343199174052,False,False,True,False,False,False,False,False,False,False,False,True,False,False,False,False,False,False,False,False,False,0
1,0,0,0,-0.34535247858766,1,1,0.66124405924712,-0.10674561416407105,False,True,True,False,False,False,False,True,False,True,False,False,False,False,False,False,False,False,False,False,False,0
0,1,1,0,0.26479309785893945,1,1,1.2033072516149832,0.72760493260374,False,True,True,False,False,False,False,False,False,False,False,True,False,True,False,True,False,False,False,True,False,0
0,0,1,1,0.9562914178317522,1,0,-1.4805666032795584,-0.5276637972284017,False,False,False,True,True,False,True,False,True,False,True,False,True,False,True,False,False,True,False,False,True,0
0,0,1,0,0.1834403543327262,1,1,1.1454651426732907,0.6454365400299531,False,True,True,False,False,False,False,False,False,True,False,False,False,True,False,True,False,False,False,True,False,1
0,0,1,1,0.752909559016219,0,1,-0.2873665273966402,0.2665135840544962,True,False,False,False,False,False,False,False,False,True,False,True,False,True,False,True,True,False,False,True,False,0
0,0,0,0,-1.2809090291391125,1,1,0.6810756394557007,-0.9687563732329701,False,False,True,False,False,False,False,False,False,True,False,False,False,True,False,False,False,False,False,True,False,1
0,0,1,1,0.5088513284375793,1,0,0.5439072096796863,0.5484501765805835,False,True,False,False,False,True,False,True,False,True,False,True,False,True,False,False,False,False,False,False,True,0
0,0,1,0,-0.5080579656400865,1,0,-1.5070087102243321,-0.8415193966479664,False,False,False,True,True,False,True,False,True,False,True,False,True,False,True,False,False,False,False,False,False,0
0,0,1,0,-0.670763452692513,1,1,1.1619914595137741,-0.33243977501127997,False,True,True,False,False,False,False,True,False,False,False,False,False,True,False,True,False,False,False,True,False,1
0,1,1,0,-0.792792567981833,0,0,-0.645987602835135,-0.7742567851475435,True,False,False,False,False,False,False,False,False,False,False,False,False,True,False,True,False,False,False,True,False,0
0,0,0,1,-0.5487343374031931,1,1,-0.1402823075163358,-0.4364729068325934,False,False,False,False,False,True,False,True,False,True,False,False,False,False,False,False,False,False,False,True,False,0
1,0,0,0,-0.8334689397449395,1,0,-1.4805666032795584,-0.8890466661970576,False,False,False,True,True,False,True,False,True,False,True,False,True,False,True,False,True,False,True,False,False,0
1,0,0,0,-0.5894107091662998,1,0,-1.5070087102243321,-0.8607937350609466,False,False,False,True,True,False,True,False,True,False,True,False,True,False,True,False,False,False,False,False,True,0
0,0,0,0,1.525760622515245,1,1,1.6131599092589775,2.479462283438188,False,True,True,False,False,True,False,True,False,True,False,True,False,True,False,True,False,True,False,False,False,0
1,0,0,1,-0.792792567981833,1,0,0.05142296783327444,-0.6410926202123067,False,False,False,False,False,False,False,False,False,False,False,False,False,True,False,True,False,False,True,False,False,0
0,0,0,1,-0.6300870809294065,1,1,-0.2972823175009303,-0.5946629781354809,False,True,False,False,False,False,False,False,False,True,False,False,False,False,False,False,True,False,False,False,True,1
1,0,0,0,-1.2402326573760059,0,1,-0.5154296997953143,-0.9666050233873299,True,False,False,False,False,False,False,False,False,True,False,False,False,True,False,True,False,False,False,True,False,1
1,0,0,0,1.2410260201734986,1,1,0.23321245307859437,0.9603239092734472,False,True,False,False,False,True,False,False,False,True,False,True,False,False,False,True,False,True,False,False,False,0
1,0,0,0,-1.2809090291391125,1,0,0.1687598174007081,-0.9755616635610155,False,False,True,False,False,False,False,False,False,False,False,False,False,False,False,False,False,False,False,True,False,1
1,0,1,1,0.10208761080651294,1,0,-1.302082381402335,-0.6509712674626952,False,True,False,True,True,False,True,False,True,False,True,False,True,False,True,False,False,True,False,False,False,0
1,0,0,0,-1.2809090291391125,1,0,-1.4508192329666876,-0.9970751620174171,False,False,False,True,True,False,True,False,True,False,True,False,True,False,True,False,False,False,False,False,False,0
1,1,0,0,-1.2809090291391125,1,1,0.7918019622869408,-0.9672855524201344,False,True,True,False,False,False,False,False,False,True,False,False,False,True,False,False,False,False,False,True,False,1
1,0,0,0,1.4850842507521385,1,1,1.494170428007495,2.256204855579408,False,True,True,False,False,True,False,True,False,True,False,False,False,True,False,True,False,True,True,False,False,0
1,1,1,0,1.5664369942783516,1,1,1.4098862121210287,2.380368475242069,False,True,True,False,False,True,False,True,False,True,False,False,False,True,False,True,False,False,False,True,False,0
0,0,0,0,-0.9148216832711529,1,1,0.5092019443146708,-0.6348361436203941,False,False,True,False,False,False,False,False,False,False,False,False,False,False,False,True,False,False,False,False,False,1
0,0,1,1,-0.9554980550342594,1,0,-1.4904823933838485,-0.9137871894219194,False,False,False,True,True,False,True,False,True,False,True,False,True,False,True,False,False,True,False,False,True,0
1,0,0,0,-0.5080579656400865,1,1,0.6744651127195072,-0.24473933997727557,False,True,True,False,False,False,False,False,False,False,False,False,False,True,False,False,False,False,False,True,False,1
0,0,1,0,0.8342623025424323,1,0,1.5090441131639305,1.5558087655268649,False,False,True,False,False,True,False,True,False,True,False,True,False,True,False,True,True,False,False,True,False,0
1,0,0,0,-0.7114398244556197,1,1,1.1520756694094842,-0.318390143366283,False,True,True,False,False,True,False,False,False,False,False,False,False,True,False,True,False,False,False,True,False,0
1,1,0,0,0.5902040719637925,1,0,-0.17333494119730308,0.20287314321254918,False,True,False,False,False,False,False,True,False,False,False,True,False,False,False,False,False,True,False,False,False,0
1,0,1,1,-1.1588799138497925,1,0,-1.3467034368716408,-0.9741786529459611,False,True,False,True,True,False,True,False,True,False,True,False,True,False,True,False,True,False,True,False,False,0
1,0,0,0,-1.0368507985604727,1,1,0.9587177623758254,-0.727212471686249,False,True,True,False,False,False,False,False,False,False,False,False,False,True,False,True,False,False,False,True,False,1
1,0,0,0,-1.118203542086686,1,1,0.9140967069065198,-0.8075148975571846,False,True,True,False,False,False,False,False,False,True,False,False,False,True,False,False,False,False,False,True,False,1
0,0,0,0,0.4681749566744726,1,1,0.6595914275630718,0.6895831169644671,False,True,True,False,False,False,False,True,False,True,False,False,False,False,False,False,False,False,False,False,False,1
1,0,0,0,1.2817023919366053,1,0,-1.497092920120042,-0.46178419634303314,False,False,False,True,True,False,True,False,True,False,True,False,True,False,True,False,False,True,False,False,True,0
1,0,0,0,1.6071133660414583,1,1,1.7635493925073784,2.7463613795942394,False,True,True,False,False,True,False,True,False,True,False,True,False,True,False,True,False,True,False,True,False,0
1,0,1,1,1.6071133660414583,1,0,-1.3467034368716408,-0.2446734823289396,False,True,False,True,True,False,True,False,True,False,True,False,True,False,True,False,False,True,True,False,False,0
0,0,0,0,-1.2402326573760059,1,1,-0.5038612780069757,-0.9559141318074651,False,False,False,False,False,False,False,True,False,False,False,False,False,False,False,False,False,False,False,False,True,1
1,1,1,0,1.525760622515245,1,1,0.7835388038666989,1.762601781301664,False,True,False,False,False,True,False,True,False,True,False,True,False,True,False,True,False,True,True,False,False,0
0,0,0,0,-0.42670522211387324,1,0,-1.2756402744575612,-0.7402522860567617,False,True,False,True,True,False,True,False,True,False,True,False,True,False,True,False,False,True,False,False,True,0
0,0,1,1,-0.01994150448280695,1,0,-0.07913493520654634,-0.10817252987801616,False,True,False,False,False,False,False,True,False,True,False,False,False,False,False,False,False,False,False,False,False,0
1,0,0,0,-1.2809090291391125,0,1,-1.341745541819496,-0.9956262937540267,True,False,False,False,False,False,False,False,False,False,False,False,False,False,False,False,False,False,False,True,False,1
1,0,0,0,-0.26399973506144675,0,0,-0.9616402544883723,-0.5573436440784577,True,False,False,False,False,False,False,False,False,True,False,True,False,False,False,False,False,False,False,True,False,0
1,0,0,0,-1.0368507985604727,0,0,-0.9765139396448077,-0.8900125783726511,True,False,False,False,False,True,False,False,False,True,False,False,False,False,False,False,True,False,False,False,True,0
1,0,1,1,-0.14197061977212685,1,0,0.9851598693205996,0.1568386470257389,False,False,True,False,False,True,False,False,False,False,False,False,False,True,False,True,False,False,True,False,False,1
1,0,1,0,0.22411672609583283,1,1,0.4827598373698971,0.31660930188868863,False,False,True,False,False,True,False,True,False,False,False,False,False,False,False,False,False,False,False,True,False,1
0,0,1,1,0.3461458413851527,1,1,1.2148756734033217,0.7194385842100856,False,True,True,False,False,True,False,True,False,True,False,False,False,False,False,True,True,False,False,False,False,0
0,0,0,0,1.0376441613579654,1,1,0.4943282591582355,0.9812446888948257,False,True,True,False,False,True,False,False,False,False,False,False,False,False,False,False,False,False,False,False,False,0
0,0,0,0,-0.2233233632983401,1,1,0.8050230157593279,0.040248656921709425,False,False,True,False,False,False,False,False,False,True,False,True,False,False,False,True,False,False,False,True,False,0
0,0,0,1,0.427498584911366,1,1,1.3603072615995777,0.9836375167843642,False,False,True,False,False,True,False,True,False,False,False,True,False,True,False,True,True,False,True,False,False,0
1,0,0,0,-1.2809090291391125,1,0,-0.4641981175898151,-0.9839694899985681,False,False,False,False,False,False,False,True,False,False,False,False,False,False,False,False,False,False,False,True,False,1
1,0,1,0,1.200349648410392,1,1,-0.15515599267277116,0.6415728913275789,False,False,False,False,False,False,False,True,False,True,False,True,False,False,False,False,False,True,True,False,False,0
1,0,0,0,-1.2402326573760059,1,0,-0.627808654310603,-0.9707101501336024,False,False,False,False,False,False,False,False,False,False,False,False,False,False,False,False,False,False,False,False,True,1
0,0,0,0,-1.1995562856128992,1,1,0.1786756075049982,-0.9054232680832572,False,False,True,False,False,False,False,False,False,False,False,False,False,False,False,False,False,False,False,True,False,0
1,0,1,1,-0.6300870809294065,1,1,0.9157493385905681,-0.34106712694328595,False,True,True,False,False,False,False,False,False,False,False,False,False,True,False,True,False,False,False,True,False,1
0,0,0,0,-0.792792567981833,1,0,0.09769665498662833,-0.6364825848287922,False,False,False,False,False,True,False,True,False,False,False,True,False,False,False,True,False,False,False,False,False,0
1,0,0,1,-1.0775271703235794,1,0,-1.4921350250678969,-0.9572532373236288,False,False,False,True,True,False,True,False,True,False,True,False,True,False,True,False,False,False,False,False,True,0
0,0,1,0,-1.1995562856128992,1,1,0.3274124590693509,-0.9055110782810384,False,True,True,False,False,False,False,False,False,False,False,False,False,False,False,False,False,False,True,False,False,1
1,1,0,0,-0.30467610682455337,1,0,1.3586546299155295,0.1595168580580664,False,True,True,False,False,False,False,True,False,True,False,False,False,True,False,True,False,False,False,False,True,1
1,0,0,0,-1.2809090291391125,1,0,-0.4493244324333798,-0.9837719170535605,False,False,False,False,False,False,False,False,False,False,False,True,False,False,False,False,False,False,False,False,True,1
1,1,1,0,-0.9554980550342594,1,0,-1.4871771300157517,-0.9258610916168386,False,False,False,True,True,False,True,False,True,False,True,False,True,False,True,False,True,False,True,False,False,0
0,1,1,0,-0.42670522211387324,1,0,-1.29712448635019,-0.7653220975233033,False,True,False,True,True,False,True,False,True,False,True,False,True,False,True,False,True,False,False,False,False,0
0,0,0,0,-0.7521161962187263,1,1,-0.350166531390478,-0.6667990556127621,False,True,False,False,False,False,False,True,False,False,False,False,False,False,False,False,True,False,False,False,True,0
1,0,0,0,0.9562914178317522,1,0,-0.40139811359597716,0.3195289909649144,False,False,False,False,False,True,False,False,False,True,False,False,False,False,False,False,True,False,False,False,True,0
0,0,1,0,1.0376441613579654,1,1,0.9735914475322608,1.4568686251768628,False,True,True,False,False,False,False,True,False,True,False,False,False,False,False,True,True,False,False,True,False,0
1,0,1,1,0.4681749566744726,1,1,-0.3286823194978493,0.11291159558567804,False,False,False,False,False,False,False,True,False,False,False,True,False,False,False,False,False,False,False,False,False,0
0,1,0,0,-1.2809090291391125,1,1,0.4744966789496553,-0.9715004419136336,False,False,True,False,False,False,False,False,False,False,False,False,False,True,False,False,False,False,False,True,False,1
1,0,1,0,-1.118203542086686,1,1,0.5439072096796863,-0.8234963535533687,False,True,True,False,False,False,False,True,False,False,False,False,False,False,False,False,False,False,False,True,False,1
0,0,1,1,-1.2809090291391125,0,0,-1.1351665813134504,-0.9928822250733632,True,False,False,False,False,True,False,False,False,False,False,False,False,False,False,False,False,False,False,False,False,1
1,0,1,1,0.9156150460686455,1,0,0.48110720568584886,0.8546223836942904,False,False,True,False,False,False,False,True,False,False,False,True,False,False,False,False,False,False,False,True,False,0
0,0,1,1,-0.5080579656400865,1,1,1.3553493665474325,-0.022952732931331463,False,True,True,False,False,False,False,True,False,True,False,False,False,True,False,True,False,False,False,False,False,1
0,0,1,0,-0.01994150448280695,1,1,0.35220193433007635,0.014388553675136875,False,False,True,False,False,True,False,False,False,False,False,False,False,False,False,False,False,False,False,False,False,0
1,0,0,0,-1.1588799138497925,1,0,-1.4904823933838485,-0.9718955878036489,False,False,False,True,True,False,True,False,True,False,True,False,True,False,True,False,False,False,False,False,True,0
1,1,1,0,1.200349648410392,1,1,0.8017177523912309,1.4604468907364483,False,True,True,False,False,True,False,True,False,True,False,False,False,False,False,False,False,False,False,True,False,0
0,0,0,0,-1.2809090291391125,1,0,-1.502050815172187,-0.9977556910502214,False,False,False,True,True,False,True,False,True,False,True,False,True,False,True,False,False,False,True,False,False,0
0,0,0,0,0.7935859307793257,0,0,-0.8509139316571319,-0.1360303151241117,True,False,False,False,False,True,False,True,False,False,False,True,False,False,False,False,False,True,False,False,True,0
0,0,1,0,-1.118203542086686,1,1,0.7951072256550378,-0.8068782736232707,False,False,True,False,False,True,False,False,False,True,False,False,False,False,False,True,False,False,False,False,True,1
0,0,0,0,1.6071133660414583,1,1,1.2049598832990316,2.1817857129598153,False,True,True,False,False,True,False,True,False,True,False,False,False,True,False,False,False,True,False,False,False,0
0,0,0,0,-0.9554980550342594,0,0,-0.2096928382463671,-0.7692516038740134,True,False,False,False,False,True,False,False,False,True,False,True,False,True,False,True,False,False,False,False,True,1
0,0,1,0,-0.34535247858766,1,1,0.1522335005602245,-0.29762303159102194,False,False,False,False,False,False,False,True,False,False,False,False,False,True,False,True,False,False,False,False,False,0
1,0,1,1,-1.0368507985604727,1,0,-0.5336086483198462,-0.8568861812596817,False,False,False,False,False,False,False,False,False,True,False,False,False,False,False,False,False,False,False,True,False,1
0,0,0,0,0.7122331872531124,1,1,1.4809493745351086,1.4309646168313996,False,True,True,False,False,True,False,True,False,False,False,True,False,True,False,True,False,True,False,True,False,1
1,0,1,1,-0.34535247858766,1,1,-1.3467034368716408,-0.7483747293515256,False,True,False,True,True,False,True,False,True,False,True,False,True,False,True,False,False,True,False,False,False,0
1,0,0,0,0.1834403543327262,1,1,0.8512967029126818,0.4683453236546557,False,True,False,False,False,True,False,True,False,True,False,True,False,True,False,True,True,False,False,False,False,0
1,0,1,0,0.22411672609583283,1,0,0.13735981540378914,0.16575138210053372,False,True,False,False,False,False,False,False,False,True,False,True,False,False,False,True,True,False,True,False,False,0
1,0,1,0,1.525760622515245,1,0,1.634644121151606,2.61339478760401,False,True,True,False,False,True,False,True,False,True,False,True,False,True,False,True,False,True,True,False,False,0
0,0,1,1,-0.670763452692513,1,1,0.49928615421038075,-0.44957857885144203,False,True,True,False,False,False,False,True,False,False,False,False,False,False,False,False,False,False,True,False,False,0
1,0,0,0,0.874938674305539,1,0,0.7356124850292963,1.0727209624334229,False,True,False,False,False,True,False,False,False,True,False,True,False,True,False,True,False,True,False,False,False,0
1,1,1,0,1.5664369942783516,1,1,0.8975703900660361,1.884965291909809,False,True,True,False,False,True,False,True,False,True,False,True,False,False,False,False,True,False,False,True,False,0
0,0,0,0,1.1189969048841788,1,1,1.1504230377254359,1.6021505974059096,False,False,True,False,False,False,False,True,False,True,False,False,False,True,False,True,False,True,False,True,False,0
1,0,1,0,0.752909559016219,1,1,1.543749378528946,1.5052520441543213,False,True,True,False,False,True,False,False,False,True,False,True,False,True,False,True,True,False,False,True,False,0
0,0,0,0,-0.34535247858766,0,1,-0.35347179475857476,-0.46174029124414256,True,False,False,False,False,False,False,True,False,True,False,False,False,True,False,True,False,False,True,False,False,1
1,0,1,1,1.4850842507521385,1,0,0.5224229977870579,1.427188778326807,False,False,False,False,False,True,False,True,False,False,False,True,False,True,False,True,False,True,False,False,False,0
0,0,0,0,-1.2809090291391125,1,1,-0.6889560266203923,-0.9869550367231301,False,False,False,False,False,False,False,False,False,False,False,False,False,False,False,False,False,False,False,False,True,0
1,0,1,1,0.14276398256961956,1,0,-0.3699981115990584,-0.1547997448998498,False,False,False,False,False,True,False,True,False,False,False,False,False,False,False,False,True,False,False,False,True,0
1,0,0,0,-0.8334689397449395,1,1,0.07951770646209642,-0.6408511421684083,False,True,False,False,False,True,False,True,False,False,False,True,False,False,False,False,False,False,False,True,False,0
1,0,0,0,-1.2809090291391125,1,1,-0.4658507492738634,-0.9839914425480136,False,False,False,False,False,True,False,False,False,False,False,False,False,False,False,False,False,False,False,False,True,0
1,0,1,1,0.9562914178317522,0,1,-0.4245349571726543,0.2603449176603649,True,False,False,False,False,True,False,True,False,False,False,True,False,True,False,False,True,False,False,False,True,0
1,0,1,1,-0.7114398244556197,1,0,-1.5037034468562354,-0.8838439119785197,False,False,False,True,True,False,True,False,True,False,True,False,True,False,True,False,False,True,False,False,True,0
1,0,0,0,-0.5894107091662998,1,0,-0.2840612640285434,-0.5804596786443668,False,True,False,False,False,True,False,False,False,False,False,False,False,False,False,False,False,False,False,False,True,0
0,1,1,1,-0.34535247858766,1,1,1.047959873314437,-0.012503319395365102,False,False,True,False,False,False,False,False,False,True,False,False,False,True,False,True,False,True,False,True,False,0
1,0,1,1,1.4444078789890318,1,0,-1.483871866647655,-0.40139273281899157,False,False,False,True,True,False,True,False,True,False,True,False,True,False,True,False,False,True,False,False,False,0
0,1,0,0,-0.18264699153523348,1,1,1.271065150660966,0.26286946084657525,False,True,True,False,False,False,False,False,False,True,False,True,False,True,False,True,False,False,False,True,False,1
1,0,1,1,1.3223787636997117,1,0,0.2513914016031263,1.0370041644859074,False,True,False,False,False,True,False,True,False,True,False,False,False,False,False,True,True,False,True,False,False,1
0,0,1,0,0.10208761080651294,1,1,0.18032823918904647,0.05471538700616735,False,False,True,False,False,False,False,False,False,False,False,False,False,False,False,False,False,False,False,True,False,1
0,0,1,0,-1.2809090291391125,1,1,0.15058086887617622,-0.9758031416049138,False,False,True,False,False,False,False,False,False,False,False,False,False,False,False,False,False,False,False,False,True,1
1,0,1,1,0.06141123904340631,1,1,0.8331177543881498,0.35346763240736023,False,True,True,False,False,False,False,False,False,True,False,False,False,False,False,True,False,False,True,False,False,0
1,0,1,0,-0.10129424800902022,1,1,-0.49064022453458883,-0.3587169766973133,False,False,False,False,False,False,False,False,False,True,False,False,False,False,False,False,False,False,False,False,True,0
0,0,1,1,-0.18264699153523348,1,1,0.5951387918851855,0.01267625481840303,False,False,True,False,False,True,False,False,False,False,False,False,False,False,False,True,True,False,False,False,False,0
0,0,0,0,-0.10129424800902022,1,0,1.5073914814798821,0.4544713124052212,False,True,True,False,False,False,False,True,False,True,False,True,False,True,False,True,True,False,True,False,False,0
1,0,1,1,1.525760622515245,1,0,-1.3119981715066253,-0.22030615244464802,False,True,False,True,True,False,True,False,True,False,True,False,True,False,True,False,False,True,True,False,False,0
1,0,1,1,-0.5894107091662998,1,0,0.6083598453575726,-0.2988962794588497,False,False,False,False,False,True,False,False,False,True,False,True,False,True,False,True,False,False,False,True,False,0
1,0,0,0,-1.2809090291391125,1,0,-0.3468612680223812,-0.9824108589879514,False,True,False,False,False,False,False,False,False,True,False,False,False,False,False,False,False,False,False,True,False,1
1,1,0,0,0.9969677895948588,1,1,-0.37495600665120343,0.32659771188630365,False,False,False,False,False,False,False,False,False,True,False,True,False,False,False,False,True,False,False,True,False,0
1,0,1,0,1.6071133660414583,1,1,1.512349376532027,2.489538503633584,False,True,True,False,False,False,False,True,False,True,False,True,False,True,False,True,False,True,True,False,False,0
0,0,1,1,0.5495277002006859,0,0,-0.9847770980650494,-0.29490091545980374,True,False,False,False,False,True,False,True,False,False,False,False,False,False,False,False,False,False,False,False,False,0
1,0,0,0,1.403731507225925,1,0,1.697444125145444,2.3973817010621823,False,True,True,False,False,True,False,True,False,True,False,True,False,True,False,True,False,True,True,False,False,1
0,0,1,0,0.5088513284375793,1,0,1.6015914874706387,1.2031410586879963,False,True,True,False,False,True,False,True,False,True,False,True,False,True,False,True,True,False,False,False,True,0
0,0,0,0,-1.2809090291391125,1,0,-1.483871866647655,-0.9975142130063233,False,False,False,True,True,False,True,False,True,False,True,False,True,False,True,False,False,False,True,False,False,0
1,0,0,0,-0.5487343374031931,1,0,-0.17498757288135158,-0.5037355183330163,False,True,False,False,False,False,False,False,False,True,False,True,False,False,False,False,False,False,False,True,False,0
1,0,1,1,-1.118203542086686,1,0,-1.47891397159551,-0.9689100410790872,False,False,False,True,True,False,True,False,True,False,True,False,True,False,True,False,True,False,False,False,True,0
1,1,0,0,-0.792792567981833,1,1,0.8479914395445852,-0.47890718491037315,False,False,True,False,False,False,False,False,False,False,False,False,False,True,False,True,False,False,False,True,False,1
0,0,0,0,0.3461458413851527,1,0,-1.4673455498071712,-0.6657453332393873,False,False,False,True,True,False,True,False,True,False,True,False,True,False,True,False,False,False,False,True,False,0
1,0,0,0,-0.8334689397449395,1,0,0.3274124590693509,-0.6431561598601657,False,True,False,False,False,False,False,False,False,True,False,False,False,True,False,True,False,False,False,False,False,0
1,1,1,1,0.752909559016219,1,1,0.6397598473544917,0.8140540723193619,False,True,True,False,False,False,False,True,False,True,False,False,False,False,False,False,False,False,False,True,False,1
0,0,0,0,-0.10129424800902022,1,0,0.32410719570125435,0.007319832753747824,False,False,False,False,False,True,False,True,False,True,False,True,False,True,False,False,True,False,True,False,False,0
0,1,0,0,0.3054694696220461,1,1,1.2859388358174015,0.8326478816995374,False,True,True,False,False,False,False,False,False,True,False,True,False,True,False,True,True,False,True,False,False,0
0,0,1,0,-1.1995562856128992,1,0,-1.4541244963347844,-0.9746616090337578,False,False,False,True,True,False,True,False,True,False,True,False,True,False,True,False,False,False,False,False,True,0
1,0,1,0,-1.1588799138497925,1,1,0.5207703661030092,-0.8661501571256016,False,False,True,False,False,False,False,False,False,True,False,True,False,False,False,False,False,False,False,False,True,1
1,1,1,0,0.7935859307793257,1,1,1.3008125209738368,1.438516293840586,False,True,True,False,False,True,False,False,False,True,False,False,False,True,False,True,False,False,False,True,False,1
1,0,0,0,-0.30467610682455337,1,0,0.2018124510816754,-0.2303165149917084,False,False,True,False,False,False,False,False,False,False,False,False,False,False,False,False,False,False,False,False,True,1
0,0,1,1,-1.1995562856128992,1,1,0.500938785894429,-0.9003302766119458,False,False,True,False,False,False,False,True,False,False,False,True,False,False,False,False,False,False,False,True,False,0
1,0,1,0,-0.30467610682455337,0,1,-0.8839665653380991,-0.5802182006004684,True,False,False,False,False,False,False,False,False,True,False,False,False,True,False,False,True,False,True,False,False,0
0,0,0,1,-0.9961744267973661,1,0,-1.4805666032795584,-0.934444538449954,False,False,False,True,True,False,True,False,True,False,True,False,True,False,True,False,False,False,False,False,True,0
1,1,0,0,-0.3860288503507666,0,1,-0.9979981515374363,-0.6688845478100663,True,False,False,False,False,False,False,False,False,False,False,False,False,False,False,True,False,False,False,False,False,0
1,0,0,0,-0.9148216832711529,1,1,-0.34190337297023615,-0.7568045083385238,False,True,False,False,False,True,False,False,False,False,False,False,False,False,False,False,False,False,True,False,False,0
0,1,0,0,-0.9961744267973661,1,1,0.9008756534341327,-0.6857880108829533,False,False,True,False,False,False,False,False,False,True,False,False,False,True,False,True,False,False,False,True,False,1
1,1,0,0,-0.42670522211387324,1,1,1.0529177683665825,-0.09175202289292603,False,True,True,False,False,False,False,False,False,False,False,False,False,True,False,True,False,False,False,True,False,1
0,0,0,0,-1.2402326573760059,1,1,-0.627808654310603,-0.9599094958065111,False,False,False,False,False,False,False,False,False,False,False,False,False,False,False,False,False,False,False,False,True,0
1,0,1,1,1.2817023919366053,1,1,1.466075689378673,1.953435293629724,False,True,True,False,False,False,False,True,False,True,False,True,False,True,False,True,False,True,True,False,False,0
0,0,1,1,-1.118203542086686,0,0,-1.3153034348747221,-0.9511723811272785,True,False,False,False,False,False,False,False,False,False,False,False,False,False,False,False,False,False,False,False,True,0
1,1,0,0,0.22411672609583283,1,1,0.17537034413690167,0.09019070690978453,False,False,False,False,False,False,False,True,False,True,False,True,False,True,False,False,True,False,True,False,False,1
1,1,1,1,0.22411672609583283,1,0,1.2000019882468869,0.636589662603494,False,True,True,False,False,False,False,True,False,False,False,False,False,True,False,True,False,False,False,True,False,0
0,0,1,1,-0.06061787624591358,1,0,-1.4491666012826394,-0.6999474052751767,False,False,False,True,True,False,True,False,True,False,True,False,True,False,True,False,False,True,False,False,True,0
0,0,0,0,-0.6300870809294065,1,1,0.6182756354618627,-0.42270865833038535,False,False,True,False,False,False,False,True,False,False,False,False,False,True,False,False,False,False,False,True,False,0
1,0,0,0,-0.5894107091662998,1,0,-1.3582718586599793,-0.8198961354443383,False,True,False,True,True,False,True,False,True,False,True,False,True,False,True,False,True,False,False,False,True,0
1,0,1,0,0.02073486728029968,1,1,0.26130719170741634,0.06828206256336737,False,True,False,False,False,True,False,True,False,True,False,False,False,True,False,False,False,False,False,False,False,0
1,1,0,0,-1.2402326573760059,1,1,-0.5154296997953143,-0.9662757351456502,False,False,False,False,False,True,False,False,False,False,False,False,False,False,False,False,False,False,False,True,False,1
0,0,1,1,0.26479309785893945,1,1,-1.343398173503544,-0.6047172457814318,False,True,False,True,True,False,True,False,True,False,True,False,True,False,True,False,True,False,False,False,True,0
1,0,0,1,-1.2809090291391125,1,1,1.1537283010935324,-0.962477944091612,False,True,True,False,False,False,False,False,False,True,False,False,False,True,False,True,False,False,False,True,False,1
1,0,0,0,1.1189969048841788,1,1,1.7106651786178306,2.088816666058937,False,True,True,False,False,True,False,True,False,True,False,True,False,True,False,True,True,False,True,False,False,0
1,0,0,0,0.752909559016219,1,0,-1.3252192249790122,-0.46422092933146236,False,True,False,True,True,False,True,False,True,False,True,False,True,False,True,False,False,True,False,False,True,0
1,0,1,0,0.3054694696220461,1,0,0.5273808928392028,0.36916370526075526,False,False,True,False,False,False,False,True,False,True,False,False,False,False,False,False,True,False,False,True,False,0
1,0,0,1,-0.5487343374031931,0,1,-1.3053876447704318,-0.7577265154152267,True,False,False,False,False,False,False,False,False,False,False,False,False,False,False,False,False,False,True,False,False,0
0,0,0,0,-1.0368507985604727,1,1,0.1654545540326111,-0.7799644480033234,False,False,True,False,False,False,False,False,False,False,False,False,False,False,False,False,False,False,False,False,False,0
1,0,1,0,0.14276398256961956,1,1,0.9967282911089379,0.5041718843493979,False,True,True,False,False,False,False,False,False,False,False,False,False,True,False,True,False,False,False,False,False,0
1,0,0,0,-0.5080579656400865,1,1,-0.4311454839088478,-0.5567509252434345,False,False,False,False,False,False,False,True,False,False,False,False,False,False,False,False,False,False,False,False,True,0
0,0,1,0,1.2410260201734986,1,1,1.4677283210627214,1.9974501552675659,False,True,True,False,False,False,False,True,False,True,False,True,False,True,False,True,False,True,False,False,False,0
0,0,0,0,-0.34535247858766,1,1,1.120675667412565,0.05065416535878541,False,True,True,False,False,False,False,False,False,True,False,False,False,True,False,True,False,False,False,True,False,1
0,0,1,0,-0.5487343374031931,1,1,1.0562230317346788,-0.24098545402212795,False,False,True,False,False,False,False,False,False,True,False,False,False,True,False,True,False,False,False,True,False,0
1,0,1,1,1.6071133660414583,1,1,1.323949364550514,2.3030735486451404,False,True,True,False,False,True,False,True,False,True,False,True,False,False,False,True,True,False,True,False,False,0
1,0,0,0,-1.2809090291391125,1,1,0.19024402929333656,-0.9752762804182264,False,False,True,False,False,False,False,False,False,False,False,False,False,False,False,False,False,False,False,False,True,0
0,1,1,0,-0.14197061977212685,0,1,-0.6559033929394251,-0.4668332827154539,True,False,False,False,False,True,False,False,False,True,False,False,False,False,False,True,False,False,False,True,False,0
1,0,1,1,1.525760622515245,1,0,-1.3037350130863834,-0.22386246545478794,False,True,False,True,True,False,True,False,True,False,True,False,True,False,True,False,False,True,False,False,True,0
0,0,0,0,-1.2809090291391125,1,1,-1.292166591298045,-0.9949677172706675,False,True,False,True,True,False,True,False,True,False,True,False,True,False,True,False,False,False,False,False,True,0
0,0,1,1,1.0376441613579654,1,0,0.3621177244343664,0.9324661240273517,False,True,False,False,False,True,False,False,False,True,False,True,False,True,False,False,False,True,False,False,True,0
1,0,0,0,0.752909559016219,1,0,0.7108230097685709,0.8672231470758971,False,False,True,False,False,True,False,False,False,False,False,False,False,True,False,False,True,False,False,False,True,0
1,0,1,1,1.0376441613579654,1,0,0.2232966629743038,0.8510221655852601,False,True,False,False,False,True,False,True,False,True,False,True,False,False,False,False,False,True,True,False,False,0
1,0,0,1,-1.0775271703235794,1,0,-1.4937876567519452,-0.9619730354543699,False,False,False,True,True,False,True,False,True,False,True,False,True,False,True,False,False,False,False,False,True,0
1,0,1,1,-0.14197061977212685,1,1,-1.460735023070978,-0.7187607401498055,False,False,False,True,True,False,True,False,True,False,True,False,True,False,True,False,False,False,False,False,True,0
0,0,0,0,-1.2402326573760059,1,0,0.3819493046429471,-0.9356738812188912,False,False,False,False,False,False,False,False,False,True,False,True,False,True,False,True,False,False,False,True,False,1
1,0,0,0,-1.2809090291391125,1,1,0.16380192234856286,-0.9756275212093513,False,False,True,False,False,False,False,False,False,False,False,False,False,False,False,False,False,False,False,True,False,1
1,1,0,0,-0.792792567981833,1,1,-0.163419151093013,-0.6601474331308339,False,False,False,False,False,False,False,True,False,False,False,False,False,True,False,False,False,False,False,True,False,0
1,0,0,0,-0.5894107091662998,1,0,1.2049598832990316,-0.2183304229945703,False,False,True,False,False,False,False,True,False,True,False,False,False,True,False,True,False,False,True,False,False,0
0,0,0,0,-0.18264699153523348,1,0,-0.3485138997064297,-0.3273687360894139,False,False,False,False,False,True,False,False,False,False,False,True,False,False,False,False,True,False,False,False,True,0
0,0,1,0,1.5664369942783516,1,1,0.6100124770416209,1.581712773872328,False,True,False,False,False,False,False,True,False,True,False,True,False,True,False,True,False,True,True,False,False,0
1,0,0,1,-1.2809090291391125,0,1,-1.3070402764544802,-0.9951652902156751,True,False,False,False,False,False,False,False,False,False,False,False,False,False,False,False,False,False,False,True,False,1
1,0,1,0,-0.14197061977212685,1,1,0.692644061244039,0.06512089544324313,False,True,True,False,False,False,False,True,False,True,False,False,False,False,False,False,False,False,False,True,False,0
1,0,1,0,-0.792792567981833,0,1,-0.34355600465428443,-0.6959300887266855,True,False,False,False,False,True,False,False,False,False,False,True,False,True,False,True,False,False,False,True,False,1
1,1,1,0,1.5664369942783516,1,1,1.6594335964123315,2.513422877430079,False,True,True,False,False,True,False,True,False,True,False,True,False,True,False,True,False,True,False,False,False,0
1,0,1,1,1.1596732766472853,1,0,1.2908967308695467,1.8252324048691266,False,False,True,False,False,False,False,True,False,True,False,True,False,True,False,True,True,False,True,False,False,0
1,0,1,0,0.9969677895948588,1,0,-0.30224021255307537,0.38622083617975933,False,False,False,False,False,True,False,False,False,False,False,True,False,False,False,False,False,False,False,True,False,0
0,0,1,0,-0.9961744267973661,1,1,0.6628966909311688,-0.6704212262712379,False,True,True,False,False,False,False,False,False,False,False,False,False,False,False,True,False,False,False,True,False,1
0,0,1,1,0.22411672609583283,1,0,0.5108545759987191,0.33663002698280925,False,False,False,False,False,True,False,True,False,False,False,True,False,True,False,True,True,False,True,False,False,1
0,0,0,0,-0.7114398244556197,1,1,-1.3037350130863834,-0.8308285050681016,False,True,False,True,True,False,True,False,True,False,True,False,True,False,True,False,False,False,True,False,False,1
1,1,1,0,-1.0775271703235794,1,1,0.6397598473544917,-0.7783399593443707,False,False,True,False,False,False,False,True,False,False,False,False,False,False,False,True,False,False,False,True,False,1
0,1,1,1,0.6308804437268991,0,0,-1.1549981615220308,-0.39654121939157855,True,False,False,False,False,False,False,True,False,False,False,False,False,False,False,False,True,False,False,False,False,0
1,0,0,0,0.02073486728029968,1,1,0.05142296783327444,-0.020428189745121075,False,False,False,False,False,False,False,True,False,True,False,False,False,True,False,False,False,False,True,False,False,0
0,0,1,0,1.4850842507521385,1,1,-1.3186086982428187,-0.25183001344811,False,True,False,True,True,False,True,False,True,False,True,False,True,False,True,False,False,True,True,False,False,0
1,0,0,1,-0.9961744267973661,1,0,-1.470650813175268,-0.9278148685174712,False,False,False,True,True,False,True,False,True,False,True,False,True,False,True,False,False,False,False,False,True,0
1,1,1,0,-0.7114398244556197,1,1,1.046307241630389,-0.39500454093040704,False,True,True,False,False,True,False,False,False,True,False,False,False,True,False,False,False,False,False,True,False,0
1,0,0,0,-1.1588799138497925,1,1,-0.6625139196756187,-0.9289124959897366,False,False,False,False,False,False,False,False,False,False,False,False,False,False,False,False,False,False,True,False,False,0
1,0,1,0,0.752909559016219,1,1,1.0430019782622924,1.1499280788325703,False,True,True,False,False,True,False,True,False,False,False,False,False,False,False,True,True,False,True,False,False,0
1,1,1,0,1.1596732766472853,1,1,0.5720019483085088,1.1472059627013522,False,True,True,False,False,False,False,True,False,False,False,False,False,False,False,False,False,False,False,True,False,0
1,0,0,0,-1.1588799138497925,1,1,-0.31546126602546243,-0.901559619380883,False,False,False,False,False,False,False,False,False,False,False,False,False,False,False,True,False,False,False,False,True,0
0,1,1,1,-0.8334689397449395,0,1,-1.1748297417306113,-0.8500150332833004,True,False,False,False,False,False,False,False,False,False,False,True,False,False,False,False,False,False,False,False,True,0
1,0,0,0,0.14276398256961956,1,1,-1.5301455538010094,-0.7037671488786603,False,False,False,True,True,False,True,False,True,False,True,False,True,False,True,False,False,True,True,False,False,0
1,0,0,0,-0.9961744267973661,1,1,0.046465072781129164,-0.7663538673472327,False,False,False,False,False,False,False,False,False,False,False,False,False,True,False,True,False,False,False,True,False,0
0,0,0,1,0.1834403543327262,1,0,-1.4723034448593166,-0.6746141632152917,False,False,False,True,True,False,True,False,True,False,True,False,True,False,True,False,True,False,False,False,False,0
0,0,1,1,0.9969677895948588,1,0,0.011759807416113634,0.6128809092025618,False,True,False,False,False,True,False,True,False,False,False,True,False,False,False,False,False,False,False,False,False,0
1,0,1,1,0.8342623025424323,1,1,0.9157493385905681,1.09214896869252,False,False,True,False,False,False,False,True,False,False,False,True,False,True,False,False,False,False,False,True,False,0
0,0,0,0,-0.8741453115080462,1,0,0.0018440173118235501,-0.7001449782201845,False,False,False,False,False,False,False,False,False,True,False,True,False,False,False,True,True,False,True,False,False,0
0,1,1,0,1.6071133660414583,1,1,1.5189599032682206,2.4544363770705373,False,True,True,False,False,False,False,True,False,True,False,True,False,True,False,True,False,True,True,False,False,0
1,0,0,0,0.3868222131482594,1,0,0.4976335225263325,0.44847826640665217,False,True,True,False,False,False,False,False,False,True,False,False,False,False,False,False,False,False,False,True,False,0
1,0,0,0,0.8342623025424323,0,1,-0.6129349691541678,0.11192373086063918,True,False,False,False,False,True,False,True,False,False,False,False,False,False,False,True,False,False,False,False,False,0
1,0,0,0,0.4681749566744726,0,1,-0.36008232149476804,0.03664843881267904,True,False,False,False,False,False,False,True,False,True,False,False,False,True,False,True,True,False,False,False,True,1
1,1,1,0,0.6715568154900058,1,0,0.8331177543881498,0.9902013290685111,False,True,True,False,False,False,False,True,False,False,False,False,False,False,False,True,False,False,True,False,False,1
1,0,1,0,0.3461458413851527,1,1,0.5092019443146708,0.5036230706132652,False,True,True,False,False,False,False,True,False,False,False,False,False,False,False,False,False,False,False,True,False,0
1,0,1,1,1.3630551354628184,1,1,0.33898088085768924,1.1946893271515526,False,False,False,False,False,True,False,True,False,True,False,True,False,True,False,False,True,False,False,True,False,0
0,1,0,0,0.10208761080651294,1,1,1.4379809507498507,0.6296965620776676,False,True,True,False,False,True,False,True,False,True,False,False,False,True,False,True,True,False,False,True,False,0
1,0,1,0,1.525760622515245,1,0,0.0034966489958718192,0.9796641053347634,False,False,False,False,False,True,False,True,False,True,False,True,False,False,False,False,False,True,True,False,False,0
1,0,0,1,-1.2809090291391125,1,1,-1.5053560785402837,-0.9977995961491121,False,False,False,True,True,False,True,False,True,False,True,False,True,False,True,False,False,False,False,False,True,0
1,0,1,1,1.0376441613579654,0,0,-0.49064022453458883,0.2756897497226349,True,False,False,False,False,True,False,True,False,True,False,False,False,True,False,False,True,False,False,False,True,0
0,0,1,1,0.874938674305539,1,1,0.7058651147164261,0.9800153461258885,False,True,False,False,False,False,False,True,False,True,False,True,False,True,False,True,False,False,False,True,False,0
0,0,1,0,0.8342623025424323,1,1,0.8694756514372142,1.1286121533211764,False,True,True,False,False,False,False,False,False,False,False,True,False,False,False,True,True,False,False,True,False,0
1,0,1,0,-0.10129424800902022,1,0,-1.4590823913869295,-0.7485064446481975,False,False,False,True,True,False,True,False,True,False,True,False,True,False,True,False,True,False,True,False,False,0
0,0,0,0,-0.9961744267973661,1,1,-0.4955981195867339,-0.8457781912403561,False,False,False,False,False,True,False,False,False,False,False,False,False,False,False,False,False,False,False,True,False,1
1,0,0,0,-0.26399973506144675,1,0,-1.4888297616998003,-0.8054952630082164,False,False,False,True,True,False,True,False,True,False,True,False,True,False,True,False,True,False,True,False,False,0
1,0,0,0,-1.0775271703235794,1,1,-0.30224021255307537,-0.8589058158086501,False,False,False,False,False,True,False,True,False,False,False,False,False,False,False,False,False,False,False,False,False,0
1,0,1,0,0.874938674305539,1,1,1.3041177843419334,1.3111036968600194,False,True,True,False,False,False,False,True,False,True,False,False,False,True,False,True,False,False,False,True,False,1
1,1,0,0,-1.2809090291391125,1,1,0.34724403927793107,-0.9731907882209222,False,True,True,False,False,False,False,False,False,False,False,False,False,False,False,False,False,False,False,True,False,1
1,0,1,1,-0.7114398244556197,1,1,0.3323703541214962,-0.5201340727686611,False,True,True,False,False,False,False,False,False,False,False,False,False,False,False,False,False,False,False,False,False,1
1,0,1,1,-0.7521161962187263,1,1,-0.11384020057156209,-0.6482052462325865,False,False,False,False,False,True,False,True,False,False,False,False,False,False,False,True,False,True,False,False,False,0
1,0,1,1,-1.2809090291391125,1,0,-1.5218823953807674,-0.9980191216435651,False,False,False,True,True,False,True,False,True,False,True,False,True,False,True,False,True,False,False,False,True,0
0,1,0,0,0.9156150460686455,1,1,1.1669493545659195,1.3688828070000696,False,True,True,False,False,False,False,False,False,True,False,False,False,True,False,True,True,False,False,True,False,0
0,0,1,1,1.0783205331210721,1,0,-1.4623876547550263,-0.44165370850168595,False,False,False,True,True,False,True,False,True,False,True,False,True,False,True,False,False,True,False,False,True,0
0,0,0,0,1.0376441613579654,1,1,1.3751809467560132,1.6920682399338902,False,False,True,False,False,True,False,True,False,True,False,False,False,True,False,True,True,False,False,True,False,1
1,0,0,1,1.3630551354628184,1,0,-1.4640402864390747,-0.4104371831904584,False,False,False,True,True,False,True,False,True,False,True,False,True,False,True,False,False,True,False,False,True,0
0,0,1,0,1.0783205331210721,1,1,1.4644230576946249,1.8729133422643351,False,True,True,False,False,True,False,True,False,True,False,False,False,True,False,True,True,False,True,False,False,0
0,0,1,1,1.6071133660414583,1,1,0.218338767922159,1.200331132358997,False,True,False,False,False,True,False,False,False,True,False,False,False,True,False,False,False,True,False,False,False,0
1,1,1,0,1.3223787636997117,1,1,1.2661072556088213,1.9759586093606096,False,True,True,False,False,False,False,True,False,True,False,False,False,True,False,True,True,False,False,False,False,0
1,0,1,0,1.1596732766472853,1,0,0.968633552480116,1.5103011305267422,False,False,True,False,False,False,False,True,False,True,False,True,False,False,False,True,False,False,True,False,False,0
1,0,1,0,0.8342623025424323,1,0,0.9603703940598741,1.2018019531718322,False,True,True,False,False,True,False,False,False,True,False,False,False,False,False,True,False,False,False,True,False,1
1,0,0,1,-1.2809090291391125,1,1,-0.17498757288135158,-0.9801277938456393,False,False,False,False,False,False,False,False,False,False,False,True,False,False,False,True,False,False,False,False,True,0
1,0,1,1,1.5664369942783516,1,1,1.315686206130272,2.193705947308617,False,False,True,False,False,True,False,True,False,True,False,False,False,True,False,True,True,False,False,False,False,0
0,0,1,1,0.427498584911366,1,1,0.9157493385905681,0.767053663956958,False,True,True,False,False,False,False,False,False,True,False,False,False,False,False,True,False,False,False,False,False,0
1,1,1,0,0.5088513284375793,1,0,-1.3268718566630604,-0.4906737514130582,False,True,False,True,True,False,True,False,True,False,True,False,True,False,True,False,True,False,True,False,False,0
1,0,1,0,-0.01994150448280695,1,1,0.2629598233914646,0.018054629432503428,False,True,False,False,False,True,False,False,False,False,False,True,False,True,False,False,True,False,True,False,False,0
0,0,1,0,0.427498584911366,1,0,0.7141282731366679,0.5631144796100491,False,True,False,False,False,True,False,True,False,False,False,True,False,True,False,True,False,True,True,False,False,0
1,1,0,0,-1.2809090291391125,1,1,0.15884402729641803,-0.9756933788576873,False,False,True,False,False,False,False,False,False,False,False,False,False,False,False,False,False,False,False,True,False,1
0,0,0,0,-1.2809090291391125,1,0,-1.497092920120042,-0.9976898334018856,False,False,False,True,True,False,True,False,True,False,True,False,True,False,True,False,False,False,False,False,True,0
0,0,0,0,-0.8334689397449395,1,1,0.8116335424955214,-0.5252270642399725,False,False,True,False,False,False,False,False,False,True,False,True,False,False,False,True,False,False,False,True,False,1
0,0,1,0,-1.2809090291391125,1,1,-0.31546126602546243,-0.9819937605484905,False,False,False,False,False,False,False,False,False,False,False,False,False,True,False,False,False,False,False,False,True,0
1,1,0,0,0.02073486728029968,0,1,-0.3385981096021394,-0.21435701154496964,True,False,False,False,False,False,False,False,False,True,False,True,False,True,False,True,False,False,False,True,False,0
1,0,1,0,1.3223787636997117,1,0,0.37368614622270524,1.1580505221273343,False,True,False,False,False,True,False,False,False,True,False,True,False,False,False,True,False,True,False,False,False,0
1,0,0,0,-1.1588799138497925,1,1,-1.4871771300157517,-0.9786130679339132,False,False,False,True,True,False,True,False,True,False,True,False,True,False,True,False,False,False,False,True,False,0
1,0,0,0,-0.30467610682455337,1,1,0.6595914275630718,-0.10909453695471905,False,True,True,False,False,False,False,False,False,False,False,False,False,False,False,True,False,False,False,True,False,1
1,0,1,1,-0.06061787624591358,1,0,0.8083282791274244,0.23316766144707385,False,True,True,False,False,True,False,False,False,True,False,True,False,False,False,False,False,False,False,True,False,0
1,0,1,1,0.7122331872531124,1,1,1.434675687381754,1.3783882609098876,False,True,True,False,False,True,False,True,False,True,False,False,False,True,False,True,True,False,False,True,False,0
1,0,0,0,-1.2809090291391125,1,0,-0.12210335899180391,-0.9794253122633896,False,True,False,False,False,True,False,True,False,False,False,False,False,False,False,False,False,False,False,True,False,0
0,0,1,1,0.7935859307793257,1,0,0.692644061244039,0.9401714688826549,False,False,True,False,False,False,False,True,False,True,False,True,False,False,False,False,False,False,False,False,False,0
1,0,0,0,0.14276398256961956,1,1,0.4744966789496553,0.24719534054262543,False,False,False,False,False,True,False,False,False,True,False,True,False,True,False,True,False,False,True,False,False,0
1,0,1,1,0.4681749566744726,1,0,-1.2938192229820933,-0.5187071570547162,False,True,False,True,True,False,True,False,True,False,True,False,True,False,True,False,True,False,False,False,True,0
0,0,1,1,-0.26399973506144675,1,0,-1.4937876567519452,-0.7889869458253449,False,False,False,True,True,False,True,False,True,False,True,False,True,False,True,False,False,True,True,False,False,0
1,1,1,0,1.403731507225925,1,1,-0.12871388572799722,0.8023533634650126,False,False,False,False,False,True,False,True,False,False,False,True,False,False,False,False,True,False,False,False,False,0
1,1,0,0,1.5664369942783516,1,0,1.352044103179336,2.2351743132108037,False,True,True,False,False,False,False,True,False,False,False,True,False,True,False,True,True,False,False,False,False,0
1,0,1,0,1.4444078789890318,1,0,0.2018124510816754,1.0754650311140863,False,False,False,False,False,True,False,True,False,True,False,False,False,False,False,True,False,True,False,False,False,0
1,0,1,1,-0.792792567981833,1,0,-1.4822192349636067,-0.9103186866095607,False,False,False,True,True,False,True,False,True,False,True,False,True,False,True,False,True,False,False,False,True,0
0,1,1,0,0.8342623025424323,1,1,1.0248230297377598,1.1961162428654977,False,True,True,False,False,False,False,False,False,False,False,False,False,True,False,True,True,False,True,False,False,0
0,1,1,0,0.4681749566744726,1,0,1.2991598892897886,0.9675462980409534,False,True,True,False,False,False,False,False,False,True,False,True,False,True,False,True,False,False,False,True,False,0
1,0,0,0,-1.2402326573760059,1,0,1.0182125030015667,-0.9328200497910012,False,False,True,False,False,False,False,True,False,False,False,False,False,True,False,True,False,False,False,True,False,1
1,0,1,1,-1.1588799138497925,1,0,-1.4987455518040902,-0.9637511919594399,False,False,False,True,True,False,True,False,True,False,True,False,True,False,True,False,False,True,True,False,False,0
1,0,0,0,-0.9554980550342594,0,0,-0.4641981175898151,-0.8027292417781077,True,False,False,False,False,True,False,False,False,True,False,True,False,False,False,True,True,False,False,False,True,0
1,0,0,0,0.26479309785893945,1,0,0.563738789888267,0.40736114129559076,False,False,True,False,False,False,False,False,False,True,False,True,False,False,False,False,True,False,False,True,False,0
1,0,1,1,-0.8741453115080462,1,0,-1.4508192329666876,-0.8888929983509405,False,False,False,True,True,False,True,False,True,False,True,False,True,False,True,False,False,False,False,False,False,0
0,0,1,0,1.6071133660414583,1,0,-1.3219139616109155,-0.18443568665101526,False,True,False,True,True,False,True,False,True,False,True,False,True,False,True,False,False,True,True,False,False,0
1,0,0,0,-0.10129424800902022,1,0,0.8446861761764887,0.23213589162314444,False,True,True,False,False,True,False,True,False,True,False,False,False,False,False,False,True,False,False,False,False,0
1,0,0,1,-0.7521161962187263,1,0,0.3720335145386565,-0.543162297136789,False,False,False,False,False,True,False,True,False,True,False,True,False,False,False,True,False,True,False,False,False,0
1,0,0,1,0.7122331872531124,0,1,-0.7203560286173114,-0.03682674418076591,True,False,False,False,False,True,False,True,False,False,False,False,False,True,False,False,True,False,False,False,False,0
1,1,1,0,-0.9148216832711529,1,1,0.8248545959679081,-0.6048489610781037,False,True,True,False,False,False,False,False,False,True,False,False,False,False,False,True,False,False,False,True,False,1
1,0,0,1,-1.2809090291391125,1,1,-1.4739560765433648,-0.9973824977096513,False,False,False,True,True,False,True,False,True,False,True,False,True,False,True,False,False,False,False,False,True,0
1,0,0,0,-0.26399973506144675,1,1,0.6430651107225881,-0.004534543946718354,False,True,True,False,False,False,False,False,False,True,False,True,False,False,False,False,False,False,False,False,True,0
1,0,1,0,1.6071133660414583,1,1,1.4908651646393987,2.4413307050516884,False,True,True,False,False,True,False,True,False,False,False,True,False,True,False,True,False,True,True,False,False,0
0,0,1,0,-0.46738159387697986,1,1,0.9735914475322608,-0.1508482859996944,False,True,True,False,False,False,False,False,False,False,False,False,False,True,False,True,False,False,False,True,False,0
0,0,1,0,1.200349648410392,1,0,-1.3615771220280761,-0.38424779170220624,False,True,False,True,True,False,True,False,True,False,True,False,True,False,True,False,False,True,False,False,False,0
0,0,1,0,0.7935859307793257,0,0,0.046465072781129164,0.4558104179213849,True,False,False,False,False,True,False,True,False,True,False,True,False,True,False,True,False,True,True,False,False,0
0,0,0,0,0.14276398256961956,1,0,-0.2989349491849788,-0.15385578527370153,False,True,False,False,False,False,False,False,False,True,False,False,False,False,False,False,True,False,False,True,False,0
0,1,1,0,0.427498584911366,1,1,0.9802019742684543,0.8187738704501031,False,True,True,False,False,True,False,True,False,False,False,False,False,True,False,False,False,False,False,True,False,0
1,0,1,1,-0.01994150448280695,1,1,0.16214929066451458,0.024574536617759785,False,False,True,False,False,False,False,False,False,False,False,False,False,False,False,False,False,False,False,False,False,1
1,0,0,0,-1.0368507985604727,1,1,0.9719388158482125,-0.7125481686567834,False,False,True,False,False,False,False,True,False,False,False,False,False,True,False,True,False,False,False,True,False,1
0,0,0,0,0.5495277002006859,1,1,1.3074230477100304,1.146920579558563,False,False,True,False,False,False,False,True,False,True,False,True,False,True,False,True,False,True,False,False,False,0
0,0,1,1,1.525760622515245,1,0,0.9603703940598741,1.8822651283280365,False,True,True,False,False,True,False,True,False,True,False,True,False,False,False,False,False,True,False,False,False,1
1,0,1,1,-0.8334689397449395,1,1,-0.2824086323444952,-0.7302638760591468,False,False,False,False,False,False,False,False,False,False,False,False,False,True,False,False,False,False,False,False,True,0
1,0,0,0,-1.1995562856128992,1,0,-0.3782612700193002,-0.9234243586284097,False,False,False,False,False,False,False,False,False,False,False,False,False,True,False,False,False,False,True,False,False,1
0,0,0,0,-0.8741453115080462,1,0,0.18693876592524003,-0.6421682951351269,False,False,False,False,False,False,False,False,False,False,False,True,False,True,False,True,False,False,False,False,True,0
0,1,0,0,-1.2809090291391125,0,1,-0.9385034109116951,-0.9902698716893716,True,False,False,False,False,False,False,False,False,False,False,False,False,True,False,False,False,False,False,True,False,1
1,0,0,0,-1.2402326573760059,1,0,1.1686019862499677,-0.9191216589371293,False,False,True,False,False,True,False,True,False,False,False,False,False,True,False,True,False,False,False,True,False,0
1,0,0,0,-0.9148216832711529,1,1,-1.4871771300157517,-0.9215144868266677,False,False,False,True,True,False,True,False,True,False,True,False,True,False,True,False,False,False,False,False,True,0
0,0,0,1,-0.7521161962187263,1,1,-0.16672441446110978,-0.6441220720357592,False,False,False,False,False,False,False,False,False,True,False,False,False,True,False,False,False,False,True,False,False,0
0,0,1,0,-1.0368507985604727,1,1,0.7157809048207162,-0.7505260791971659,False,True,True,False,False,False,False,False,False,False,False,False,False,True,False,False,False,False,False,True,False,1
0,0,0,0,-1.1995562856128992,0,0,-1.1781350050987078,-0.9630267578277447,True,False,False,False,False,False,False,True,False,False,False,False,False,False,False,False,False,False,False,False,True,0
0,0,1,1,-0.5080579656400865,1,0,-1.4805666032795584,-0.8279966261896569,False,False,False,True,True,False,True,False,True,False,True,False,True,False,True,False,False,False,False,False,True,0
1,0,0,0,0.3868222131482594,1,0,-1.4888297616998003,-0.63312384476366,False,False,False,True,True,False,True,False,True,False,True,False,True,False,True,False,True,False,False,False,False,0
1,1,0,0,0.1834403543327262,0,0,-0.9318928841755018,-0.42892122982340747,True,False,False,False,False,False,False,True,False,True,False,False,False,False,False,False,False,False,False,True,False,0
1,0,1,0,0.6715568154900058,1,1,-0.31380863434141393,0.1501650719943652,False,True,False,False,False,True,False,False,False,False,False,False,False,False,False,False,True,False,False,True,False,0
0,0,0,0,-0.34535247858766,1,0,-1.3119981715066253,-0.7634780833698974,False,True,False,True,True,False,True,False,True,False,True,False,True,False,True,False,False,True,True,False,False,0
0,0,0,0,1.1189969048841788,1,0,-1.3169560665587703,-0.3454795893817928,False,True,False,True,True,False,True,False,True,False,True,False,True,False,True,False,False,True,False,False,True,0
1,0,0,0,0.5495277002006859,0,0,-0.8790086702859542,-0.23558512685858227,True,False,False,False,False,True,False,False,False,True,False,True,False,False,False,False,False,True,False,False,True,0
1,0,1,1,0.02073486728029968,1,0,-1.47891397159551,-0.7338201890692866,False,False,False,True,True,False,True,False,True,False,True,False,True,False,True,False,True,False,True,False,False,0
1,0,0,0,-1.118203542086686,1,0,-1.483871866647655,-0.959272871872597,False,False,False,True,True,False,True,False,True,False,True,False,True,False,True,False,False,False,False,False,True,0
1,0,1,1,-0.06061787624591358,1,0,-0.3468612680223812,-0.2831563015065641,False,False,False,False,False,False,False,False,False,True,False,True,False,False,False,False,False,False,False,False,True,0
0,0,0,0,-0.7114398244556197,1,1,-0.006419141108418265,-0.5696151192183848,False,True,False,False,False,True,False,False,False,False,False,False,False,False,False,True,False,False,False,False,False,1
1,0,0,0,-0.10129424800902022,1,1,0.9735914475322608,0.1702516547368218,False,True,True,False,False,True,False,True,False,False,False,False,False,False,False,True,False,False,True,False,False,0
1,0,0,0,-1.2809090291391125,1,1,-1.4805666032795584,-0.9974703079074324,False,False,False,True,True,False,True,False,True,False,True,False,True,False,True,False,False,False,False,False,True,0
1,0,1,1,-0.9961744267973661,1,0,-0.6674718147277637,-0.8441976076802938,False,False,False,False,False,False,False,False,False,False,False,False,False,False,False,False,False,False,False,False,False,0
1,0,0,1,0.752909559016219,1,0,-0.5617033869486684,0.028460137869579214,False,False,False,False,False,False,False,False,False,False,False,True,False,False,False,False,True,False,True,False,False,0
0,0,0,0,-1.0368507985604727,1,1,0.5108545759987191,-0.7750251243781292,False,False,True,False,False,False,False,False,False,False,False,False,False,True,False,False,False,False,False,False,True,1
1,0,1,1,1.6071133660414583,0,1,0.013412439100161903,0.9601702414273303,True,False,False,False,False,True,False,True,False,True,False,True,False,True,False,True,False,True,True,False,False,0
1,0,1,0,1.2410260201734986,1,1,0.6546335325109269,1.354855127904518,False,True,True,False,False,True,False,False,False,False,False,True,False,False,False,False,False,True,True,False,False,0
0,0,0,0,-0.6300870809294065,1,0,0.18693876592524003,-0.49451544756598703,False,False,True,False,False,False,False,False,False,False,False,False,False,False,False,False,False,False,False,False,False,0
0,0,0,0,-0.34535247858766,1,1,0.8165914375476663,-0.014303428449880296,False,True,True,False,False,False,False,False,False,False,False,True,False,False,False,True,False,False,False,True,False,0
0,0,1,1,1.5664369942783516,1,0,-1.3533139636078344,-0.27591196018961256,False,True,False,True,True,False,True,False,True,False,True,False,True,False,True,False,False,True,True,False,False,0
0,0,1,1,0.5902040719637925,1,0,-1.4805666032795584,-0.5598901398141134,False,False,False,True,True,False,True,False,True,False,True,False,True,False,True,False,False,True,True,False,False,0
0,0,0,0,-0.792792567981833,1,1,0.3356756174895927,-0.5674637693727446,False,True,True,False,False,False,False,False,False,False,False,False,False,False,False,False,False,False,False,False,True,1
0,0,0,0,-1.2402326573760059,1,1,1.0297809247899052,-0.929527167374205,False,True,True,False,False,False,False,False,False,False,False,False,False,True,False,True,False,False,False,True,False,1
0,0,0,0,-0.792792567981833,1,1,0.563738789888267,-0.5545337177494583,False,False,True,False,False,False,False,False,False,False,False,False,False,True,False,False,False,False,False,False,True,0
1,0,1,1,0.7935859307793257,0,0,-0.4840296977983953,0.11506294543131823,True,False,False,False,False,False,False,True,False,True,False,True,False,True,False,False,False,True,False,False,True,0
0,0,0,0,-0.8334689397449395,1,1,-0.5104718047431692,-0.7377277428705513,False,False,False,False,False,False,False,True,False,False,False,False,False,False,False,False,False,False,False,True,False,0
0,0,0,1,0.6715568154900058,1,0,-1.5003981834881386,-0.6017756041557606,False,False,False,True,True,False,True,False,True,False,True,False,True,False,True,False,True,False,True,False,False,0
1,0,1,1,-0.26399973506144675,1,1,-1.510313973592429,-0.7798327327066517,False,False,False,True,True,False,True,False,True,False,True,False,True,False,True,False,False,True,True,False,False,0
1,1,0,0,-1.2809090291391125,1,1,0.9488019722715353,-0.9652000602228301,False,True,True,False,False,False,False,False,False,False,False,False,False,True,False,True,False,False,False,True,False,1
1,0,0,1,-0.7114398244556197,1,0,-0.318766529393559,-0.6266917477761849,False,False,False,False,False,False,False,False,False,True,False,True,False,False,False,False,True,False,True,False,False,0
1,0,0,0,-0.10129424800902022,1,1,-0.30389284423712387,-0.280148802232557,False,False,False,False,False,True,False,False,False,True,False,False,False,False,False,False,False,True,False,False,True,0
1,0,0,0,-0.8741453115080462,1,1,0.48441246905394536,-0.6569423609118189,False,False,True,False,False,True,False,False,False,True,False,False,False,False,False,False,False,False,False,False,False,0
1,0,0,0,1.4850842507521385,1,0,-1.483871866647655,-0.39188727890917335,False,False,False,True,True,False,True,False,True,False,True,False,True,False,True,False,False,True,True,False,False,0
0,0,1,1,0.6308804437268991,1,0,0.1604966589804663,0.3212632423710938,False,False,False,False,False,True,False,False,False,True,False,True,False,True,False,False,True,False,False,False,False,0
1,0,0,0,-0.8741453115080462,1,1,-0.13036651741204572,-0.7039866743731134,False,False,False,False,False,False,False,True,False,True,False,True,False,False,False,False,False,False,False,True,False,0
1,0,0,0,0.7122331872531124,0,1,-0.9864297297490977,-0.2237087976086707,True,False,False,False,False,True,False,True,False,False,False,False,False,False,False,False,False,False,False,False,True,0
1,0,0,0,-0.06061787624591358,1,1,1.2082651466671286,0.3739493610398324,False,False,True,False,False,False,False,True,False,True,False,False,False,True,False,True,False,False,False,True,False,0
1,0,0,0,-1.1995562856128992,1,1,0.1571913956123693,-0.9152141051358644,False,False,True,False,False,False,False,False,False,False,False,False,False,False,False,False,False,False,False,False,True,0
1,0,1,0,1.403731507225925,1,0,0.20015981939762711,1.0472120999779755,False,True,False,False,False,True,False,True,False,True,False,True,False,False,False,False,False,True,True,False,False,0
0,1,0,0,0.6715568154900058,1,0,1.2132230417192733,1.219890853914766,False,True,True,False,False,True,False,False,False,False,False,False,False,True,False,True,False,False,True,False,False,0
1,0,0,0,0.4681749566744726,1,1,0.6744651127195072,0.6200374403217321,False,True,False,False,False,False,False,True,False,True,False,True,False,True,False,True,True,False,False,False,False,0
1,0,0,0,-1.1588799138497925,1,1,-1.4756087082274132,-0.9818181401529282,False,False,False,True,True,False,True,False,True,False,True,False,True,False,True,False,False,False,False,True,False,0
0,0,1,0,-0.14197061977212685,1,0,-1.4871771300157517,-0.754675111042329,False,False,False,True,True,False,True,False,True,False,True,False,True,False,True,False,False,False,False,False,True,0
1,1,1,1,0.7122331872531124,1,1,0.34063351254173796,0.6719771723093301,False,True,False,False,False,True,False,True,False,True,False,False,False,False,False,True,False,True,False,False,False,0
0,0,1,0,-0.9961744267973661,1,1,0.6728124810354589,-0.7308126897952795,False,True,True,False,False,False,False,False,False,False,False,False,False,False,False,True,False,False,True,False,False,1
1,0,1,0,1.6071133660414583,1,1,0.8000651207071826,1.7397491773290985,False,True,False,False,False,True,False,True,False,True,False,True,False,True,False,True,False,True,False,False,False,0
0,0,1,0,1.1189969048841788,0,0,-0.1336717807801425,0.5758250057388822,True,False,False,False,False,False,False,True,False,True,False,True,False,True,False,True,False,True,True,False,False,0
1,0,1,0,0.5088513284375793,1,0,-0.38156653338739693,0.001897553040756853,False,False,False,False,False,True,False,False,False,True,False,False,False,False,False,False,False,True,True,False,False,0
0,1,0,0,-1.1588799138497925,1,1,1.0116019762653732,-0.8323651835292731,False,True,True,False,False,False,False,False,False,False,False,False,False,True,False,True,False,False,False,True,False,1
1,0,1,1,-0.3860288503507666,1,1,-0.5451770701081847,-0.5377400174237978,False,True,False,False,False,False,False,False,False,False,False,False,False,False,False,False,True,False,True,False,False,1
0,0,1,1,-1.1588799138497925,1,1,0.4645808888453652,-0.874667746310381,False,False,True,False,False,False,False,False,False,False,False,False,False,True,False,False,False,False,False,False,True,0
0,0,1,0,0.9156150460686455,1,0,-0.26588231550401153,0.36007534979039796,False,False,False,False,False,True,False,True,False,False,False,True,False,False,False,False,False,True,False,False,True,0
1,0,0,0,0.874938674305539,1,0,-1.4822192349636067,-0.5015183108390401,False,False,False,True,True,False,True,False,True,False,True,False,True,False,True,False,False,True,False,False,True,0
1,0,0,1,-0.9554980550342594,1,0,-0.31380863434141393,-0.8088100979744578,False,False,False,False,False,False,False,False,False,False,False,False,False,True,False,False,False,False,False,True,False,1
1,0,1,1,-0.8741453115080462,1,1,0.010107175732065366,-0.688685747409734,False,True,False,False,False,True,False,False,False,False,False,False,False,True,False,False,False,False,False,False,False,0
1,1,0,0,-1.2402326573760059,0,1,-1.3351350150833023,-0.9854183582619586,True,False,False,False,False,False,False,False,False,False,False,False,False,False,False,False,False,False,False,False,True,1
1,1,1,1,1.5664369942783516,1,1,0.7223914315569098,1.7067764480622465,False,False,True,False,False,True,False,True,False,True,False,False,False,False,False,False,True,False,False,False,False,0
0,0,1,1,1.6071133660414583,0,0,0.028286124256597264,1.0025386618567742,True,False,False,False,False,True,False,True,False,True,False,True,False,True,False,True,False,True,False,False,False,0
1,0,0,0,-1.1588799138497925,1,1,-1.4590823913869295,-0.9695027599141105,False,False,False,True,True,False,True,False,True,False,True,False,True,False,True,False,False,False,True,False,False,0
1,0,1,1,-0.792792567981833,1,1,-0.003113877740321727,-0.6210718951181862,False,False,False,False,False,False,False,False,False,False,False,False,False,True,False,True,True,False,False,True,False,0
1,0,0,0,-1.1995562856128992,1,1,0.5769598433606536,-0.9121407482135213,False,False,True,False,False,True,False,False,False,False,False,True,False,False,False,False,False,False,False,False,True,0
0,0,1,1,0.7935859307793257,1,1,1.0198651346856151,1.1785102982103608,False,True,True,False,False,False,False,True,False,True,False,False,False,True,False,False,True,False,True,False,False,0
0,0,0,0,-0.9554980550342594,1,1,-0.17664020456539986,-0.7735543035652936,False,False,False,False,False,False,False,False,False,False,False,True,False,True,False,False,False,False,False,False,False,0
1,1,1,0,-0.3860288503507666,1,1,-1.4574297597028811,-0.7932457404177347,False,False,False,True,True,False,True,False,True,False,True,False,True,False,True,False,True,False,False,True,False,0
1,0,1,0,1.3630551354628184,1,1,1.361959893283626,2.0588953411649826,False,True,True,False,False,True,False,False,False,True,False,False,False,True,False,True,False,True,True,False,False,1
1,0,1,1,0.5088513284375793,1,0,-1.3351350150833023,-0.5284760415578781,False,True,False,True,True,False,True,False,True,False,True,False,True,False,True,False,False,True,False,False,True,0
0,0,0,0,-1.2402326573760059,1,1,0.17537034413690167,-0.9519187678084189,False,False,True,False,False,False,False,False,False,False,False,False,False,False,False,False,False,False,False,True,False,0
0,0,0,0,0.3461458413851527,1,1,-0.2824086323444952,0.03164325753914884,False,True,False,False,False,False,False,True,False,False,False,False,False,False,False,False,True,False,True,False,False,0
1,0,1,0,1.1596732766472853,1,0,0.34724403927793107,1.0701305615988768,False,True,False,False,False,True,False,False,False,True,False,True,False,False,False,True,False,True,True,False,False,0
1,0,0,0,-1.2809090291391125,1,1,0.5571282631520734,-0.9704028144413682,False,True,True,False,False,True,False,False,False,False,False,False,False,False,False,False,False,False,False,True,False,1
1,1,1,0,0.752909559016219,1,1,0.9521072356396323,1.1183603127302175,False,True,True,False,False,True,False,False,False,True,False,False,False,False,False,True,True,False,False,False,False,0
1,0,1,1,1.525760622515245,1,1,1.198349356562838,2.0648005769657702,False,False,True,False,False,True,False,True,False,True,False,True,False,True,False,False,False,True,True,False,False,0
1,0,1,0,-1.0775271703235794,1,0,-1.3136508031906735,-0.9311955611320485,False,True,False,True,True,False,True,False,True,False,True,False,True,False,True,False,True,False,False,False,True,0
0,0,0,0,-0.792792567981833,1,1,0.23486508476264265,-0.60065602413405,False,False,False,False,False,True,False,False,False,False,False,False,False,True,False,True,False,False,False,True,False,0
0,0,0,0,-0.792792567981833,1,1,0.500938785894429,-0.5543361448044506,False,True,True,False,False,True,False,False,False,False,False,False,False,False,False,False,False,False,True,False,False,0
1,0,1,1,-0.670763452692513,1,1,0.8579072296488753,-0.3730739440345446,False,True,True,False,False,False,False,False,False,True,False,False,False,True,False,False,False,False,False,False,False,0
1,0,1,1,1.403731507225925,1,1,-1.502050815172187,-0.44244400028171704,False,False,False,True,True,False,True,False,True,False,True,False,True,False,True,False,False,True,True,False,False,0
1,0,1,0,1.2410260201734986,1,0,1.2479283070842888,1.7583210341598288,False,True,True,False,False,False,False,False,False,True,False,False,False,True,False,True,False,True,False,True,False,0
0,0,0,0,-0.9961744267973661,1,1,0.5042440492625255,-0.7080259434710501,False,False,True,False,False,False,False,False,False,False,False,False,False,True,False,False,False,False,False,False,False,1
0,1,1,0,0.7122331872531124,1,1,0.7670124870262154,0.911216056164294,False,True,True,False,False,False,False,True,False,False,False,False,False,True,False,False,False,False,False,True,False,1
1,0,0,0,-0.9148216832711529,1,0,-1.2938192229820933,-0.8958080514262124,False,True,False,True,True,False,True,False,True,False,True,False,True,False,True,False,False,True,False,False,False,0
0,0,1,1,-0.3860288503507666,1,0,-1.4805666032795584,-0.8240232147400561,False,False,False,True,True,False,True,False,True,False,True,False,True,False,True,False,True,False,False,False,True,0
1,0,1,1,1.403731507225925,1,0,1.3140335744462235,2.016922066625554,False,True,True,False,False,True,False,False,False,False,False,True,False,True,False,True,False,True,False,False,False,0
1,0,1,0,0.22411672609583283,1,0,0.887654599961746,0.5212070627189568,False,True,True,False,False,True,False,False,False,False,False,False,False,True,False,False,False,False,False,False,False,0
1,0,1,1,1.5664369942783516,1,1,1.069444085207066,2.0277007684032,False,True,True,False,False,True,False,False,False,False,False,False,False,True,False,True,False,True,False,True,False,0
0,0,1,0,0.9156150460686455,1,0,-1.4921350250678969,-0.5057332003325392,False,False,False,True,True,False,True,False,True,False,True,False,True,False,True,False,True,False,False,True,False,0
1,1,1,0,1.6071133660414583,1,1,1.4776441111670116,2.4713178875939787,False,True,True,False,False,True,False,True,False,True,False,False,False,True,False,True,False,True,False,False,False,0
1,0,0,0,-1.2809090291391125,1,0,-1.4640402864390747,-0.9972507824129794,False,False,False,True,True,False,True,False,True,False,True,False,True,False,True,False,False,False,True,False,False,0
1,0,1,0,1.2817023919366053,1,1,1.2958546259216916,1.8938999795340494,False,False,True,False,False,True,False,True,False,False,False,True,False,True,False,True,False,True,True,False,False,0
0,0,1,1,1.0376441613579654,1,1,-1.4871771300157517,-0.4974790417411036,False,False,False,True,True,False,True,False,True,False,True,False,True,False,True,False,False,True,False,False,True,0
0,0,0,0,-1.2809090291391125,1,0,0.3621177244343664,-0.9729932152759143,False,False,True,False,False,False,False,True,False,False,False,False,False,False,False,False,False,False,False,True,False,1
1,0,1,1,0.8342623025424323,1,0,0.23155982139454565,0.6743700001988687,False,True,False,False,False,True,False,False,False,False,False,True,False,False,False,True,False,False,False,True,False,0
1,0,1,0,1.4444078789890318,0,1,-0.355124426442623,0.6597056971694032,True,False,False,False,False,True,False,False,False,True,False,False,False,True,False,True,False,True,False,False,False,0
0,0,0,0,-0.14197061977212685,1,1,0.13240192035164386,-0.14112330659542305,False,False,False,False,False,True,False,True,False,True,False,False,False,False,False,True,False,False,False,False,False,1
0,1,1,0,-1.118203542086686,1,1,0.5339914195753963,-0.8430999802080285,False,True,True,False,False,False,False,True,False,False,False,False,False,False,False,False,False,False,False,True,False,1
0,1,0,0,-0.26399973506144675,1,1,0.4612756254772682,-0.125493091390364,False,False,True,False,False,False,False,False,False,False,False,False,False,False,False,True,False,False,False,True,False,0
1,0,1,1,0.874938674305539,1,1,-1.3483560685556895,-0.46584541799041507,False,True,False,True,True,False,True,False,True,False,True,False,True,False,True,False,False,True,False,False,False,0
1,0,0,0,0.6308804437268991,1,0,-1.4871771300157517,-0.6041025743969632,False,False,False,True,True,False,True,False,True,False,True,False,True,False,True,False,False,True,True,False,False,0
0,0,0,0,-1.2809090291391125,1,1,0.1571913956123693,-0.9757153314071326,False,False,True,False,False,False,False,False,False,False,False,False,False,False,False,False,False,False,False,True,False,1
0,0,1,1,0.10208761080651294,1,0,-1.3400929101354475,-0.6455489877497043,False,True,False,True,True,False,True,False,True,False,True,False,True,False,True,False,False,True,False,False,False,0
1,0,1,0,1.6071133660414583,1,1,1.2859388358174015,2.219083094467393,False,True,True,False,False,False,False,True,False,True,False,False,False,True,False,True,False,True,False,False,False,0
1,0,0,0,1.0783205331210721,1,0,-1.3169560665587703,-0.3430867614922542,False,True,False,True,True,False,True,False,True,False,True,False,True,False,True,False,False,True,False,False,True,0
1,1,1,0,-0.2233233632983401,1,1,0.6595914275630718,0.007736931193208791,False,True,False,False,False,False,False,True,False,True,False,True,False,True,False,True,False,False,False,False,False,0
1,0,0,0,0.427498584911366,1,1,0.4298756234803492,0.4715064907747799,False,True,True,False,False,False,False,True,False,False,False,False,False,False,False,False,False,False,False,True,False,1
1,0,1,1,1.6071133660414583,1,0,0.846338807860537,1.8764696552744753,False,True,True,False,False,False,False,True,False,True,False,True,False,False,False,False,False,True,False,False,False,0
0,0,1,0,0.6715568154900058,1,0,1.1421598793051941,1.1999579390184265,False,False,True,False,False,False,False,True,False,True,False,False,False,True,False,True,False,False,False,True,False,0
0,0,0,1,-1.2402326573760059,1,0,-0.43940864232908966,-0.9596460652131674,False,False,False,False,False,False,False,True,False,False,False,False,False,False,False,False,False,False,False,False,True,0
1,1,1,0,1.200349648410392,1,1,0.8248545959679081,1.4653862143616425,False,True,True,False,False,False,False,True,False,False,False,False,False,False,False,True,False,False,False,False,False,0
0,0,1,1,-1.0775271703235794,1,1,-0.5253454898996044,-0.8863025975163942,False,True,False,False,False,False,False,False,False,False,False,False,False,False,False,False,False,False,True,False,False,0
0,0,1,0,0.9969677895948588,0,1,-0.4939454879026856,0.21534219129748403,True,False,False,False,False,True,False,False,False,True,False,True,False,False,False,True,False,False,False,False,False,0
0,0,0,0,-0.9961744267973661,1,0,0.20842297781786892,-0.7588021903380467,False,True,False,False,False,True,False,False,False,False,False,True,False,False,False,True,False,False,False,True,False,1
0,0,0,0,1.200349648410392,1,1,-1.5086613419083803,-0.5129336365506001,False,False,False,True,True,False,True,False,True,False,True,False,True,False,True,False,False,True,True,False,False,0
1,0,1,0,0.9562914178317522,1,1,1.4016230537007868,1.6426530511325024,False,True,True,False,False,False,False,True,False,False,False,True,False,True,False,True,True,False,False,True,False,0
0,0,1,1,1.4850842507521385,1,0,-1.4921350250678969,-0.39296295383199337,False,False,False,True,True,False,True,False,True,False,True,False,True,False,True,False,False,True,False,False,False,0
0,0,1,1,-0.2233233632983401,1,0,-1.4855244983317035,-0.7647513312377252,False,False,False,True,True,False,True,False,True,False,True,False,True,False,True,False,False,True,False,False,True,0
1,0,1,0,0.4681749566744726,1,1,0.2018124510816754,0.4208400066550096,False,False,False,False,False,False,False,True,False,True,False,True,False,True,False,False,True,False,False,True,False,0
1,0,0,1,1.3630551354628184,1,1,0.48441246905394536,1.2750795632202698,False,False,False,False,False,False,False,True,False,True,False,True,False,True,False,True,False,True,True,False,False,0
1,1,1,0,-0.9554980550342594,1,1,-1.4409034428623977,-0.916465400454247,False,False,False,True,True,False,True,False,True,False,True,False,True,False,True,False,False,False,False,False,True,0
1,0,1,1,-0.9961744267973661,1,0,-1.4772613399114616,-0.9336103415710323,False,False,False,True,True,False,True,False,True,False,True,False,True,False,True,False,False,True,False,False,True,0
1,0,1,1,0.7935859307793257,1,1,-1.4541244963347844,-0.5357862405231656,False,False,False,True,True,False,True,False,True,False,True,False,True,False,True,False,True,False,True,False,False,0
0,0,0,0,1.403731507225925,1,1,0.24808613823502926,1.1852497308900705,False,False,False,False,False,True,False,False,False,True,False,True,False,False,False,True,True,False,False,False,False,0
0,1,1,0,0.22411672609583283,1,0,0.9967282911089379,0.5704685836742273,False,True,True,False,False,True,False,True,False,False,False,False,False,False,False,True,True,False,True,False,False,0
1,0,1,1,-1.1588799138497925,1,0,-0.6476402345191833,-0.9380667091084298,False,False,False,False,False,False,False,False,False,False,False,False,False,False,False,False,False,False,False,False,True,0
1,0,0,0,-1.1588799138497925,1,1,-0.4641981175898151,-0.9174532651792857,False,False,False,False,False,False,False,False,False,False,False,True,False,False,False,False,False,False,False,False,True,0
1,0,0,1,1.1189969048841788,1,0,-1.483871866647655,-0.4838465085355674,False,False,False,True,True,False,True,False,True,False,True,False,True,False,True,False,False,True,False,False,True,0
0,1,0,0,-1.2402326573760059,1,0,-0.33033495118189754,-0.9605241671909797,False,False,False,False,False,True,False,True,False,False,False,False,False,False,False,False,False,False,False,False,True,1
0,0,0,0,-0.5894107091662998,1,1,0.7769282771305055,-0.28653699412114153,False,True,True,False,False,False,False,False,False,False,False,True,False,True,False,False,False,False,False,True,False,1
1,0,1,0,-0.792792567981833,1,1,1.2363598852959505,-0.4096029863115367,False,True,True,False,False,False,False,False,False,True,False,False,False,True,False,True,False,False,True,False,False,1
0,0,0,0,-1.2809090291391125,0,0,-1.3103455398225767,-0.9952091953145659,True,False,False,False,False,False,False,False,False,False,False,False,False,False,False,False,False,False,False,False,True,1
1,0,0,0,0.6715568154900058,1,1,-1.4855244983317035,-0.5572997389795672,False,False,False,True,True,False,True,False,True,False,True,False,True,False,True,False,False,True,True,False,False,0
1,0,1,1,1.2817023919366053,1,0,0.9438440772193905,1.5500132924733039,False,True,True,False,False,True,False,False,False,True,False,False,False,False,False,True,False,True,False,False,False,0
1,0,1,0,-1.118203542086686,1,1,0.8033703840752796,-0.8248354590695325,False,True,True,False,False,True,False,False,False,False,False,False,False,False,False,True,False,False,False,True,False,0
0,0,0,0,-1.2402326573760059,0,1,-0.9963455198533878,-0.9789423561755928,True,False,False,False,False,False,False,False,False,False,False,False,False,False,False,True,False,False,False,True,False,1
0,0,1,1,1.6071133660414583,1,0,0.6562861641949752,1.5814493432789842,False,True,False,False,False,True,False,False,False,True,False,True,False,True,False,True,False,True,True,False,False,0
0,0,0,0,-1.0775271703235794,1,0,-1.4590823913869295,-0.956770281235832,False,False,False,True,True,False,True,False,True,False,True,False,True,False,True,False,False,False,False,False,True,0
1,1,0,0,1.6071133660414583,1,1,-1.3136508031906735,-0.22041591519187456,False,True,False,True,True,False,True,False,True,False,True,False,True,False,True,False,False,True,True,False,False,0
0,1,0,0,-1.0775271703235794,1,1,1.1041493505720814,-0.7601412958542106,False,True,True,False,False,False,False,True,False,False,False,False,False,True,False,True,False,False,False,True,False,1
0,0,1,0,0.5088513284375793,1,1,-0.482377066114347,-0.030899555830532825,False,False,False,False,False,False,False,False,False,True,False,False,False,False,False,False,False,False,True,False,False,0
1,0,0,0,-0.6300870809294065,1,1,-1.47891397159551,-0.8835585288357307,False,False,False,True,True,False,True,False,True,False,True,False,True,False,True,False,True,False,False,False,True,0
0,0,1,1,1.6071133660414583,1,1,1.6776125449368633,2.6029014689691534,False,True,True,False,False,True,False,True,False,True,False,True,False,True,False,True,False,True,False,False,False,0
1,0,0,0,-1.1995562856128992,1,0,-1.4590823913869295,-0.981027848372897,False,False,False,True,True,False,True,False,True,False,True,False,True,False,True,False,False,False,False,False,True,0
1,0,1,1,-0.6300870809294065,1,1,-0.09070335699488492,-0.5247880132510663,False,True,False,False,False,True,False,False,False,False,False,True,False,False,False,False,True,False,False,False,True,0
0,0,1,1,0.6715568154900058,0,1,-0.959987622804324,-0.22388441800423323,True,False,False,False,False,True,False,False,False,False,False,True,False,False,False,False,True,False,True,False,False,0
0,0,0,0,-1.2402326573760059,1,0,-1.470650813175268,-0.9863842704375521,False,False,False,True,True,False,True,False,True,False,True,False,True,False,True,False,False,False,False,False,True,0
1,0,1,0,1.0783205331210721,0,1,-0.6790402365161023,0.16456594443048717,True,False,False,False,False,False,False,False,False,False,False,False,False,True,False,True,False,False,False,True,False,0
1,0,1,1,1.6071133660414583,1,0,-1.3252192249790122,-0.22932865026666957,False,True,False,True,True,False,True,False,True,False,True,False,True,False,True,False,False,True,False,False,False,0
0,0,1,1,-1.2809090291391125,0,0,-0.8178612979761647,-0.9886673355798642,True,False,False,False,False,False,False,False,False,False,False,True,False,True,False,False,False,False,False,True,False,1
0,0,1,1,1.2817023919366053,1,1,-1.3483560685556895,-0.32172693088196974,False,True,False,True,True,False,True,False,True,False,True,False,True,False,True,False,False,True,False,False,True,0
0,0,0,0,-0.3860288503507666,1,1,-1.4937876567519452,-0.7963630024389684,False,False,False,True,True,False,True,False,True,False,True,False,True,False,True,False,True,False,True,False,False,0
1,0,1,1,1.4850842507521385,1,1,0.5653914215723153,1.453026929023934,False,True,False,False,False,False,False,True,False,True,False,True,False,True,False,True,False,True,False,False,False,0
0,0,0,0,-1.2809090291391125,1,0,0.8496440712286335,-0.9665172131895485,False,False,True,False,False,False,False,False,False,False,False,False,False,True,False,True,False,False,False,True,False,1
1,0,0,0,-1.2809090291391125,1,0,-1.4904823933838485,-0.9976020232041044,False,False,False,True,True,False,True,False,True,False,True,False,True,False,True,False,False,False,False,False,False,0
1,0,1,1,0.22411672609583283,1,0,-1.4954402884359934,-0.6913420058926162,False,False,False,True,True,False,True,False,True,False,True,False,True,False,True,False,False,False,False,True,False,0
1,0,1,1,1.200349648410392,1,0,-1.483871866647655,-0.45974260924461957,False,False,False,True,True,False,True,False,True,False,True,False,True,False,True,False,True,False,False,False,False,0
1,0,0,1,-0.792792567981833,1,0,-0.6889560266203923,-0.7167850106997279,False,False,False,False,False,False,False,False,False,False,False,False,False,False,False,False,False,False,False,False,True,0
1,0,1,1,-0.10129424800902022,1,1,0.6182756354618627,0.12217557145159785,False,True,True,False,False,False,False,True,False,False,False,True,False,False,False,False,False,False,False,False,False,0
1,0,1,0,0.1834403543327262,1,1,0.84303354449244,0.494973766131814,False,False,True,False,False,False,False,False,False,True,False,True,False,False,False,True,False,False,False,True,False,0
0,0,0,0,-0.8741453115080462,0,1,-0.959987622804324,-0.8468319136137308,True,False,False,False,False,False,False,False,False,False,False,False,False,True,False,False,False,False,False,False,True,0
1,0,1,0,-1.0368507985604727,1,1,0.1489282371921275,-0.8082173791394346,False,False,True,False,False,False,False,False,False,False,False,False,False,False,False,False,False,False,False,True,False,1
0,0,0,0,-1.2809090291391125,1,0,-1.4524718646507362,-0.9970971145668622,False,False,False,True,True,False,True,False,True,False,True,False,True,False,True,False,False,False,False,False,True,1
1,0,1,1,-1.2402326573760059,1,1,0.8165914375476663,-0.9248073692434639,False,False,True,False,False,False,False,False,False,False,False,False,False,True,False,True,False,False,False,False,False,1
0,0,0,0,-1.2809090291391125,1,0,0.18693876592524003,-0.9753201855171171,False,False,True,False,False,False,False,False,False,False,False,False,False,False,False,False,False,False,False,True,False,1
0,0,1,1,1.6071133660414583,0,0,-0.30389284423712387,0.6972665092703247,True,False,False,False,False,True,False,True,False,True,False,True,False,False,False,True,False,True,True,False,False,0
0,0,0,0,-0.5894107091662998,1,1,-0.4807244344302987,-0.6052880120670099,False,True,False,False,False,False,False,False,False,False,False,False,False,False,False,False,False,False,False,True,False,0
0,1,1,0,-0.26399973506144675,1,0,0.664549322615217,-0.05364239705587172,False,False,True,False,False,False,False,True,False,False,False,False,False,False,False,True,False,False,False,True,False,1
1,0,0,0,-1.2402326573760059,0,0,-1.156650793206079,-0.9730810254736957,True,False,False,False,False,False,False,False,False,False,False,True,False,False,False,False,False,False,False,False,False,1
1,0,0,0,-0.5487343374031931,1,1,0.45797036210917164,-0.34984814672140907,False,False,True,False,False,False,False,False,False,False,False,False,False,True,False,False,False,False,False,False,False,0
1,0,0,0,-1.2809090291391125,1,1,0.1571913956123693,-0.9757153314071326,False,False,True,False,False,False,False,False,False,False,False,False,False,False,False,False,False,False,False,True,False,1
1,0,1,0,-0.2233233632983401,1,0,-1.497092920120042,-0.7777252879599021,False,False,False,True,True,False,True,False,True,False,True,False,True,False,True,False,False,True,False,False,False,0
1,0,0,0,-1.0368507985604727,1,1,-0.45758759085362155,-0.8508272776127769,False,False,False,False,False,True,False,False,False,False,False,False,False,False,False,False,False,False,False,False,True,1
0,0,0,0,0.6308804437268991,1,0,0.34063351254173796,0.6501124330618038,False,False,True,False,False,False,False,True,False,False,False,False,False,False,False,False,True,False,False,True,False,0
1,0,1,1,1.1596732766472853,1,0,0.6628966909311688,1.3051106508614505,False,False,False,False,False,True,False,True,False,True,False,True,False,True,False,True,True,False,False,False,False,0
0,0,1,1,0.9156150460686455,1,1,0.3356756174895927,0.8438436819166443,False,True,False,False,False,True,False,True,False,False,False,True,False,True,False,False,True,False,True,False,False,0
0,0,1,1,-0.792792567981833,1,0,-1.5218823953807674,-0.8959617192723296,False,False,False,True,True,False,True,False,True,False,True,False,True,False,True,False,False,False,False,False,True,0
0,0,0,0,-1.2809090291391125,1,0,-1.497092920120042,-0.9976898334018856,False,False,False,True,True,False,True,False,True,False,True,False,True,False,True,False,False,False,True,False,False,0
1,0,0,0,-1.118203542086686,1,1,-0.3005875808690271,-0.8890686187465029,False,False,False,False,False,True,False,False,False,False,False,True,False,False,False,False,False,False,False,False,True,0
1,0,1,1,1.6071133660414583,1,0,-1.2805981695097064,-0.19339232682470076,False,True,False,True,True,False,True,False,True,False,True,False,True,False,True,False,False,True,False,False,True,0
1,1,1,0,1.403731507225925,1,1,0.9851598693205996,1.6627176813255136,False,True,True,False,False,False,False,False,False,False,False,False,False,True,False,True,False,False,True,False,False,0
1,0,0,0,-1.118203542086686,0,1,-0.7137455018811178,-0.9101211136645531,True,False,False,False,False,True,False,True,False,True,False,True,False,False,False,False,False,False,False,False,True,1
0,1,0,0,-0.14197061977212685,1,1,-0.20804020656231884,-0.25156658285476624,False,True,False,False,False,True,False,True,False,False,False,False,False,False,False,False,False,False,False,False,False,0
0,0,0,0,-0.3860288503507666,1,1,0.4711914155815583,-0.22311607877364745,False,False,True,False,False,False,False,True,False,False,False,True,False,False,False,False,False,False,False,False,True,0
1,0,1,1,-0.7521161962187263,1,0,0.14397034213998267,-0.5915237635648019,False,True,False,False,False,True,False,True,False,False,False,False,False,False,False,True,False,False,False,False,True,0
0,0,0,0,0.14276398256961956,1,0,-0.34355600465428443,-0.17493023274119696,False,True,False,False,False,True,False,False,False,False,False,False,False,False,False,False,True,False,False,False,True,0
1,0,0,0,1.6071133660414583,1,0,-1.4871771300157517,-0.3766302570446845,False,False,False,True,True,False,True,False,True,False,True,False,True,False,True,False,False,True,False,False,False,0
0,1,1,0,1.5664369942783516,1,1,0.5901808968330408,1.5539208462745684,False,True,False,False,False,True,False,True,False,True,False,True,False,False,False,True,False,True,False,False,False,0
0,0,1,1,-1.118203542086686,0,1,-1.1351665813134504,-0.9328639548898919,True,False,False,False,False,False,False,True,False,False,False,False,False,False,False,False,False,False,False,True,False,0
1,0,0,0,-1.2809090291391125,1,1,0.49928615421038075,-0.971171153671954,False,False,True,False,False,False,False,False,False,False,False,False,False,True,False,False,False,False,False,True,False,1
1,0,0,0,-1.1995562856128992,1,1,-0.01468229952866008,-0.9203729542555117,False,False,False,False,False,True,False,False,False,False,False,True,False,True,False,False,False,False,True,False,False,0
0,0,0,0,-1.0775271703235794,1,1,0.8678230197531654,-0.8063733649860287,False,False,True,False,False,False,False,False,False,False,False,False,False,True,False,True,False,False,False,True,False,1
0,0,0,0,-1.118203542086686,1,0,-1.302082381402335,-0.9471111594798965,False,True,False,True,True,False,True,False,True,False,True,False,True,False,True,False,False,False,False,False,True,0
1,0,0,0,-1.118203542086686,1,1,0.5207703661030092,-0.8238256417950484,False,False,True,False,False,False,False,False,False,False,False,False,False,True,False,False,False,False,False,True,False,1
1,0,0,0,0.874938674305539,1,1,1.4264125289615124,1.522945799007239,False,True,True,False,False,True,False,True,False,False,False,True,False,True,False,True,False,True,True,False,False,0
0,0,0,0,-0.8741453115080462,1,0,-0.4542823274855248,-0.7730713474774968,False,False,False,False,False,False,False,True,False,False,False,False,False,False,False,False,False,False,False,True,False,0
0,1,0,0,0.6715568154900058,1,0,1.261149360556676,1.2619519386519755,False,True,True,False,False,True,False,True,False,True,False,True,False,False,False,True,True,False,False,False,False,0
1,0,1,0,-0.34535247858766,1,0,-1.47891397159551,-0.7718639572580049,False,False,False,True,True,False,True,False,True,False,True,False,True,False,True,False,True,False,False,False,True,0
0,0,1,1,-0.9148216832711529,1,1,1.170254617934016,-0.5388376448960632,False,True,True,False,False,True,False,False,False,False,False,False,False,True,False,True,False,False,False,True,False,1
0,1,1,0,0.9969677895948588,1,0,0.9636756574279707,1.3817030958761292,False,True,True,False,False,False,False,True,False,True,False,False,False,False,False,True,False,False,True,False,False,0
1,0,0,0,-1.2809090291391125,1,1,-0.46750338095791166,-0.984013395097459,False,False,False,False,False,True,False,False,False,False,False,False,False,False,False,False,False,False,False,False,True,0
0,0,0,1,-1.1588799138497925,1,1,-1.302082381402335,-0.9693051869691028,False,True,False,True,True,False,True,False,True,False,True,False,True,False,True,False,False,False,False,False,True,0
1,0,0,0,-0.26399973506144675,1,1,-1.4954402884359934,-0.7991070711196319,False,False,False,True,True,False,True,False,True,False,True,False,True,False,True,False,True,False,False,False,False,0
1,0,1,1,-0.5487343374031931,1,1,-0.5253454898996044,-0.5867161552362795,False,False,False,False,False,True,False,False,False,False,False,False,False,False,False,False,True,False,False,False,False,0
1,1,0,0,-0.26399973506144675,1,0,-1.5053560785402837,-0.7849037716285177,False,False,False,True,True,False,True,False,True,False,True,False,True,False,True,False,True,False,True,False,False,0
1,1,1,0,-0.8334689397449395,1,1,0.5158124710508644,-0.5890870305763727,False,False,True,False,False,False,False,False,False,False,False,False,False,False,False,True,False,False,False,True,False,1
0,0,0,0,-1.0775271703235794,1,1,1.160338827829726,-0.7658270061605452,False,False,True,False,False,False,False,False,False,True,False,True,False,True,False,True,False,False,False,False,True,1
0,0,1,1,0.22411672609583283,1,0,-1.4723034448593166,-0.677270421698174,False,False,False,True,True,False,True,False,True,False,True,False,True,False,True,False,True,False,False,False,True,0
0,0,0,0,0.3868222131482594,1,1,0.09439139161853179,0.2591814325397635,False,False,False,False,False,True,False,True,False,False,False,True,False,False,False,True,True,False,False,False,True,0
0,0,1,1,0.427498584911366,1,0,0.34228614422578624,0.42255230551174366,False,False,False,False,False,True,False,False,False,True,False,False,False,True,False,True,False,True,False,False,False,0
1,1,1,0,0.5902040719637925,1,1,1.1636440911978225,1.1323660392763242,False,True,True,False,False,False,False,False,False,True,False,False,False,True,False,True,False,False,False,True,False,1
1,0,0,0,1.0376441613579654,1,0,1.1338967208849522,1.505515474747665,False,False,True,False,False,True,False,True,False,False,False,False,False,True,False,True,True,False,False,False,False,0
0,0,1,1,-1.2809090291391125,1,1,0.16380192234856286,-0.9756275212093513,False,False,True,False,False,False,False,False,False,False,False,False,False,False,False,False,False,False,False,True,False,1
0,0,0,0,-0.9148216832711529,1,1,-1.5053560785402837,-0.9249610370895811,False,False,False,True,True,False,True,False,True,False,True,False,True,False,True,False,True,False,False,False,True,0
0,1,0,0,1.5664369942783516,1,1,1.3570019982314812,2.2962463057676494,False,True,True,False,False,False,False,True,False,True,False,False,False,True,False,True,True,False,False,True,False,0
1,0,1,1,-0.06061787624591358,1,0,1.097538823835888,0.3469257726726585,False,True,True,False,False,True,False,False,False,True,False,False,False,True,False,False,True,False,False,False,False,0
1,0,0,0,-0.9554980550342594,1,1,0.6777703760876037,-0.673209200050792,False,True,True,False,False,False,False,False,False,False,False,False,False,True,False,False,False,False,False,True,False,1
0,0,1,0,1.2817023919366053,1,0,-1.3169560665587703,-0.31046527301652693,False,True,False,True,True,False,True,False,True,False,True,False,True,False,True,False,False,True,True,False,False,0
0,0,0,0,-0.01994150448280695,1,1,-0.35181916307452626,-0.24250017993385423,False,True,False,False,False,False,False,True,False,False,False,False,False,False,False,False,False,False,False,True,False,0
0,0,0,0,-1.1588799138497925,1,0,-0.46750338095791166,-0.9120748905651853,False,True,False,False,False,False,False,False,False,False,False,False,False,False,False,False,False,False,False,True,False,0
1,0,0,1,0.3054694696220461,1,1,-1.4689981814912199,-0.6309285898191292,False,False,False,True,True,False,True,False,True,False,True,False,True,False,True,False,True,False,False,False,False,0
0,1,1,0,-0.01994150448280695,1,0,0.4778019423177518,0.1220877612538167,False,True,True,False,False,False,False,False,False,True,False,False,False,False,False,False,False,False,False,False,True,0
0,1,1,0,-0.8741453115080462,1,1,0.5967914235692342,-0.6198864574481395,False,False,True,False,False,False,False,False,False,False,False,True,False,True,False,False,False,False,False,True,False,0
1,0,0,0,-0.670763452692513,1,1,-1.4623876547550263,-0.8612766911487434,False,False,False,True,True,False,True,False,True,False,True,False,True,False,True,False,False,False,True,False,False,0
0,0,0,0,-1.2809090291391125,1,1,-1.2938192229820933,-0.9949896698201128,False,True,False,True,True,False,True,False,True,False,True,False,True,False,True,False,False,False,False,True,False,0
0,0,1,1,-0.46738159387697986,1,1,-0.19812441645802853,-0.47262875576901514,False,False,False,False,False,False,False,True,False,False,False,False,False,True,False,False,True,False,True,False,False,0
1,0,1,0,0.7935859307793257,1,0,0.6364545839863945,0.9030058026717487,False,False,True,False,False,True,False,False,False,False,False,False,False,True,False,False,False,False,False,True,False,1
1,0,1,1,1.4850842507521385,1,1,1.6362967528356542,2.3594037905218,False,True,True,False,False,True,False,True,False,True,False,True,False,True,False,True,False,True,False,False,False,0
1,0,1,1,-0.8741453115080462,1,1,0.48441246905394536,-0.6249574963700055,False,False,True,False,False,False,False,False,False,False,False,False,False,True,False,False,False,False,False,False,False,1
0,0,0,0,-1.1995562856128992,1,1,0.1687598174007081,-0.9094844897306392,False,False,False,False,False,False,False,False,False,True,False,False,False,True,False,True,True,False,False,True,False,0
1,0,0,0,-1.1588799138497925,1,0,-0.4327981155928961,-0.9179801263659733,False,True,False,False,False,False,False,False,False,False,False,False,False,False,False,False,False,False,True,False,False,1
1,0,0,0,-0.5487343374031931,1,0,-1.4937876567519452,-0.8490271685582615,False,False,False,True,True,False,True,False,True,False,True,False,True,False,True,False,False,True,False,False,True,0
1,1,1,1,1.5664369942783516,1,1,1.3305598912867072,2.307727489127546,False,True,True,False,False,True,False,True,False,False,False,False,False,True,False,True,False,False,True,False,False,1
0,0,0,0,0.874938674305539,1,1,-1.465692918123123,-0.5515481710248965,False,False,False,True,True,False,True,False,True,False,True,False,True,False,True,False,False,True,False,False,True,0
0,1,0,0,1.5664369942783516,1,0,1.2958546259216916,2.2486531785702226,False,True,True,False,False,False,False,False,False,True,False,False,False,True,False,True,False,True,False,False,False,0
1,0,1,0,1.5664369942783516,1,0,-1.4541244963347844,-0.3302445200667492,False,False,False,True,True,False,True,False,True,False,True,False,True,False,True,False,True,False,False,True,False,0
1,0,1,1,1.1189969048841788,1,0,-1.4640402864390747,-0.4771948860536392,False,False,False,True,True,False,True,False,True,False,True,False,True,False,True,False,False,True,False,False,True,0
0,0,0,0,0.8342623025424323,1,0,1.1454651426732907,1.3752490463392089,False,False,True,False,False,True,False,True,False,True,False,True,False,False,False,True,False,True,False,False,True,0
1,0,0,0,-0.34535247858766,1,1,0.49598089084228375,-0.12773225143378533,False,False,True,False,False,False,False,False,False,False,False,False,False,False,False,True,False,False,True,False,False,0
0,0,1,1,-0.10129424800902022,1,1,1.1636440911978225,0.33114188962148233,False,True,True,False,False,False,False,False,False,True,False,False,False,True,False,True,False,False,False,True,False,1
0,1,0,0,-1.118203542086686,1,1,0.6562861641949752,-0.8339457670893352,False,False,True,False,False,False,False,True,False,False,False,False,False,True,False,False,False,False,False,True,False,0
0,0,1,0,-0.34535247858766,1,1,1.1388546159370971,0.061213341641978315,False,False,True,False,False,False,False,True,False,True,False,False,False,True,False,True,False,False,True,False,False,1
0,0,0,0,0.26479309785893945,1,0,-1.4772613399114616,-0.6436171633985172,False,False,False,True,True,False,True,False,True,False,True,False,True,False,True,False,False,True,False,False,True,0
0,0,1,1,1.4444078789890318,1,1,1.2859388358174015,2.08440420362043,False,True,True,False,False,False,False,True,False,False,False,True,False,True,False,True,False,True,True,False,False,0
1,0,1,1,-0.8334689397449395,1,1,-1.3037350130863834,-0.8688503207073746,False,True,False,True,True,False,True,False,True,False,True,False,True,False,True,False,False,True,False,False,False,0
1,0,1,0,-0.2233233632983401,1,1,-0.3650402165469133,-0.39605826330378185,False,False,False,False,False,False,False,True,False,False,False,True,False,False,False,False,False,False,False,True,False,0
0,0,0,0,-1.0368507985604727,1,1,0.3323703541214962,-0.7686808375884353,False,True,True,False,False,False,False,False,False,False,False,False,False,False,False,False,False,False,False,True,False,1
0,1,1,0,-0.2233233632983401,1,1,0.34228614422578624,-0.15919025478891136,False,False,True,False,False,True,False,False,False,False,False,False,False,False,False,False,False,False,False,False,False,1
1,0,0,1,-1.2809090291391125,1,0,-1.4871771300157517,-0.9975581181052138,False,False,False,True,True,False,True,False,True,False,True,False,True,False,True,False,False,False,False,False,True,0
1,0,1,0,-0.01994150448280695,1,1,1.1239809307806616,0.37493722576487126,False,True,True,False,False,False,False,True,False,False,False,False,False,True,False,True,False,False,True,False,False,0
0,0,0,0,0.22411672609583283,1,1,-1.341745541819496,-0.604805055979213,False,True,False,True,True,False,True,False,True,False,True,False,True,False,True,False,True,False,False,True,False,0
1,0,0,1,0.14276398256961956,1,1,0.9868125010046478,0.5358933182978676,False,False,True,False,False,False,False,True,False,False,False,False,False,True,False,True,False,False,False,True,False,0
0,0,1,0,1.6071133660414583,1,1,1.3437809447590943,2.3059273800730304,False,True,True,False,False,True,False,False,False,True,False,False,False,True,False,True,False,True,False,True,False,0
0,0,0,0,-1.2402326573760059,1,1,0.7372651167133452,-0.925597661023495,False,False,True,False,False,False,False,True,False,False,False,False,False,True,False,False,False,False,False,False,False,1
0,0,0,0,1.3223787636997117,1,1,0.8265072276519564,1.5598260820753562,False,True,True,False,False,True,False,True,False,False,False,True,False,False,False,False,True,False,False,True,False,0
0,0,0,0,-0.30467610682455337,1,1,-1.5086613419083803,-0.772654249038036,False,False,False,True,True,False,True,False,True,False,True,False,True,False,True,False,False,False,True,False,False,0
0,0,1,1,0.427498584911366,1,0,-1.4822192349636067,-0.6471515238592117,False,False,False,True,True,False,True,False,True,False,True,False,True,False,True,False,True,False,False,False,True,0
0,0,0,1,0.6715568154900058,1,0,-1.4673455498071712,-0.5563996844523095,False,False,False,True,True,False,True,False,True,False,True,False,True,False,True,False,False,True,True,False,False,0
0,1,0,0,0.427498584911366,0,1,-1.037661311954597,-0.3475870341285423,True,False,False,False,False,True,False,True,False,False,False,False,False,False,False,False,False,False,True,False,False,0
0,0,1,0,-1.1588799138497925,1,0,-0.3352928462340426,-0.9030743452926092,False,False,False,False,False,True,False,True,False,False,False,False,False,False,False,False,False,False,False,False,True,0
1,0,0,0,-1.2402326573760059,1,1,0.18032823918904647,-0.9430499378325147,False,False,True,False,False,False,False,False,False,False,False,False,False,False,False,False,False,False,False,True,False,0
0,1,0,0,-1.2809090291391125,1,1,0.309233510544819,-0.9736956968581644,False,True,True,False,False,False,False,False,False,False,False,False,False,False,False,False,False,False,False,True,False,1
1,1,0,0,-0.34535247858766,1,1,1.2594967288726278,0.08990532376699549,False,True,True,False,False,False,False,True,False,True,False,False,False,True,False,True,False,False,True,False,False,1
0,0,1,1,1.3630551354628184,1,0,1.4677283210627214,2.1033053486928397,False,True,True,False,False,True,False,True,False,True,False,False,False,True,False,True,False,True,False,False,False,0
0,0,1,1,-0.9961744267973661,1,0,-1.4987455518040902,-0.9363105051528052,False,False,False,True,True,False,True,False,True,False,True,False,True,False,True,False,False,True,False,False,False,0
1,0,0,0,0.02073486728029968,1,0,-1.470650813175268,-0.7034378606369807,False,False,False,True,True,False,True,False,True,False,True,False,True,False,True,False,False,True,False,False,True,0
1,0,0,0,-1.2809090291391125,1,1,1.2099177783511768,-0.9617315574104717,False,True,True,False,False,False,False,False,False,True,False,False,False,True,False,True,False,False,False,True,False,1
1,0,1,0,-0.9148216832711529,1,1,1.1124125089923234,-0.5506481164976389,False,True,True,False,False,False,False,False,False,True,False,False,False,True,False,True,False,False,False,True,False,1
0,0,1,0,0.5495277002006859,0,1,-0.6906086583044406,-0.12472475215977821,True,False,False,False,False,False,False,False,False,False,False,False,False,True,False,True,False,False,False,True,False,0
1,0,0,0,0.4681749566744726,1,0,0.13240192035164386,0.2928566433888655,False,False,True,False,False,False,False,False,False,False,False,False,False,False,False,False,False,False,True,False,False,0
1,0,0,0,0.427498584911366,1,1,1.1619914595137741,0.8428119120927151,False,True,True,False,False,False,False,False,False,False,False,True,False,True,False,True,True,False,False,True,False,1
0,0,1,1,-1.1995562856128992,1,1,-0.20308231151017356,-0.9322492835054232,False,False,False,False,False,False,False,True,False,False,False,False,False,True,False,False,False,False,True,False,False,0
0,0,0,0,0.02073486728029968,1,1,0.49928615421038075,0.17251276732968854,False,False,True,False,False,False,False,True,False,False,False,True,False,False,False,False,True,False,False,False,False,0
0,0,0,0,-1.118203542086686,1,1,1.038044083210147,-0.781281600970042,False,False,True,False,False,False,False,True,False,False,False,False,False,True,False,True,False,False,False,True,False,1
0,0,1,0,1.6071133660414583,1,1,0.8628651247010206,1.8337719466033517,False,True,False,False,False,True,False,True,False,True,False,True,False,True,False,True,False,True,False,False,False,0
1,1,1,0,1.0376441613579654,1,1,1.119023035728517,1.5457544978809141,False,True,True,False,False,False,False,False,False,True,False,False,False,True,False,True,False,False,False,True,False,1
0,0,1,1,1.525760622515245,1,1,0.14397034213998267,1.1329368055619022,False,True,False,False,False,True,False,True,False,False,False,False,False,True,False,False,False,True,True,False,False,0
1,0,0,0,-0.7521161962187263,1,0,-1.4689981814912199,-0.885226922593574,False,False,False,True,True,False,True,False,True,False,True,False,True,False,True,False,True,False,False,False,False,0
1,0,1,1,0.3054694696220461,1,1,-1.4689981814912199,-0.6790485782032438,False,False,False,True,True,False,True,False,True,False,True,False,True,False,True,False,False,False,False,False,False,0
0,1,1,0,1.3630551354628184,1,1,1.429717792329609,2.146968969539557,False,True,True,False,False,False,False,True,False,True,False,True,False,True,False,True,True,False,True,False,False,0
1,0,0,1,0.7935859307793257,1,0,-1.29712448635019,-0.42035973553973743,False,True,False,True,True,False,True,False,True,False,True,False,True,False,True,False,False,True,True,False,False,0
1,0,1,1,-1.2809090291391125,1,0,-1.4937876567519452,-0.9976459283029949,False,False,False,True,True,False,True,False,True,False,True,False,True,False,True,False,True,False,False,False,True,0
0,0,0,0,-0.8334689397449395,1,1,-0.6542507612553768,-0.7766057079381914,False,False,False,False,False,False,False,False,False,False,False,False,False,False,False,False,False,False,False,True,False,0
0,0,1,1,0.9562914178317522,1,0,0.12909665698354733,0.6688818628375418,False,True,False,False,False,True,False,True,False,False,False,False,False,False,False,True,True,False,False,False,False,0
0,0,1,0,1.2410260201734986,1,1,0.5406019463115899,1.173658784782948,False,True,True,False,False,False,False,False,False,False,False,True,False,False,False,False,True,False,True,False,False,0
0,0,0,0,-0.5487343374031931,1,1,1.380138841808158,-0.1569510947454899,False,False,True,False,False,True,False,False,False,True,False,True,False,True,False,True,False,False,False,True,False,1
1,1,0,0,-0.8334689397449395,0,1,-0.700524448408731,-0.7749153616309027,True,False,False,False,False,False,False,False,False,True,False,True,False,False,False,True,False,False,False,True,False,1
1,0,1,1,0.6715568154900058,1,0,0.6496756374587817,0.8618228199123517,False,True,True,False,False,False,False,False,False,False,False,False,False,True,False,False,False,False,False,True,False,1
0,0,0,0,0.874938674305539,1,1,0.9884651326886961,1.242436122195097,False,True,True,False,False,False,False,True,False,True,False,False,False,True,False,False,True,False,False,False,False,0
1,1,1,0,-0.2233233632983401,0,0,-0.9368507792276468,-0.5531726596838492,True,False,False,False,False,False,False,False,False,False,False,False,False,False,False,True,False,False,False,False,False,1
1,0,1,1,-1.0775271703235794,1,1,-1.4689981814912199,-0.9590313938286987,False,False,False,True,True,False,True,False,True,False,True,False,True,False,True,False,False,True,True,False,False,0
0,0,1,1,0.9969677895948588,1,0,-1.4987455518040902,-0.49363734558817474,False,False,False,True,True,False,True,False,True,False,True,False,True,False,True,False,False,True,False,False,False,0
1,0,0,0,-0.30467610682455337,1,1,-1.4574297597028811,-0.7870112163752673,False,False,False,True,True,False,True,False,True,False,True,False,True,False,True,False,False,True,False,False,True,0
1,0,0,0,-1.1588799138497925,1,0,-1.4590823913869295,-0.9742006054954062,False,False,False,True,True,False,True,False,True,False,True,False,True,False,True,False,False,False,False,False,True,0
1,0,1,1,0.8342623025424323,1,1,0.1604966589804663,0.6312112879893937,False,False,False,False,False,True,False,True,False,False,False,True,False,True,False,False,False,True,False,False,True,0
1,0,0,0,-0.14197061977212685,1,0,0.20015981939762711,-0.1437137074299694,False,True,False,False,False,False,False,True,False,True,False,False,False,False,False,True,True,False,True,False,False,0
1,0,0,0,-0.26399973506144675,1,1,-1.4723034448593166,-0.7818084621567293,False,False,False,True,True,False,True,False,True,False,True,False,True,False,True,False,False,False,False,True,False,0
0,0,0,0,-1.2809090291391125,0,1,-0.9616402544883723,-0.9905772073816059,True,False,False,False,False,False,False,False,False,False,False,False,False,True,False,False,False,False,False,True,False,1
1,0,1,1,-1.2402326573760059,1,0,-1.4756087082274132,-0.9910162583705121,False,False,False,True,True,False,True,False,True,False,True,False,True,False,True,False,True,False,False,False,True,0
0,1,1,0,1.525760622515245,1,1,0.3571598293822216,1.3696072411317646,False,True,True,False,False,False,False,False,False,False,False,False,False,False,False,False,False,True,True,False,False,0
0,0,1,1,1.6071133660414583,1,0,0.6761177444035554,1.6847580409686025,False,False,False,False,False,True,False,True,False,True,False,True,False,True,False,True,False,True,False,False,False,0
0,0,1,1,1.6071133660414583,1,1,1.466075689378673,2.3794464681653658,False,True,True,False,False,False,False,True,False,True,False,True,False,True,False,True,False,True,False,False,False,0
0,0,0,0,-1.2402326573760059,1,1,-0.5220402265315078,-0.9662757351456502,False,False,False,False,False,False,False,True,False,False,False,False,False,False,False,False,False,False,True,False,False,1
0,0,0,0,1.3630551354628184,0,1,-0.11549283225561037,0.8348431366440682,True,False,False,False,False,True,False,False,False,True,False,True,False,True,False,True,False,True,False,False,False,0
1,0,1,1,-0.46738159387697986,1,1,0.3654229878024634,-0.32585401017768767,False,True,False,False,False,True,False,False,False,False,False,False,False,True,False,True,True,False,False,False,False,0
0,0,0,0,0.3461458413851527,1,0,-1.4822192349636067,-0.6505102639243437,False,False,False,True,True,False,True,False,True,False,True,False,True,False,True,False,False,True,False,False,True,0
0,0,0,0,1.2410260201734986,1,0,-1.343398173503544,-0.29580096998706135,False,True,False,True,True,False,True,False,True,False,True,False,True,False,True,False,False,True,False,False,True,0
1,1,0,0,-0.46738159387697986,1,0,-1.465692918123123,-0.8176789279503622,False,False,False,True,True,False,True,False,True,False,True,False,True,False,True,False,True,False,False,False,False,0
1,0,0,0,-1.2809090291391125,1,0,-0.6740823414639571,-0.9867574637781225,False,False,False,False,False,False,False,False,False,False,False,False,False,False,False,False,False,False,False,False,True,0
1,1,0,0,-1.2809090291391125,1,1,0.36046509275031813,-0.9730151678253597,False,True,True,False,False,False,False,False,False,False,False,False,False,False,False,False,False,False,False,True,False,1
1,1,0,0,-0.8334689397449395,0,1,-1.1731771100465627,-0.8389070432639747,True,False,False,False,False,False,False,True,False,False,False,False,False,False,False,False,False,False,True,False,False,0
1,0,1,0,-0.6300870809294065,0,0,-1.006261309957678,-0.7460258065608777,True,False,False,False,False,True,False,False,False,True,False,False,False,False,False,False,False,False,False,False,True,0
0,0,1,1,-0.7114398244556197,1,0,-1.4640402864390747,-0.8763361400682245,False,False,False,True,True,False,True,False,True,False,True,False,True,False,True,False,True,False,False,False,True,0
1,1,1,0,1.4850842507521385,1,1,0.6628966909311688,1.533922073729893,False,True,True,False,False,True,False,True,False,False,False,False,False,False,False,False,False,False,True,False,False,0
1,0,0,0,1.2817023919366053,1,1,1.315686206130272,2.018700223130624,False,True,True,False,False,False,False,False,False,True,False,True,False,True,False,True,True,False,True,False,False,0
1,1,0,0,-0.9148216832711529,1,1,1.0082967128972762,-0.6118518243511569,False,True,True,False,False,False,False,False,False,False,False,False,False,True,False,True,False,False,False,True,False,1
0,0,1,1,1.5664369942783516,1,1,1.128938825832807,2.0941511355741462,False,True,True,False,False,True,False,True,False,True,False,False,False,True,False,False,False,True,True,False,False,0
0,0,1,1,-0.5080579656400865,1,0,0.36872825117055996,-0.3087310216103476,False,True,False,False,False,True,False,False,False,False,False,False,False,True,False,True,True,False,False,False,False,0
1,0,0,0,-0.3860288503507666,1,1,1.0595282951027758,-0.09065439542066064,False,True,True,False,False,False,False,False,False,True,False,True,False,True,False,False,False,False,True,False,False,0
0,0,0,0,-0.9148216832711529,1,0,-1.520229763696719,-0.9346201588455165,False,False,False,True,True,False,True,False,True,False,True,False,True,False,True,False,False,False,False,False,True,0
0,0,0,0,-0.8334689397449395,1,0,1.0132546079494216,-0.5166655699563024,False,False,True,False,False,False,False,False,False,True,False,False,False,True,False,True,True,False,False,False,True,1
0,1,1,0,1.6071133660414583,1,1,1.3884020002283999,2.364496781993111,False,True,True,False,False,True,False,True,False,False,False,False,False,True,False,True,True,False,False,False,False,0
1,0,1,1,-0.06061787624591358,1,1,0.3439387759098345,0.023081763255478817,False,True,False,False,False,True,False,True,False,False,False,True,False,False,False,True,True,False,False,False,False,0
1,0,0,1,0.22411672609583283,1,1,0.5620861582042183,0.3730932116114653,False,True,True,False,False,False,False,True,False,False,False,False,False,False,False,False,False,False,False,False,True,0
1,0,0,0,-0.5487343374031931,1,1,-0.6559033929394251,-0.6261209814906069,False,False,False,False,False,False,False,False,False,False,False,False,False,False,False,False,False,False,False,False,False,0
1,0,0,0,-1.2809090291391125,1,0,-0.6162402325222643,-0.9859891245475366,False,False,False,False,False,False,False,False,False,False,False,False,False,False,False,False,False,False,True,False,False,1
1,0,0,0,-1.2809090291391125,1,1,0.6546335325109269,-0.9691076140240948,False,True,True,False,False,False,False,False,False,False,False,False,False,True,False,False,False,False,False,False,True,1
0,0,0,0,-1.0775271703235794,1,1,-0.4641981175898151,-0.8798046428805831,False,False,False,False,False,False,False,False,False,False,False,True,False,False,False,False,False,False,False,False,False,1
0,0,1,1,1.525760622515245,1,1,1.3768335784400614,2.2413868847038256,False,True,True,False,False,False,False,True,False,True,False,False,False,True,False,True,True,False,False,True,False,0
0,1,0,0,-0.9961744267973661,1,1,0.9785493425844061,-0.6800803480271732,False,False,True,False,False,False,False,False,False,True,False,False,False,True,False,True,False,False,True,False,False,1
0,0,1,1,0.4681749566744726,1,0,-0.2840612640285434,0.05603253997288581,False,False,False,False,False,True,False,False,False,False,False,True,False,False,False,False,False,False,False,False,False,0
1,0,1,0,1.6071133660414583,0,0,-0.7517560306142301,0.29419574890502936,True,False,False,False,False,True,False,True,False,True,False,False,False,False,False,False,False,True,False,False,False,0
1,1,0,0,-1.2809090291391125,1,0,0.14066507877188567,-0.9759348569015857,False,False,True,False,False,False,False,False,False,False,False,False,False,False,False,False,False,False,False,True,False,1
0,0,1,1,1.525760622515245,1,1,1.4991283230596404,2.3699410142555477,False,True,True,False,False,False,False,True,False,True,False,True,False,True,False,True,False,True,False,True,False,0
0,0,0,0,-1.0368507985604727,1,1,0.45135983537297814,-0.7555532130201413,False,False,False,False,False,True,False,True,False,False,False,True,False,True,False,True,False,False,False,True,False,0
1,0,0,0,1.1189969048841788,1,1,0.8165914375476663,1.2904902529308755,False,True,True,False,False,False,False,False,False,True,False,False,False,True,False,False,False,True,False,True,False,0
0,0,1,1,0.14276398256961956,1,0,-1.5086613419083803,-0.6976643401328647,False,False,False,True,True,False,True,False,True,False,True,False,True,False,True,False,False,False,False,False,False,0
0,1,0,0,-0.30467610682455337,1,1,1.2545388338204824,0.1616901604531518,False,True,True,False,False,True,False,True,False,False,False,False,False,True,False,True,False,False,False,False,True,1
0,0,0,0,-0.9148216832711529,1,1,0.36046509275031813,-0.6649989465582469,False,True,True,False,False,False,False,False,False,False,False,False,False,False,False,False,False,False,False,False,True,0
1,0,1,1,1.6071133660414583,1,1,1.323949364550514,2.3887543491301764,False,True,True,False,False,True,False,True,False,True,False,True,False,False,False,True,False,True,True,False,False,0
1,0,0,0,-1.118203542086686,1,1,-1.5070087102243321,-0.9684929426396263,False,False,False,True,True,False,True,False,True,False,True,False,True,False,True,False,False,False,False,False,True,0
0,0,1,1,0.02073486728029968,1,0,-1.47891397159551,-0.7518871372627749,False,False,False,True,True,False,True,False,True,False,True,False,True,False,True,False,True,False,False,False,True,0
0,0,0,0,-0.9148216832711529,1,1,0.9917703960567926,-0.5876601148624276,False,True,True,False,False,False,False,True,False,True,False,False,False,False,False,True,False,False,False,True,False,1
1,1,1,0,-0.670763452692513,1,1,1.120675667412565,-0.30925788279703503,False,True,True,False,False,False,False,False,False,True,False,False,False,True,False,True,False,False,False,True,False,1
1,0,1,0,0.5902040719637925,1,1,1.4776441111670116,1.2436654649640344,False,True,True,False,False,False,False,True,False,True,False,True,False,True,False,True,False,False,False,True,False,1
0,1,1,0,-0.5894107091662998,1,0,1.1537283010935324,-0.2000659018560743,False,True,True,False,False,False,False,False,False,False,False,True,False,True,False,True,False,False,False,False,False,1
1,0,0,0,-0.6300870809294065,0,0,-1.3136508031906735,-0.838204561681725,True,False,False,False,False,False,False,False,False,False,False,False,False,False,False,False,False,False,True,False,False,0
1,0,0,0,-1.2402326573760059,1,1,-1.4855244983317035,-0.9914772619088636,False,False,False,True,True,False,True,False,True,False,True,False,True,False,True,False,False,False,True,False,False,0
1,0,0,1,-1.2809090291391125,1,0,-1.5070087102243321,-0.9978215486985574,False,False,False,True,True,False,True,False,True,False,True,False,True,False,True,False,False,False,False,False,True,1
1,0,0,1,-1.2809090291391125,1,1,-1.4475139695985912,-0.9970312569185263,False,False,False,True,True,False,True,False,True,False,True,False,True,False,True,False,False,False,False,False,True,0
1,0,1,0,1.1189969048841788,0,1,-0.15350336098872266,0.5665829824224078,True,False,False,False,False,False,False,True,False,True,False,True,False,True,False,True,False,False,False,False,False,0
1,0,0,0,-0.2233233632983401,1,0,-0.1782928362494481,-0.29867675396439664,False,True,False,False,False,False,False,False,False,True,False,True,False,False,False,False,False,False,False,True,False,0
1,0,0,0,0.06141123904340631,1,1,1.3388230497069489,0.5482526036355758,False,True,True,False,False,False,False,True,False,False,False,True,False,True,False,True,False,False,False,True,False,0
1,1,1,0,1.1596732766472853,1,1,1.1058019822561298,1.657251496513632,False,True,True,False,False,False,False,True,False,True,False,True,False,True,False,False,True,False,False,False,True,0
1,0,0,0,1.1596732766472853,1,0,1.2942019942376433,1.7876057351198693,False,True,True,False,False,True,False,False,False,True,False,False,False,True,False,True,True,False,False,True,False,0
1,0,0,1,1.2410260201734986,0,1,-0.801334981135681,0.13040777749358826,True,False,False,False,False,True,False,True,False,False,False,True,False,False,False,False,True,False,False,False,False,0
0,1,1,1,-1.1588799138497925,1,0,-0.6228507592584579,-0.9265416206496433,False,False,False,False,False,False,False,False,False,False,False,False,False,False,False,False,False,False,False,True,False,1
1,0,0,0,-0.6300870809294065,1,0,-0.44106127401313794,-0.6109078647250086,False,False,False,False,False,False,False,False,False,False,False,True,False,False,False,False,False,False,False,False,True,1
1,0,0,0,-0.42670522211387324,1,0,0.601749318621379,-0.21628883589615674,False,True,True,False,False,False,False,False,False,False,False,False,False,False,False,True,False,False,False,True,False,0
1,0,1,1,-0.7114398244556197,0,1,-1.1450823714177405,-0.8000729832952254,True,False,False,False,False,True,False,False,False,False,False,False,False,False,False,False,False,False,False,False,False,0
0,0,1,0,1.6071133660414583,1,1,1.2066125149830798,2.208962969173106,False,True,True,False,False,False,False,True,False,True,False,False,False,True,False,True,True,False,False,True,False,0
0,0,1,1,1.4444078789890318,1,1,0.6662019542992653,1.4558149028034881,False,False,False,False,False,True,False,True,False,True,False,True,False,True,False,True,False,True,True,False,False,0
0,0,1,0,-0.5894107091662998,1,1,1.0281282931058568,-0.23990977909930786,False,False,True,False,False,False,False,False,False,True,False,False,False,True,False,True,False,False,True,False,False,0
0,0,1,1,1.6071133660414583,1,1,0.5158124710508644,1.5783540338071962,False,False,False,False,False,True,False,False,False,True,False,True,False,True,False,True,False,True,False,False,False,0
1,0,0,0,-1.2402326573760059,1,0,0.19354929266143356,-0.9444988060959051,False,False,True,False,False,False,False,False,False,False,False,False,False,False,False,False,False,False,True,False,False,1
1,0,1,1,1.6071133660414583,1,1,0.8579072296488753,1.8025993263910147,False,True,False,False,False,True,False,True,False,True,False,True,False,True,False,True,False,True,True,False,False,0
1,1,0,0,-0.9961744267973661,1,1,0.31914930064910907,-0.7399669029139728,False,False,True,False,False,False,False,True,False,False,False,False,False,False,False,False,False,False,False,True,False,1
0,0,0,0,-0.01994150448280695,1,0,0.6348019523023464,0.21510071325358554,False,True,True,False,False,False,False,False,False,False,False,False,False,True,False,False,True,False,False,True,False,1
1,0,0,0,-1.0368507985604727,1,1,-1.502050815172187,-0.9322273309559779,False,False,False,True,True,False,True,False,True,False,True,False,True,False,True,False,False,False,False,False,True,0
0,0,0,0,1.200349648410392,1,1,0.8992230217500844,1.5208164017110446,False,True,True,False,False,True,False,True,False,True,False,False,False,False,False,False,True,False,False,True,False,0
1,0,1,1,0.1834403543327262,1,1,0.9289703920629552,0.49319560962674397,False,True,True,False,False,False,False,True,False,True,False,False,False,True,False,False,False,False,False,True,False,0
0,0,1,1,-0.792792567981833,1,1,-1.4673455498071712,-0.8945348035583846,False,False,False,True,True,False,True,False,True,False,True,False,True,False,True,False,False,False,False,False,True,0
0,0,1,0,1.403731507225925,1,0,0.33898088085768924,1.2172785005307742,False,True,False,False,False,True,False,True,False,True,False,False,False,False,False,True,True,False,False,False,True,0
0,0,1,0,-0.8334689397449395,1,1,-1.4805666032795584,-0.8901223411198778,False,False,False,True,True,False,True,False,True,False,True,False,True,False,True,False,False,True,False,True,False,0
0,0,1,0,-0.7114398244556197,1,1,-0.4542823274855248,-0.694042169474389,False,True,False,False,False,False,False,False,False,False,False,False,False,False,False,False,False,False,False,True,False,0
0,0,1,1,1.4444078789890318,1,0,0.6761177444035554,1.4348502180832194,False,True,False,False,False,False,False,True,False,True,False,True,False,True,False,True,False,True,False,False,False,0
0,0,1,0,0.7122331872531124,1,1,-1.4871771300157517,-0.5922042925976064,False,False,False,True,True,False,True,False,True,False,True,False,True,False,True,False,True,False,False,False,False,0
1,0,0,0,0.6308804437268991,1,1,0.2018124510816754,0.5871305687032157,False,True,False,False,False,True,False,False,False,False,False,True,False,False,False,True,True,False,False,False,False,0
0,0,0,0,-0.6300870809294065,1,1,0.9768967109003578,-0.2961083056792957,False,True,True,False,False,True,False,True,False,False,False,False,False,True,False,False,False,False,False,True,False,1
1,0,1,1,1.6071133660414583,1,1,0.05472823120137098,1.1062644579858534,False,True,False,False,False,True,False,False,False,True,False,True,False,False,False,False,False,True,True,False,False,0
1,0,0,0,-1.2809090291391125,1,1,0.46623352052941347,-0.9716102046608601,False,False,True,False,False,False,False,False,False,False,False,False,False,True,False,False,False,False,False,True,False,1
0,0,0,0,-1.2809090291391125,0,0,-1.2888613279299481,-0.9949238121717768,True,False,False,False,False,False,False,False,False,False,False,False,False,False,False,False,True,False,False,False,True,0
1,1,1,0,-1.0368507985604727,1,0,-0.021292826264853626,-0.7977240605045774,False,True,False,False,False,True,False,True,False,False,False,True,False,False,False,False,False,False,False,True,False,0
1,1,1,0,1.4850842507521385,1,1,0.8298124910200534,1.6908828022638434,False,True,True,False,False,False,False,True,False,False,False,False,False,True,False,False,False,False,False,True,False,1
1,0,1,0,0.752909559016219,0,1,-1.1500402664698859,-0.33476674525248257,True,False,False,False,False,False,False,True,False,False,False,False,False,False,False,False,False,False,True,False,False,0
0,0,1,1,1.403731507225925,0,0,-0.35181916307452626,0.5848255510114584,True,False,False,False,False,True,False,True,False,True,False,True,False,True,False,False,False,True,True,False,False,0
0,0,0,0,-1.2809090291391125,1,1,0.17371771245285295,-0.9754958059126795,False,False,True,False,False,False,False,False,False,False,False,False,False,False,False,False,False,False,False,True,False,1
0,0,1,0,-0.5487343374031931,1,1,0.27618087686385173,-0.3735569001223414,False,False,True,False,False,True,False,False,False,False,False,False,False,False,False,False,False,False,False,True,False,1
1,0,0,0,-1.1588799138497925,1,0,0.44970720368892986,-0.8613645013465245,False,True,True,False,False,False,False,True,False,False,False,False,False,False,False,False,False,False,False,True,False,1
0,1,1,0,1.403731507225925,1,1,1.3404756813909977,2.0827138573131414,False,True,True,False,False,True,False,True,False,True,False,True,False,False,False,True,True,False,True,False,False,0
0,0,0,0,0.9969677895948588,1,0,0.9868125010046478,1.3948746255433138,False,True,True,False,False,False,False,True,False,False,False,True,False,False,False,True,True,False,False,True,False,0
0,0,1,1,-0.3860288503507666,1,0,-1.4689981814912199,-0.7960776192961794,False,False,False,True,True,False,True,False,True,False,True,False,True,False,True,False,False,True,False,False,False,0
0,0,0,0,-1.2809090291391125,1,1,0.3125387739129155,-0.9736517917592735,False,False,True,False,False,False,False,True,False,False,False,False,False,False,False,False,False,False,True,False,False,1
0,0,1,0,-0.9554980550342594,1,0,-0.4625454859057666,-0.8014120888113891,False,False,False,False,False,False,False,True,False,False,False,False,False,False,False,False,False,False,False,False,True,0
1,1,0,0,1.2817023919366053,1,0,1.2314019902438054,1.9301436386682527,False,True,True,False,False,False,False,False,False,True,False,True,False,True,False,True,True,False,False,True,False,0
0,0,0,0,-0.30467610682455337,1,1,0.49598089084228375,-0.12143186974298205,False,False,True,False,False,True,False,True,False,False,False,False,False,False,False,False,False,False,False,False,False,1
0,0,1,0,0.6715568154900058,1,0,1.3817914734922068,1.2655302042115608,False,True,True,False,False,True,False,True,False,True,False,True,False,False,False,True,False,True,True,False,False,0
1,1,1,0,1.0376441613579654,1,1,1.4545072675903343,1.7541500497652203,False,True,True,False,False,True,False,True,False,True,False,False,False,True,False,True,True,False,False,True,False,1
1,0,0,0,1.4444078789890318,1,1,0.3984756214834307,1.1990798370406142,False,True,False,False,False,True,False,True,False,True,False,False,False,False,False,True,True,False,True,False,False,0
1,0,0,0,-1.0775271703235794,1,1,0.7637072236581188,-0.776934996179871,False,True,True,False,False,False,False,False,False,False,False,True,False,False,False,True,False,False,False,False,False,0
0,1,0,0,-0.7521161962187263,1,0,0.46292825716131647,-0.5479918580147567,False,False,True,False,False,True,False,True,False,False,False,False,False,False,False,False,False,False,False,True,False,0
0,0,0,0,0.3054694696220461,0,1,-0.3402507412861879,-0.02446745884305782,True,False,False,False,False,True,False,False,False,False,False,True,False,True,False,True,True,False,False,False,False,0
0,0,1,1,-1.2809090291391125,1,0,-1.5070087102243321,-0.9978215486985574,False,False,False,True,True,False,True,False,True,False,True,False,True,False,True,False,False,False,False,True,False,0
1,0,0,0,-1.2402326573760059,0,0,-1.3400929101354475,-0.9893917697115594,True,False,False,False,False,False,False,False,False,False,False,False,False,False,False,False,False,False,False,False,True,0
1,0,0,1,-1.2809090291391125,1,0,-0.5253454898996044,-0.9847817343280447,False,False,False,False,False,False,False,False,False,True,False,False,False,False,False,False,False,False,False,True,False,1
0,0,0,0,-1.1588799138497925,1,1,0.17537034413690167,-0.8884539473620343,False,False,True,False,False,False,False,False,False,False,False,False,False,False,False,False,False,False,False,True,False,1
1,0,1,1,-0.18264699153523348,1,0,0.9273177603789069,0.20917352490335245,False,False,True,False,False,False,False,True,False,True,False,True,False,True,False,False,True,False,False,False,False,0
1,0,0,1,-0.14197061977212685,1,0,1.1801704080383062,0.23643859131442463,False,True,True,False,False,False,False,True,False,True,False,True,False,False,False,True,True,False,True,False,False,0
1,0,0,1,0.02073486728029968,0,0,-1.0178297317460168,-0.5171924311429899,True,False,False,False,False,True,False,False,False,False,False,True,False,False,False,False,True,False,True,False,False,0
0,0,1,1,-0.8741453115080462,0,1,-1.164913951626321,-0.8541640651284637,True,False,False,False,False,True,False,False,False,False,False,False,False,False,False,False,False,False,False,True,False,0
0,0,0,0,1.4444078789890318,1,0,-1.3004297497182866,-0.20641018864576827,False,True,False,True,True,False,True,False,True,False,True,False,True,False,True,False,False,True,False,False,False,0
1,0,0,1,1.4444078789890318,1,1,0.7157809048207162,1.5765539247526807,False,True,False,False,False,True,False,True,False,False,False,True,False,True,False,True,False,True,False,False,False,0
1,1,1,0,1.4444078789890318,1,1,1.3371704180229007,2.1986452709338113,False,True,True,False,False,False,False,True,False,True,False,False,False,True,False,True,False,False,False,True,False,1
1,0,0,0,-1.2809090291391125,1,1,0.48606510073799364,-0.9713467740675162,False,False,True,False,False,False,False,False,False,False,False,False,False,True,False,False,False,False,False,True,False,1
1,0,0,0,-1.1995562856128992,1,1,-0.5187349631634111,-0.9320517105604154,False,False,False,False,False,False,False,False,False,True,False,False,False,False,False,False,False,False,False,True,False,1
1,0,0,0,-1.0368507985604727,1,0,0.9967282911089379,-0.7184753570070165,False,True,True,False,False,False,False,False,False,False,False,False,False,True,False,True,False,False,False,False,True,1
1,0,0,0,-1.2809090291391125,1,1,0.15884402729641803,-0.9756933788576873,False,False,True,False,False,False,False,False,False,False,False,False,False,False,False,False,False,False,False,True,False,1
1,0,1,1,-0.14197061977212685,1,1,0.19520192434548184,-0.1392353873431266,False,False,True,False,False,False,False,False,False,False,False,False,False,False,False,False,False,False,False,True,False,1
0,0,0,0,-0.5894107091662998,1,1,0.9983809227929862,-0.26893104946600466,False,True,True,False,False,False,False,False,False,True,False,True,False,False,False,True,False,False,False,False,False,0
0,0,1,1,-1.2402326573760059,0,1,-1.3367876467673507,-0.9902259665904809,True,False,False,False,False,False,False,False,False,False,False,False,False,False,False,False,False,False,False,False,True,1
0,0,1,0,0.752909559016219,1,1,-0.14358757088443258,0.37460793752319166,False,False,False,False,False,True,False,True,False,False,False,True,False,False,False,False,True,False,False,False,False,0
1,1,1,0,1.1189969048841788,1,1,1.128938825832807,1.6358916659033473,False,True,True,False,False,False,False,False,False,False,False,True,False,True,False,True,False,False,False,True,False,0
1,0,1,1,0.752909559016219,1,0,0.6397598473544917,0.8815362093142378,False,True,True,False,False,False,False,True,False,False,False,True,False,False,False,False,True,False,False,False,False,0
0,0,1,1,-0.06061787624591358,1,0,0.5191177344189609,0.07888514394545104,False,True,False,False,False,False,False,True,False,False,False,True,False,True,False,True,False,True,False,False,False,0
0,0,0,0,0.22411672609583283,1,0,-1.4805666032795584,-0.7085088995588468,False,False,False,True,True,False,True,False,True,False,True,False,True,False,True,False,True,False,False,False,True,0
1,0,1,0,-0.7114398244556197,1,1,1.198349356562838,-0.3459186403706989,False,True,True,False,False,False,False,False,False,True,False,False,False,True,False,True,False,False,False,True,False,1
0,0,0,0,-0.14197061977212685,1,0,1.1801704080383062,0.257644754078592,False,True,True,False,False,False,False,False,False,True,False,False,False,True,False,True,False,False,False,False,False,0
1,0,0,0,-0.6300870809294065,1,1,1.0182125030015667,-0.2862296584289072,False,True,True,False,False,False,False,False,False,True,False,True,False,False,False,True,False,False,False,False,False,0
0,0,1,0,-1.1588799138497925,0,1,-1.183092900150853,-0.9493722720727633,True,False,False,False,False,True,False,False,False,False,False,False,False,False,False,False,False,False,False,True,False,0
1,0,1,0,1.6071133660414583,1,1,1.7222336004061694,2.767106538820055,False,True,True,False,False,True,False,True,False,True,False,True,False,True,False,True,False,True,True,False,False,0
1,0,1,0,-0.42670522211387324,1,1,-1.4673455498071712,-0.7992387864163037,False,False,False,True,True,False,True,False,True,False,True,False,True,False,True,False,False,False,False,False,False,0
1,0,1,0,1.3223787636997117,1,1,-1.4689981814912199,-0.38525760897669037,False,False,False,True,True,False,True,False,True,False,True,False,True,False,True,False,False,True,True,False,False,0
1,0,0,0,1.3630551354628184,1,1,-0.3319875828659461,0.5153457320170595,False,False,False,False,False,True,False,True,False,False,False,False,False,False,False,False,True,False,False,False,True,0
1,0,0,0,-1.2402326573760059,1,1,-1.4937876567519452,-0.989238101865442,False,False,False,True,True,False,True,False,True,False,True,False,True,False,True,False,False,False,False,False,True,0
0,0,0,0,0.14276398256961956,0,1,-0.38817706012359027,-0.17152758757717426,True,False,False,False,False,True,False,True,False,True,False,True,False,False,False,True,False,True,False,False,True,0
0,1,0,0,-0.7114398244556197,1,1,1.0396967148941954,-0.37985728181314465,False,False,True,False,False,True,False,False,False,True,False,True,False,False,False,True,False,False,False,False,True,1
0,1,1,0,-1.118203542086686,1,0,0.17206508076880467,-0.8734164509919986,False,False,True,False,False,False,False,False,False,False,False,False,False,False,False,False,False,False,False,True,False,0
1,0,0,0,-1.2402326573760059,1,1,0.3852545680110436,-0.9349494470871962,False,True,True,False,False,False,False,False,False,False,False,False,False,False,False,False,False,False,False,True,False,1
0,0,0,0,-0.9961744267973661,1,1,0.021675597520403718,-0.7546312059434384,False,True,False,False,False,True,False,True,False,True,False,False,False,False,False,False,False,False,False,False,False,0
1,0,1,0,1.0376441613579654,1,0,1.1735598813021126,1.4880192928397549,False,True,True,False,False,False,False,False,False,True,False,False,False,True,False,True,True,False,True,False,False,0
0,0,0,0,-1.2402326573760059,1,1,0.7058651147164261,-0.9278148685174712,False,False,True,False,False,False,False,False,False,True,False,False,False,False,False,True,False,False,False,False,True,1
1,0,1,1,1.403731507225925,0,0,-0.46089285422171833,0.43453839750888174,True,False,False,False,False,True,False,False,False,False,False,False,False,True,False,True,False,True,True,False,False,0
1,1,1,0,-0.2233233632983401,0,0,-1.1269034228932087,-0.6527933290666558,True,False,False,False,False,True,False,False,False,False,False,False,False,False,False,False,False,False,True,False,False,1
0,0,0,0,1.2410260201734986,1,0,1.0777072436273079,1.7391125533951846,False,True,True,False,False,False,False,True,False,False,False,False,False,True,False,True,False,True,False,False,False,0
1,1,0,0,-1.0368507985604727,1,0,0.2943598253883836,-0.7669246336328106,False,True,True,False,False,False,False,False,False,False,False,False,False,False,False,False,False,False,False,False,True,1
0,0,1,1,1.5664369942783516,1,1,0.5670440532563635,1.6279667955535917,False,False,False,False,False,True,False,False,False,True,False,True,False,True,False,True,False,True,True,False,False,0
0,0,1,1,1.5664369942783516,1,1,0.8496440712286335,1.7329877920999437,False,True,False,False,False,True,False,True,False,True,False,True,False,True,False,True,False,True,True,False,False,0
0,0,0,0,-0.30467610682455337,0,1,-0.5484823334762815,-0.43822911078821797,True,False,False,False,False,False,False,False,False,True,False,False,False,True,False,True,False,False,False,True,False,0
0,0,0,0,-0.5894107091662998,1,1,0.8347703860721981,-0.2981937978765999,False,True,True,False,False,False,False,False,False,False,False,True,False,False,False,True,False,False,False,True,False,1
1,0,1,1,-0.792792567981833,0,0,-0.8029876128197295,-0.7470795289342526,True,False,False,False,False,True,False,True,False,False,False,True,False,False,False,False,False,True,False,False,True,0
0,0,0,0,-1.2809090291391125,1,1,-0.645987602835135,-0.9863842704375521,False,False,False,False,False,False,False,False,False,False,False,False,False,False,False,False,False,False,False,False,True,1
0,0,1,1,-0.7521161962187263,1,1,0.6595914275630718,-0.4776997946908812,False,True,True,False,False,False,False,False,False,False,False,False,False,True,False,False,False,False,False,True,False,0
1,0,0,0,-1.2809090291391125,1,1,-0.6575560246234734,-0.9865379382836693,False,False,False,False,False,False,False,False,False,False,False,False,False,False,False,False,False,False,False,False,True,0
0,0,0,0,-0.18264699153523348,1,1,0.8298124910200534,0.14647704368755368,False,True,True,False,False,False,False,True,False,False,False,False,False,False,False,True,False,False,False,True,False,1
0,0,1,1,1.4850842507521385,1,1,0.9405388138512935,1.8027968993360224,False,True,True,False,False,False,False,True,False,False,False,True,False,False,False,True,False,True,False,False,False,0
0,0,0,1,0.26479309785893945,0,0,-1.1483876347858373,-0.5095748964854682,True,False,False,False,False,False,False,False,False,True,False,False,False,False,False,False,False,False,True,False,False,1
1,0,0,0,-1.1995562856128992,1,1,-1.4739560765433648,-0.9792935969667178,False,False,False,True,True,False,True,False,True,False,True,False,True,False,True,False,False,False,False,True,False,0
0,0,0,0,-0.8741453115080462,1,0,0.3439387759098345,-0.6161106189435465,False,True,True,False,False,False,False,False,False,False,False,False,False,False,False,False,False,False,False,True,False,0
0,1,0,0,-1.1588799138497925,1,1,0.3174966689650608,-0.8769947165515837,False,True,True,False,False,False,False,False,False,False,False,False,False,False,False,False,False,False,False,True,False,0
0,0,1,1,1.5664369942783516,1,0,0.37038088285460824,1.3806054684038638,False,False,True,False,False,False,False,False,False,True,False,False,False,False,False,False,False,True,False,True,False,0
1,0,1,1,0.427498584911366,1,1,-1.5086613419083803,-0.6654599500965983,False,False,False,True,True,False,True,False,True,False,True,False,True,False,True,False,True,False,False,False,True,0
1,1,1,0,1.3223787636997117,1,1,1.3057704160259815,1.8820456028335832,False,True,True,False,False,False,False,True,False,True,False,False,False,True,False,True,False,False,False,True,False,0
0,0,1,1,0.6715568154900058,1,1,1.107454613940178,1.1403348147249706,False,True,True,False,False,False,False,True,False,False,False,False,False,True,False,True,False,False,False,True,False,0
1,0,1,0,0.427498584911366,1,1,-0.28075600066044665,0.04356349188795098,False,False,False,False,False,False,False,False,False,False,False,False,False,True,False,False,True,False,False,False,True,0
0,1,1,0,-0.46738159387697986,1,0,0.22660192634240084,-0.34899199729304203,False,True,False,False,False,False,False,True,False,True,False,False,False,False,False,True,True,False,False,False,False,0
0,0,0,0,-0.5080579656400865,1,1,-1.5185771320126706,-0.8536372039417762,False,False,False,True,True,False,True,False,True,False,True,False,True,False,True,False,False,False,True,False,False,0
0,0,1,1,0.8342623025424323,1,0,-0.1402823075163358,0.4412778301885912,False,False,False,False,False,False,False,False,False,True,False,False,False,False,False,True,True,False,True,False,False,0
0,0,1,1,1.525760622515245,1,1,1.4313704240136575,2.4756425398347046,False,True,True,False,False,True,False,True,False,True,False,False,False,True,False,True,True,False,True,False,False,0
0,0,0,0,-0.5487343374031931,1,1,1.0016861861610833,-0.2207012983346636,False,True,True,False,False,True,False,True,False,False,False,False,False,False,False,True,False,False,False,True,False,1
0,0,1,1,1.0783205331210721,1,0,-1.4987455518040902,-0.4694675886488908,False,False,False,True,True,False,True,False,True,False,True,False,True,False,True,False,False,True,True,False,False,0
1,1,0,0,-1.118203542086686,1,1,0.814938805863618,-0.7965386228345308,False,False,True,False,False,False,False,False,False,False,False,False,False,True,False,True,False,False,False,True,False,1
0,0,0,0,-0.10129424800902022,1,1,0.13570718371974086,-0.11118002915202328,False,True,False,False,False,False,False,True,False,True,False,False,False,True,False,False,True,False,True,False,False,0
1,1,1,0,-0.5894107091662998,1,1,-0.1898612580377867,-0.5623707779014332,False,False,False,False,False,True,False,False,False,False,False,False,False,False,False,True,False,False,True,False,False,0
1,0,1,1,-1.0368507985604727,1,0,-0.664166551359667,-0.8597839177864623,False,False,False,False,False,False,False,False,False,False,False,False,False,False,False,False,False,False,False,True,False,0
0,0,0,0,-0.18264699153523348,1,1,0.5207703661030092,-0.020625762690128963,False,False,True,False,False,False,False,False,False,False,False,False,False,False,False,True,False,False,False,True,False,0
1,0,1,0,0.3868222131482594,1,1,1.1438125109892423,0.8105416644081127,False,True,True,False,False,False,False,True,False,True,False,True,False,False,False,True,False,False,False,True,False,1
1,0,1,1,1.525760622515245,1,0,-1.4805666032795584,-0.409054172575404,False,False,False,True,True,False,True,False,True,False,True,False,True,False,True,False,False,True,True,False,False,0
0,0,0,0,0.8342623025424323,0,1,-0.37165074328310665,0.25784232702359966,True,False,False,False,False,True,False,True,False,True,False,True,False,True,False,False,True,False,False,True,False,0
0,0,0,0,-0.30467610682455337,1,0,-1.4888297616998003,-0.7976362503067962,False,False,False,True,True,False,True,False,True,False,True,False,True,False,True,False,False,True,True,False,False,0
0,0,1,0,-0.42670522211387324,1,1,0.500938785894429,-0.25705472021609316,False,False,True,False,False,False,False,False,False,False,False,False,False,True,False,False,False,False,True,False,False,0
0,0,0,0,-0.06061787624591358,1,1,0.8281598593360051,0.2260989405256848,False,True,True,False,False,False,False,False,False,True,False,False,False,False,False,True,False,False,False,True,False,1
0,0,0,0,-1.2809090291391125,1,0,-0.664166551359667,-0.9866257484814505,False,False,False,False,False,False,False,False,False,False,False,False,False,False,False,False,False,False,False,False,True,0
0,0,1,1,0.06141123904340631,1,1,-1.29712448635019,-0.6035976657597211,False,True,False,True,True,False,True,False,True,False,True,False,True,False,True,False,True,False,True,False,False,0
1,0,0,0,-0.8741453115080462,1,1,0.32080193233315735,-0.6441659771346498,False,False,True,False,False,False,False,True,False,False,False,False,False,False,False,False,False,False,False,True,False,1
1,0,0,0,-1.118203542086686,1,1,0.32410719570125435,-0.8378313683411547,False,False,True,False,False,False,False,True,False,False,False,False,False,False,False,False,False,False,False,True,False,0
0,0,1,1,1.200349648410392,1,1,1.361959893283626,1.9369050238974073,False,True,True,False,False,False,False,True,False,False,False,True,False,True,False,True,True,False,True,False,False,0
1,0,1,1,1.5664369942783516,1,0,-1.4888297616998003,-0.3932483369747824,False,False,False,True,True,False,True,False,True,False,True,False,True,False,True,False,False,True,False,False,True,0
0,0,1,0,-0.9554980550342594,0,1,-0.531956016635798,-0.8121249329406993,True,False,False,False,False,False,False,False,False,True,False,False,False,True,False,True,False,False,False,True,False,1
0,1,0,0,1.2817023919366053,0,1,-0.6939139216725374,0.2015559902458307,True,False,False,False,False,False,False,True,False,False,False,True,False,True,False,False,False,False,False,True,False,0
0,1,0,0,0.874938674305539,1,0,0.23982297981478745,0.6999008152037617,False,True,False,False,False,False,False,True,False,False,False,True,False,True,False,False,True,False,False,False,True,0
1,0,0,0,-0.30467610682455337,1,0,-1.3070402764544802,-0.7093211438883232,False,True,False,True,True,False,True,False,True,False,True,False,True,False,True,False,True,False,False,False,False,1
1,1,1,0,-0.01994150448280695,1,1,0.5108545759987191,0.08391227776842664,False,False,True,False,False,False,False,False,False,False,False,False,False,False,False,True,False,False,True,False,False,1
1,0,1,1,0.22411672609583283,1,0,0.46623352052941347,0.2505321280583124,False,True,False,False,False,False,False,True,False,True,False,False,False,True,False,True,True,False,True,False,False,0
1,0,1,1,1.3223787636997117,1,1,-1.4871771300157517,-0.44997372474145764,False,False,False,True,True,False,True,False,True,False,True,False,True,False,True,False,False,True,True,False,False,0
1,0,0,0,-0.670763452692513,1,1,0.9719388158482125,-0.35505090093994696,False,False,True,False,False,True,False,False,False,False,False,False,False,True,False,True,False,False,False,True,False,1
0,0,0,0,-0.42670522211387324,1,0,0.013412439100161903,-0.3732495644301071,False,False,False,False,False,False,False,True,False,True,False,False,False,True,False,False,True,False,False,False,False,0
1,0,0,0,-1.118203542086686,1,0,1.047959873314437,-0.786703880683033,False,True,True,False,False,False,False,True,False,True,False,False,False,False,False,True,False,False,False,True,False,0
0,0,1,0,1.200349648410392,1,1,0.664549322615217,1.2550807906755943,False,True,False,False,False,True,False,True,False,False,False,True,False,True,False,True,False,True,False,True,False,0
0,0,0,0,-1.0368507985604727,1,1,0.16710718571665986,-0.7879332234519703,False,False,True,False,False,False,False,False,False,False,False,False,False,False,False,False,False,False,False,False,True,0
1,0,0,0,-0.792792567981833,1,1,0.8678230197531654,-0.507643072134281,False,False,True,False,False,False,False,False,False,False,False,False,False,True,False,True,False,False,False,True,False,1
1,0,1,1,1.1189969048841788,1,0,0.8628651247010206,1.388047382665823,False,False,True,False,False,False,False,True,False,True,False,False,False,True,False,False,True,False,False,True,False,1
1,0,1,1,-0.06061787624591358,0,0,-0.9732086762767109,-0.5331958396886192,True,False,False,False,False,True,False,False,False,False,False,True,False,False,False,False,False,False,False,False,False,1
1,0,1,1,1.200349648410392,1,0,-1.4673455498071712,-0.43667047977760115,False,False,False,True,True,False,True,False,True,False,True,False,True,False,True,False,False,True,False,False,False,0
1,0,1,0,1.1189969048841788,1,1,-0.16672441446110978,0.557253148908152,False,False,False,False,False,True,False,False,False,False,False,False,False,True,False,False,True,False,False,False,True,0
0,1,1,0,-0.18264699153523348,1,1,1.2049598832990316,0.2284259107668873,False,True,True,False,False,False,False,False,False,False,False,True,False,True,False,True,False,False,True,False,False,1
0,0,1,0,-1.2402326573760059,1,1,-0.6559033929394251,-0.9668684539806736,False,False,False,False,False,False,False,False,False,False,False,False,False,False,False,False,False,False,False,True,False,0
0,0,0,0,-0.792792567981833,1,1,-1.4689981814912199,-0.8915492568338227,False,False,False,True,True,False,True,False,True,False,True,False,True,False,True,False,False,True,False,False,True,0
0,0,0,0,-0.792792567981833,1,1,-1.5053560785402837,-0.883646339033512,False,False,False,True,True,False,True,False,True,False,True,False,True,False,True,False,False,False,False,False,True,0
1,1,1,0,-1.2809090291391125,0,0,-0.8145560346080679,-0.9886234304809736,True,False,False,False,False,False,False,True,False,False,False,False,False,True,False,False,False,False,False,True,False,1
1,1,0,0,-0.34535247858766,1,1,0.5174651027349126,-0.08933724245394217,False,True,True,False,False,False,False,True,False,False,False,False,False,False,False,False,False,False,False,True,False,0
1,0,0,0,-0.670763452692513,1,1,-1.4921350250678969,-0.8559422216335335,False,False,False,True,True,False,True,False,True,False,True,False,True,False,True,False,False,False,False,False,True,1
1,0,1,0,1.2410260201734986,1,1,1.4958230596915434,1.9378709360730006,False,False,True,False,False,True,False,True,False,True,False,True,False,True,False,True,False,True,True,False,False,0
1,0,0,0,0.3054694696220461,0,0,-0.09235598867893342,0.09642523095225204,True,False,False,False,False,True,False,True,False,True,False,False,False,True,False,True,True,False,True,False,False,0
0,0,1,1,1.403731507225925,0,1,-0.17498757288135158,0.7955480731369673,True,False,False,False,False,False,False,True,False,True,False,True,False,True,False,True,False,True,False,True,False,0
0,0,0,0,-1.2402326573760059,1,1,0.5075493126306225,-0.942149883305257,False,False,True,False,False,False,False,False,False,False,False,False,False,True,False,False,False,False,False,True,False,1
1,1,1,0,1.3630551354628184,1,1,1.1636440911978225,2.0108412104292035,False,True,True,False,False,False,False,False,False,False,False,True,False,True,False,True,False,False,True,False,False,1
1,0,1,1,0.3868222131482594,0,1,-0.6525981295713283,-0.10663585141684452,True,False,False,False,False,False,False,True,False,True,False,False,False,False,False,True,True,False,True,False,False,0
0,0,0,0,-1.2809090291391125,1,1,0.14397034213998267,-0.9758909518026951,False,False,True,False,False,False,False,False,False,False,False,False,False,False,False,False,False,False,False,True,False,1
1,0,1,1,1.403731507225925,1,0,0.8165914375476663,1.6449580688242598,False,True,True,False,False,True,False,True,False,False,False,True,False,False,False,False,True,False,False,True,False,0
0,0,0,0,-0.26399973506144675,1,1,0.5240756294711062,-0.04343446156380362,False,True,True,False,False,False,False,False,False,True,False,False,False,False,False,False,False,False,False,True,False,0
1,0,0,0,-0.46738159387697986,1,0,-1.4954402884359934,-0.8348677741660381,False,False,False,True,True,False,True,False,True,False,True,False,True,False,True,False,False,True,False,False,True,0
0,0,0,0,-1.1588799138497925,1,1,0.20015981939762711,-0.8864123602636207,False,False,True,False,False,False,False,False,False,False,False,False,False,False,False,False,False,False,False,False,False,1
0,0,0,0,0.9562914178317522,0,1,-0.6608612879915702,0.11987055375984054,True,False,False,False,False,False,False,False,False,False,False,False,False,True,False,True,False,False,True,False,False,0
1,0,0,0,-0.3860288503507666,1,0,-1.4541244963347844,-0.7982070165923741,False,False,False,True,True,False,True,False,True,False,True,False,True,False,True,False,False,False,False,True,False,0
0,0,1,0,-1.1995562856128992,1,1,1.0033388178451315,-0.8776971981338335,False,True,True,False,False,False,False,False,False,False,False,False,False,True,False,True,False,False,False,True,False,1
1,0,0,0,-1.1995562856128992,1,1,0.7769282771305055,-0.8912199685921431,False,False,True,False,False,False,False,False,False,True,False,True,False,True,False,False,False,False,False,False,True,1
1,0,0,0,-0.8741453115080462,1,0,0.17702297582094995,-0.672572576116878,False,False,True,False,False,False,False,False,False,False,False,False,False,False,False,False,False,False,False,True,False,0
0,0,0,0,1.6071133660414583,1,1,1.583412538946107,2.5906958514775624,False,True,True,False,False,True,False,True,False,True,False,True,False,True,False,True,False,True,True,False,False,0
1,0,1,0,1.200349648410392,0,1,-0.8542191950252287,0.019986453783690347,True,False,False,False,False,False,False,False,False,False,False,True,False,True,False,False,False,True,False,False,False,0
1,0,1,0,1.6071133660414583,1,0,-1.3037350130863834,-0.2551009433154608,False,True,False,True,True,False,True,False,True,False,True,False,True,False,True,False,False,True,False,False,True,0
0,0,0,0,-1.1588799138497925,0,1,-1.341745541819496,-0.9641024327505647,True,False,False,False,False,False,False,False,False,False,False,False,False,False,False,False,False,False,False,False,True,1
0,0,0,0,1.2817023919366053,1,1,1.1636440911978225,1.7396394145818719,False,True,True,False,False,False,False,False,False,True,False,False,False,True,False,True,True,False,True,False,False,1
0,0,0,0,-1.1995562856128992,1,1,0.3274124590693509,-0.9017352397764455,False,False,True,False,False,False,False,False,False,True,False,False,False,False,False,False,False,False,False,False,True,0
1,0,0,0,-0.26399973506144675,1,0,-0.6410297077829897,-0.4648575532653762,False,False,False,False,False,False,False,False,False,False,False,False,False,False,False,False,False,False,False,True,False,0
1,0,0,0,-1.2809090291391125,1,0,-1.4673455498071712,-0.9972946875118701,False,False,False,True,True,False,True,False,True,False,True,False,True,False,True,False,False,True,False,False,True,0
0,0,0,0,-0.8741453115080462,1,0,-1.4822192349636067,-0.9132164231363415,False,False,False,True,True,False,True,False,True,False,True,False,True,False,True,False,True,False,False,False,True,0
0,0,1,1,-0.42670522211387324,1,0,-0.3204191610776075,-0.47675583506473307,False,False,False,False,False,False,False,True,False,False,False,True,False,False,False,False,False,False,False,True,False,1
0,0,1,0,0.06141123904340631,1,1,1.1768651446702096,0.49293217903340036,False,True,True,False,False,False,False,False,False,True,False,False,False,True,False,True,False,False,False,True,False,0
0,0,1,1,-0.34535247858766,1,0,0.4480545720048816,-0.201756248163363,False,True,False,False,False,True,False,True,False,False,False,False,False,True,False,True,True,False,False,True,False,0
1,0,0,0,0.3054694696220461,1,1,-1.3301771200311572,-0.5786595695898515,False,True,False,True,True,False,True,False,True,False,True,False,True,False,True,False,False,True,False,False,True,0
0,0,1,1,-0.3860288503507666,1,1,-1.4937876567519452,-0.8080198061944268,False,False,False,True,True,False,True,False,True,False,True,False,True,False,True,False,False,True,False,False,True,0
0,0,1,0,1.5664369942783516,1,0,0.5620861582042183,1.5948403984406219,False,False,False,False,False,True,False,False,False,True,False,True,False,True,False,True,False,True,False,False,False,0
1,0,1,0,-0.01994150448280695,1,1,0.4761493106337036,0.14366711735855425,False,True,True,False,False,False,False,False,False,False,False,True,False,False,False,False,True,False,False,True,False,0
1,0,0,0,-1.2809090291391125,1,1,0.1489282371921275,-0.9758250941543591,False,False,True,False,False,False,False,False,False,False,False,False,False,False,False,False,False,False,False,True,False,1
0,1,0,0,-0.5080579656400865,1,0,0.5240756294711062,-0.29755717394268594,False,False,True,False,False,False,False,False,False,False,False,False,False,True,False,False,False,False,False,False,False,0
1,1,1,0,0.14276398256961956,1,0,-0.355124426442623,-0.13131051699337054,False,False,False,False,False,False,False,False,False,True,False,True,False,False,False,False,True,False,True,False,False,0
0,0,0,0,-0.26399973506144675,1,1,0.3340229858055444,-0.2006366681416523,False,True,True,False,False,False,False,False,False,False,False,False,False,False,False,False,False,False,False,False,False,1
1,0,0,0,-0.26399973506144675,1,0,0.8248545959679081,0.019042494157542274,False,False,True,False,False,False,False,True,False,True,False,False,False,True,False,False,False,False,False,True,False,1
1,0,1,1,1.4850842507521385,1,0,0.7290019582931033,1.7132524501486122,False,True,False,False,False,True,False,False,False,True,False,True,False,True,False,True,False,True,False,False,False,0
0,0,1,0,-0.8334689397449395,1,0,-0.6261560226265547,-0.7841354323979319,False,False,False,False,False,False,False,False,False,False,False,False,False,False,False,False,False,False,False,False,False,0
0,0,0,0,0.1834403543327262,1,1,-1.4888297616998003,-0.7011108903957781,False,False,False,True,True,False,True,False,True,False,True,False,True,False,True,False,True,False,False,True,False,0
0,0,0,0,1.4444078789890318,1,0,-0.34355600465428443,0.6128370041036711,False,True,False,False,False,True,False,False,False,False,False,False,False,False,False,False,False,False,False,False,True,0
0,1,1,0,0.22411672609583283,1,1,0.6149703720937661,0.37548603950100395,False,False,True,False,False,True,False,False,False,False,False,False,False,False,False,True,False,False,False,True,False,0
1,0,1,1,1.4444078789890318,1,1,1.3355177863388523,2.143105320837183,False,False,True,False,False,True,False,True,False,True,False,False,False,True,False,True,False,True,False,False,False,0
0,0,0,1,-1.2809090291391125,1,0,0.4563177304251234,-0.9717419199575318,False,False,True,False,False,False,False,False,False,False,False,False,False,False,False,True,False,False,False,True,False,1
0,0,1,1,1.6071133660414583,1,1,1.7437178122987977,2.641757481487348,False,True,True,False,False,True,False,True,False,True,False,True,False,True,False,True,False,True,False,False,False,0
0,0,1,1,-1.1588799138497925,1,1,0.2943598253883836,-0.8633841358954929,False,False,True,False,False,False,False,False,False,True,False,False,False,False,False,False,False,False,False,True,False,1
1,0,1,1,1.4850842507521385,1,0,-1.3351350150833023,-0.25189587109644584,False,True,False,True,True,False,True,False,True,False,True,False,True,False,True,False,False,True,False,False,False,0
1,1,1,0,-0.6300870809294065,1,0,0.5505177364158799,-0.42268670578094003,False,False,True,False,False,False,False,False,False,False,False,False,False,False,False,True,False,False,False,False,False,1
1,0,1,1,-0.670763452692513,1,0,-1.4772613399114616,-0.856403225171885,False,False,False,True,True,False,True,False,True,False,True,False,True,False,True,False,False,False,False,True,False,0
1,1,1,0,0.5088513284375793,1,1,1.119023035728517,0.9807836853564742,False,True,True,False,False,False,False,True,False,True,False,True,False,True,False,False,True,False,False,False,False,0
1,0,1,0,1.6071133660414583,1,1,0.7884966989188442,1.7604943365549142,False,True,False,False,False,True,False,True,False,True,False,True,False,True,False,True,False,True,True,False,False,0
1,0,1,0,0.9969677895948588,1,1,1.2628019922407243,1.5954331172756455,False,True,True,False,False,True,False,True,False,True,False,True,False,True,False,False,False,False,False,True,False,0
1,0,0,0,-1.118203542086686,1,0,0.34063351254173796,-0.8338799094409992,False,False,False,False,False,False,False,False,False,True,False,True,False,True,False,True,False,False,False,False,False,0
1,1,1,0,-1.118203542086686,1,1,0.4976335225263325,-0.855261692600729,False,True,True,False,False,False,False,False,False,True,False,False,False,False,False,False,False,False,False,False,False,1
0,1,1,0,1.4444078789890318,1,1,0.8182440692317146,1.6840555593863529,False,True,True,False,False,False,False,True,False,False,False,False,False,False,False,True,False,False,False,False,False,1
1,0,1,1,0.874938674305539,1,1,0.026633492572548996,0.5596898818965811,False,True,False,False,False,True,False,True,False,False,False,True,False,False,False,False,False,True,True,False,False,0
1,1,1,0,-0.8741453115080462,1,1,0.17702297582094995,-0.6397974197950336,False,False,True,False,False,False,False,False,False,False,False,False,False,False,False,False,False,False,False,True,False,0
0,0,1,0,1.4444078789890318,1,0,-1.2905139596139967,-0.16702731494088618,False,True,False,True,True,False,True,False,True,False,True,False,True,False,True,False,False,True,True,False,False,0
0,0,1,1,1.525760622515245,1,0,-1.3268718566630604,-0.2660772180381146,False,True,False,True,True,False,True,False,True,False,True,False,True,False,True,False,False,True,False,False,False,0
0,0,0,1,-0.26399973506144675,1,1,1.3421283130750459,0.18588186994188108,False,False,True,False,False,False,False,True,False,True,False,True,False,True,False,True,False,True,False,True,False,0
1,0,0,0,0.7935859307793257,1,1,0.6265387938821045,0.8954321731131175,False,False,True,False,False,False,False,False,False,True,False,False,False,False,False,True,False,False,True,False,False,0
1,0,0,0,-1.2809090291391125,1,0,-1.4822192349636067,-0.9974922604568779,False,False,False,True,True,False,True,False,True,False,True,False,True,False,True,False,False,False,False,False,True,1
0,0,1,1,1.4850842507521385,1,0,-1.502050815172187,-0.41522283896953543,False,False,False,True,True,False,True,False,True,False,True,False,True,False,True,False,False,True,False,False,True,0
0,0,0,0,-1.2402326573760059,1,0,-0.6740823414639571,-0.969963763452462,False,False,False,False,False,False,False,False,False,False,False,False,False,False,False,False,False,False,False,True,False,0
0,0,1,1,1.5664369942783516,1,0,1.1768651446702096,2.137200085036395,False,True,True,False,False,True,False,False,False,True,False,True,False,False,False,True,False,True,False,True,False,0
0,0,1,1,-1.1588799138497925,1,0,-1.4541244963347844,-0.9786569730328037,False,False,False,True,True,False,True,False,True,False,True,False,True,False,True,False,False,False,False,False,True,0
0,0,1,1,0.3054694696220461,1,1,-1.3235665932949638,-0.5563777319028642,False,True,False,True,True,False,True,False,True,False,True,False,True,False,True,False,False,True,False,False,True,0
0,0,0,0,-1.0775271703235794,1,0,0.8083282791274244,-0.752677429042806,False,False,True,False,False,False,False,False,False,False,False,False,False,True,False,True,False,False,False,True,False,1
1,0,1,1,-0.5487343374031931,1,0,1.1619914595137741,-0.17705963003739178,False,False,True,False,False,False,False,True,False,False,False,True,False,True,False,True,True,False,False,False,False,1
1,0,0,0,-1.0775271703235794,1,0,-0.48898759285054055,-0.8796729275839112,False,False,False,False,False,False,False,False,False,False,False,True,False,False,False,False,False,False,False,False,True,0
0,1,0,0,-0.6300870809294065,1,1,0.8033703840752796,-0.34905785494137787,False,False,True,False,False,False,False,True,False,True,False,False,False,True,False,False,False,False,False,True,False,1
1,0,1,1,0.3868222131482594,1,0,-0.03781914310533726,0.20697826995882168,False,False,False,False,False,True,False,False,False,False,False,True,False,False,False,True,True,False,True,False,False,0
0,0,1,1,0.3868222131482594,1,1,1.1752125129861613,0.8832485081709717,False,False,True,False,False,False,False,False,False,True,False,True,False,True,False,True,False,True,False,True,False,0
0,0,0,1,1.3630551354628184,1,1,0.8628651247010206,1.597321036527942,False,True,True,False,False,True,False,False,False,True,False,True,False,False,False,False,False,True,True,False,False,0
0,0,1,1,1.525760622515245,1,0,0.011759807416113634,0.9884012200139958,False,True,False,False,False,True,False,False,False,False,False,False,False,False,False,True,True,False,False,False,False,0
0,0,0,0,1.2817023919366053,1,1,0.7124756414526197,1.3830641539417385,False,True,False,False,False,True,False,True,False,True,False,True,False,True,False,True,False,True,True,False,False,0
0,0,0,0,0.02073486728029968,1,1,0.6116651087256691,0.20456348951983783,False,True,True,False,False,False,False,False,False,False,False,False,False,False,False,True,False,False,False,True,False,1
0,1,1,0,1.525760622515245,1,1,-1.497092920120042,-0.36435878190475746,False,False,False,True,True,False,True,False,True,False,True,False,True,False,True,False,False,True,True,False,False,0
1,0,0,1,-1.2809090291391125,1,1,-0.4939454879026856,-0.9843646358885838,False,False,False,False,False,False,False,True,False,False,False,False,False,False,False,False,False,False,False,True,False,0
1,0,0,0,-1.2809090291391125,1,1,0.66124405924712,-0.9690198038263137,False,False,True,False,False,False,False,False,False,True,False,False,False,True,False,False,False,False,False,True,False,1
1,0,1,1,1.5664369942783516,1,0,1.1801704080383062,2.117025692096157,False,True,True,False,False,False,False,True,False,False,False,False,False,True,False,True,True,False,False,False,False,0
0,0,1,0,-0.5487343374031931,1,1,0.8017177523912309,-0.2946594374159054,False,True,True,False,False,False,False,True,False,False,False,False,False,False,False,True,False,False,False,True,False,0
0,0,1,1,-0.01994150448280695,1,0,0.37864404127485,0.04927115474373099,False,False,False,False,False,True,False,True,False,True,False,True,False,False,False,True,False,False,False,False,False,0
1,0,0,0,-1.2809090291391125,1,1,-0.6790402365161023,-0.9868233214264582,False,False,False,False,False,False,False,False,False,False,False,False,False,False,False,False,False,False,False,False,True,0
1,0,1,0,-0.8741453115080462,1,1,0.5174651027349126,-0.6124884482850708,False,True,True,False,False,False,False,True,False,False,False,False,False,False,False,False,False,False,False,False,False,1
1,1,0,0,0.26479309785893945,1,0,0.8546019662807788,0.4923175076489317,False,True,True,False,False,False,False,True,False,False,False,False,False,False,False,True,False,False,False,True,False,0
1,0,0,0,1.3630551354628184,1,0,0.8116335424955214,1.6178905753581951,False,True,True,False,False,False,False,True,False,False,False,False,False,False,False,True,False,False,True,False,False,0
0,0,1,0,-1.2402326573760059,1,1,0.6348019523023464,-0.9474184951721308,False,True,True,False,False,False,False,False,False,False,False,False,False,True,False,False,False,False,False,True,False,0
1,0,0,0,0.06141123904340631,1,0,1.6990967568294921,0.7056084780595417,False,True,True,False,False,True,False,True,False,True,False,True,False,True,False,True,True,False,True,False,False,0
0,0,1,1,-1.2402326573760059,1,1,0.22494929465835256,-0.9466721084909905,False,False,True,False,False,False,False,False,False,False,False,False,False,False,False,False,False,False,False,True,False,0
0,0,1,0,1.3223787636997117,1,0,0.20346508276572364,0.9194921673051748,False,False,False,False,False,True,False,True,False,True,False,False,False,False,False,True,False,True,False,False,False,0
0,1,1,0,0.9562914178317522,1,1,1.1834756714064032,1.4910706972126526,False,True,True,False,False,False,False,False,False,True,False,False,False,True,False,True,False,False,False,False,False,1
1,0,1,0,1.403731507225925,1,0,-1.29712448635019,-0.22261117013640533,False,True,False,True,True,False,True,False,True,False,True,False,True,False,True,False,False,True,True,False,False,0
1,0,1,1,0.4681749566744726,0,1,-0.3485138997064297,0.011051766159450138,True,False,False,False,False,False,False,False,False,True,False,True,False,True,False,True,True,False,False,True,False,0
0,0,0,0,0.874938674305539,1,1,1.1652967228818707,1.3825592453044961,False,True,True,False,False,False,False,False,False,False,False,True,False,True,False,True,False,False,False,True,False,1
0,0,0,0,-1.1995562856128992,1,0,-1.483871866647655,-0.980808322878444,False,False,False,True,True,False,True,False,True,False,True,False,True,False,True,False,False,False,False,False,True,0
0,0,0,1,0.3461458413851527,1,0,-0.6492928662032316,-0.19758526376875452,False,False,False,False,False,False,False,False,False,False,False,False,False,False,False,False,False,False,False,False,False,0
0,1,1,0,0.9156150460686455,1,1,0.6810756394557007,1.1339685753858315,False,True,True,False,False,False,False,True,False,True,False,False,False,False,False,False,False,False,False,True,False,1
0,0,0,0,-1.2809090291391125,1,0,-0.6509454978872801,-0.9864501280858881,False,False,False,False,False,False,False,False,False,False,False,False,False,False,False,False,False,False,False,True,False,1
1,0,1,1,0.9969677895948588,1,1,0.3125387739129155,0.7579872610360459,False,True,True,False,False,False,False,False,False,False,False,False,False,False,False,False,False,False,False,True,False,0
0,1,0,0,-1.1588799138497925,1,1,0.46292825716131647,-0.8777191506832789,False,False,True,False,False,False,False,False,False,False,False,False,False,True,False,False,False,False,False,True,False,1
0,0,0,0,-0.06061787624591358,1,1,0.37038088285460824,-0.02815548714986936,False,True,True,False,False,False,False,False,False,False,False,False,False,False,False,False,False,False,False,True,False,0
1,0,0,0,-0.6300870809294065,1,1,0.8628651247010206,-0.2984352759204983,False,False,True,False,False,False,False,True,False,True,False,False,False,False,False,True,False,False,True,False,False,0
0,0,0,0,-0.2233233632983401,1,1,-1.4739560765433648,-0.7699760380057085,False,False,False,True,True,False,True,False,True,False,True,False,True,False,True,False,False,True,False,False,False,0
0,1,1,0,0.1834403543327262,1,0,0.8314651227041017,0.4740968916093263,False,False,True,False,False,False,False,False,False,True,False,True,False,True,False,False,False,False,False,True,False,0
1,0,0,1,-0.10129424800902022,0,1,-0.6724297097799088,-0.4320823969435318,True,False,False,False,False,False,False,False,False,False,False,False,False,True,False,True,False,False,False,True,False,0
1,0,1,0,-1.1995562856128992,0,1,-0.9814718346969526,-0.962477944091612,True,False,False,False,False,False,False,False,False,False,False,False,False,False,False,True,False,False,False,True,False,1
0,0,1,0,-0.14197061977212685,1,1,-1.497092920120042,-0.7771764742237695,False,False,False,True,True,False,True,False,True,False,True,False,True,False,True,False,False,True,False,False,True,0
1,0,1,0,0.7935859307793257,1,1,1.3702230517038678,1.40279949589307,False,False,True,False,False,True,False,True,False,True,False,True,False,True,False,True,False,True,False,True,False,0
0,0,0,0,-1.2402326573760059,1,1,0.5158124710508644,-0.9460793896559672,False,False,True,False,False,True,False,False,False,True,False,False,False,False,False,False,False,False,False,True,False,0
1,0,1,0,0.5088513284375793,1,0,0.4612756254772682,0.5732126523548907,False,False,False,False,False,True,False,True,False,True,False,False,False,True,False,True,True,False,False,False,False,0
0,0,0,0,1.0783205331210721,1,1,0.6083598453575726,1.1666339689604497,False,True,True,False,False,False,False,True,False,True,False,False,False,False,False,False,False,False,False,True,False,0
0,0,0,0,1.200349648410392,1,1,0.008454544048016627,0.6826461113397497,False,False,False,False,False,True,False,False,False,False,False,True,False,False,False,True,False,True,False,False,True,0
1,0,0,0,1.403731507225925,1,0,0.02332822920445199,0.9086695604286383,False,False,False,False,False,True,False,False,False,True,False,False,False,False,False,True,False,True,False,False,False,0
0,0,1,0,1.2817023919366053,1,1,0.11422297182711195,0.9162431899872695,False,False,False,False,False,False,False,True,False,True,False,True,False,False,False,True,False,True,False,False,True,0
0,0,0,0,-0.9554980550342594,1,0,-1.4739560765433648,-0.9245439386501202,False,False,False,True,True,False,True,False,True,False,True,False,True,False,True,False,False,False,False,False,True,0
0,0,0,0,0.427498584911366,1,0,-0.31050337097331715,0.06687709939886775,False,False,False,False,False,False,False,True,False,False,False,True,False,False,False,False,True,False,False,True,False,0
1,0,0,0,-0.5487343374031931,1,1,-0.10888230551941705,-0.5263027391627926,False,False,False,False,False,False,False,False,False,False,False,True,False,True,False,False,False,False,True,False,False,0
1,0,1,0,-1.0368507985604727,0,0,-1.0128718366938714,-0.8936127964816817,True,False,False,False,False,True,False,True,False,False,False,False,False,False,False,False,False,False,False,False,True,0
1,0,0,1,1.5664369942783516,1,1,0.3984756214834307,1.4184736161970197,False,False,False,False,False,True,False,True,False,True,False,True,False,True,False,False,False,True,True,False,False,0
1,0,0,0,-0.42670522211387324,1,0,-0.32207179276165576,-0.4560765334872531,False,False,False,False,False,True,False,False,False,False,False,True,False,False,False,False,False,False,False,False,True,0
1,0,0,0,-1.0368507985604727,1,1,0.3323703541214962,-0.7908968176270867,False,False,True,False,False,False,False,False,False,True,False,False,False,False,False,False,False,False,False,True,False,0
0,0,1,1,-0.8741453115080462,1,1,0.0497703361492257,-0.6810243076533216,False,True,False,False,False,False,False,False,False,False,False,True,False,False,False,True,False,False,False,True,False,1
1,0,0,0,0.752909559016219,1,1,0.9901177643727443,1.1176797836974133,False,True,True,False,False,True,False,True,False,False,False,False,False,True,False,False,True,False,False,True,False,1
1,0,1,1,-0.9554980550342594,1,0,-1.4954402884359934,-0.919604615024926,False,False,False,True,True,False,True,False,True,False,True,False,True,False,True,False,False,True,False,False,True,0
1,0,0,0,-0.670763452692513,1,0,-1.4822192349636067,-0.885226922593574,False,False,False,True,True,False,True,False,True,False,True,False,True,False,True,False,False,False,False,False,True,0
0,0,1,0,0.1834403543327262,1,1,1.1355493525690006,0.6421875627120476,False,True,True,False,False,True,False,False,False,True,False,True,False,False,False,True,True,False,False,True,False,1
0,0,0,0,-0.8334689397449395,1,1,-1.5037034468562354,-0.9099674458184359,False,False,False,True,True,False,True,False,True,False,True,False,True,False,True,False,True,False,False,False,False,0
1,0,1,1,-0.10129424800902022,1,1,-0.34355600465428443,-0.3087529741597929,False,True,False,False,False,True,False,False,False,False,False,False,False,False,False,False,False,False,False,False,False,0
0,0,0,0,-1.1588799138497925,1,1,-0.645987602835135,-0.9198021879699338,False,False,False,False,False,False,False,False,False,False,False,False,False,False,False,False,False,False,False,False,True,1
1,0,0,0,-1.2809090291391125,1,0,-1.4756087082274132,-0.9974044502590967,False,False,False,True,True,False,True,False,True,False,True,False,True,False,True,False,False,False,False,False,True,0
0,0,1,1,1.200349648410392,1,1,0.18528613424119175,0.8818435450064721,False,True,False,False,False,False,False,False,False,False,False,False,False,True,False,True,False,False,True,False,False,0
0,0,1,0,-0.9554980550342594,1,0,0.8132861741795697,-0.6317188815991603,False,False,True,False,False,False,False,False,False,False,False,False,False,True,False,True,False,False,False,True,False,1
0,0,1,0,1.5664369942783516,1,0,0.8083282791274244,1.7986698200403042,False,True,False,False,False,True,False,True,False,True,False,True,False,True,False,True,False,True,True,False,False,0
0,0,0,0,-1.2809090291391125,1,1,0.9587177623758254,-0.9650683449261583,False,True,True,False,False,False,False,False,False,False,False,False,False,True,False,True,False,False,False,True,False,1
1,0,1,1,1.3630551354628184,1,1,-1.2938192229820933,-0.25349840720595335,False,True,False,True,True,False,True,False,True,False,True,False,True,False,True,False,True,False,True,False,False,0
0,0,0,0,-0.7114398244556197,1,0,-1.4954402884359934,-0.8748214141564982,False,False,False,True,True,False,True,False,True,False,True,False,True,False,True,False,False,False,False,False,True,0
0,0,1,0,-0.5080579656400865,1,1,0.16380192234856286,-0.32998108947340554,False,False,True,False,False,False,False,False,False,False,False,False,False,False,False,False,False,False,False,False,False,0
0,0,0,0,-0.9554980550342594,1,0,-0.6509454978872801,-0.8234304959050328,False,False,False,False,False,False,False,False,False,False,False,False,False,False,False,False,False,False,False,True,False,1
1,0,1,1,-0.792792567981833,1,1,0.2629598233914646,-0.5979339080028317,False,True,False,False,False,False,False,True,False,True,False,True,False,True,False,False,False,False,False,True,False,0
1,0,0,0,-1.2402326573760059,1,1,0.5670440532563635,-0.9252025151334794,False,True,True,False,False,False,False,True,False,False,False,False,False,False,False,False,False,False,False,True,False,1
1,1,0,0,0.7122331872531124,1,1,0.18198087087309475,0.5104722660402011,False,True,False,False,False,True,False,True,False,False,False,False,False,True,False,False,False,False,False,False,False,0
0,0,1,1,1.4444078789890318,1,1,0.44970720368892986,1.3353393114476395,False,True,False,False,False,True,False,True,False,True,False,True,False,False,False,True,True,False,False,True,False,0
1,0,0,0,-0.3860288503507666,1,1,1.2958546259216916,0.0782265674620918,False,True,True,False,False,False,False,False,False,True,False,True,False,True,False,True,False,False,False,False,True,1
1,0,1,1,-0.30467610682455337,1,0,-1.4954402884359934,-0.8257574661462354,False,False,False,True,True,False,True,False,True,False,True,False,True,False,True,False,True,False,False,True,False,0
0,0,1,1,1.525760622515245,1,0,0.5240756294711062,1.460293222890331,False,True,False,False,False,True,False,True,False,True,False,True,False,True,False,False,False,True,False,True,False,0
0,0,1,1,-0.792792567981833,1,1,-0.05599809162986939,-0.6476564324964538,False,False,False,False,False,True,False,False,False,True,False,False,False,False,False,True,False,False,False,False,True,0
1,0,0,0,-0.9148216832711529,1,1,-0.6377244444148933,-0.829511352101383,False,False,False,False,False,False,False,False,False,False,False,False,False,False,False,False,False,False,False,True,False,1
0,0,1,0,-0.30467610682455337,0,1,-1.019482363430065,-0.631762786698051,True,False,False,False,False,False,False,False,False,False,False,False,False,True,False,False,False,False,False,False,False,1
0,0,1,0,1.6071133660414583,1,1,1.3272546279186106,2.3260359153649324,False,True,True,False,False,True,False,False,False,True,False,False,False,True,False,True,False,True,True,False,False,0
1,0,1,0,-0.9961744267973661,1,0,-1.4739560765433648,-0.9367495561417114,False,False,False,True,True,False,True,False,True,False,True,False,True,False,True,False,False,False,False,False,True,0
1,0,0,0,-0.9554980550342594,1,0,0.35550719769817285,-0.7158190985241343,False,False,True,False,False,True,False,False,False,False,False,False,False,False,False,False,False,False,False,True,False,0
1,0,0,0,1.6071133660414583,1,0,-1.5053560785402837,-0.3851039411305732,False,False,False,True,True,False,True,False,True,False,True,False,True,False,True,False,False,True,False,False,False,0
0,0,1,1,-0.30467610682455337,1,0,-1.47891397159551,-0.7928725470771645,False,False,False,True,True,False,True,False,True,False,True,False,True,False,True,False,False,True,False,False,True,0
0,0,1,1,0.1834403543327262,1,0,-1.5037034468562354,-0.7060721665704176,False,False,False,True,True,False,True,False,True,False,True,False,True,False,True,False,False,False,False,True,False,0
1,0,1,1,-0.26399973506144675,1,1,-1.4805666032795584,-0.7841573849473772,False,False,False,True,True,False,True,False,True,False,True,False,True,False,True,False,True,False,False,False,False,0
0,0,0,0,-0.9148216832711529,1,1,1.119023035728517,-0.5789669052820858,False,True,True,False,False,True,False,False,False,False,False,False,False,True,False,True,False,False,False,True,False,1
1,0,0,0,0.1834403543327262,1,0,1.1223282990966135,0.5196703842577852,False,True,True,False,False,False,False,False,False,False,False,True,False,True,False,True,False,False,False,False,False,1
1,1,1,0,1.403731507225925,1,0,1.2578440971885794,2.0625614169223487,False,True,True,False,False,False,False,True,False,False,False,True,False,True,False,True,False,True,False,False,False,0
1,1,0,0,-0.9554980550342594,1,1,0.30427561549267373,-0.7083991368116203,False,True,True,False,False,False,False,False,False,False,False,False,False,False,False,False,False,False,False,True,False,0
0,0,1,1,1.5664369942783516,1,0,-1.4921350250678969,-0.3846429375922218,False,False,False,True,True,False,True,False,True,False,True,False,True,False,True,False,False,True,True,False,False,0
0,0,0,0,-1.0368507985604727,1,1,0.34724403927793107,-0.7583631393491407,False,True,True,False,False,False,False,False,False,False,False,False,False,False,False,False,False,False,False,True,False,0
0,1,0,0,-1.118203542086686,1,1,0.13901244708783742,-0.8664355402683906,False,False,True,False,False,False,False,False,False,False,False,False,False,False,False,False,False,False,False,False,True,1
1,1,1,0,1.5664369942783516,1,0,-1.3219139616109155,-0.1716373503244008,False,True,False,True,True,False,True,False,True,False,True,False,True,False,True,False,False,True,False,False,False,0
0,0,1,1,-0.10129424800902022,1,0,-1.497092920120042,-0.7391107534856057,False,False,False,True,True,False,True,False,True,False,True,False,True,False,True,False,True,False,False,False,False,0
0,0,0,0,1.6071133660414583,1,1,0.6562861641949752,1.7093229437979018,False,True,True,False,False,True,False,False,False,False,False,True,False,False,False,False,False,True,False,False,False,0
0,0,0,1,1.2410260201734986,1,0,-1.4987455518040902,-0.47278242361513234,False,False,False,True,True,False,True,False,True,False,True,False,True,False,True,False,False,True,True,False,False,0
0,0,0,0,-0.7521161962187263,1,1,0.7091703780845227,-0.4877760148862775,False,False,True,False,False,False,False,True,False,False,False,False,False,False,False,True,False,False,False,True,False,1
0,0,1,0,1.1189969048841788,1,1,1.5189599032682206,1.9093326217941007,False,True,True,False,False,False,False,True,False,True,False,True,False,True,False,True,False,True,True,False,False,0
1,0,0,0,-1.2809090291391125,1,0,0.4877177324220419,-0.9713248215180711,False,False,True,False,False,False,False,False,False,False,False,False,False,False,False,True,False,False,False,True,False,1
0,0,1,1,1.4850842507521385,0,1,-0.3270296878138008,0.6500465754134678,True,False,False,False,False,False,False,True,False,True,False,False,False,True,False,True,False,True,True,False,False,0
0,0,0,0,-0.9554980550342594,1,1,-1.4673455498071712,-0.9414913068218977,False,False,False,True,True,False,True,False,True,False,True,False,True,False,True,False,False,False,True,False,False,0
1,0,0,1,-1.2809090291391125,1,1,0.18528613424119175,-0.9753421380665624,False,False,True,False,False,False,False,False,False,False,False,False,False,False,False,False,False,False,False,False,True,1
0,0,0,0,-1.1588799138497925,0,1,-1.0310507852184037,-0.9457501014142875,True,False,False,False,False,True,False,True,False,False,False,False,False,False,False,False,False,False,False,True,False,1
1,0,0,0,-0.9961744267973661,1,0,-0.7038297117768277,-0.8590155785558766,False,False,False,False,False,False,False,False,False,False,False,False,False,False,False,False,False,False,False,False,True,0
0,0,1,1,-0.30467610682455337,1,0,-1.4805666032795584,-0.7779228609049099,False,False,False,True,True,False,True,False,True,False,True,False,True,False,True,False,True,False,False,False,True,0
0,0,1,0,1.5664369942783516,1,1,-1.3367876467673507,-0.24873470397632153,False,True,False,True,True,False,True,False,True,False,True,False,True,False,True,False,False,True,True,False,False,0
0,0,0,0,0.9562914178317522,1,1,1.3867493685443515,1.5904498885515603,False,True,True,False,False,False,False,True,False,True,False,False,False,True,False,True,True,False,False,True,False,0
1,0,1,0,-0.42670522211387324,1,0,1.0264756614218087,-0.02501627257919051,False,True,True,False,False,True,False,False,False,False,False,True,False,True,False,False,False,False,True,False,False,0
1,0,0,0,-1.1588799138497925,1,1,0.9934230277408413,-0.8479734461848869,False,False,True,False,False,True,False,True,False,False,False,True,False,False,False,True,False,False,False,False,True,0
1,0,0,0,0.3461458413851527,1,1,0.8165914375476663,0.6312771456377296,False,False,True,False,False,False,False,True,False,False,False,True,False,True,False,False,True,False,False,True,False,0
0,0,1,1,0.10208761080651294,1,1,-1.292166591298045,-0.6187888299758741,False,True,False,True,True,False,True,False,True,False,True,False,True,False,True,False,False,False,False,True,False,0
0,0,0,0,1.525760622515245,1,0,1.1256335624647105,1.996220812498629,False,True,True,False,False,False,False,True,False,False,False,False,False,True,False,True,True,False,False,True,False,0
1,0,0,0,-0.9148216832711529,1,1,0.30758087886077073,-0.6498516874409845,False,True,True,False,False,False,False,False,False,False,False,False,False,False,False,False,False,False,False,False,True,1
1,0,1,0,1.4444078789890318,1,1,0.8579072296488753,1.7609992451921566,False,True,False,False,False,True,False,True,False,True,False,True,False,True,False,True,False,True,True,False,False,0
1,0,1,1,0.874938674305539,1,1,0.49928615421038075,0.9088890859230914,False,False,True,False,False,False,False,True,False,False,False,True,False,False,False,False,False,True,False,False,False,0
0,0,1,1,-0.7114398244556197,1,1,-1.3086929081385286,-0.8329139972654058,False,True,False,True,True,False,True,False,True,False,True,False,True,False,True,False,False,False,False,True,False,0
0,1,0,0,-0.42670522211387324,1,1,0.3158440372810125,-0.2631355764124435,False,True,True,False,False,False,False,False,False,False,False,False,False,False,False,False,False,False,False,False,False,1
0,0,1,0,0.8342623025424323,1,1,0.9917703960567926,1.189069474493554,False,False,True,False,False,False,False,False,False,True,False,False,False,True,False,True,True,False,False,False,False,1
0,0,1,1,-1.1588799138497925,1,0,-0.4807244344302987,-0.9109553105434748,False,False,False,False,False,True,False,False,False,False,False,False,False,False,False,False,False,False,False,True,False,0
1,0,1,1,-0.3860288503507666,1,0,-1.3384402784513991,-0.7698443227090366,False,True,False,True,True,False,True,False,True,False,True,False,True,False,True,False,True,False,False,False,True,0
1,0,1,0,1.6071133660414583,1,1,1.6280335944154125,2.5440686364557283,False,True,True,False,False,True,False,True,False,True,False,True,False,True,False,True,False,True,True,False,False,0
1,0,1,1,-0.01994150448280695,1,0,-1.5169245003286222,-0.7367179255960672,False,False,False,True,True,False,True,False,True,False,True,False,True,False,True,False,False,True,False,False,True,0
1,0,1,0,-0.6300870809294065,1,1,0.5174651027349126,-0.4193060131663626,False,True,True,False,False,False,False,True,False,False,False,False,False,False,False,False,False,False,False,False,False,0
1,0,1,0,0.3054694696220461,1,1,0.500938785894429,0.38496954086137686,False,False,True,False,False,False,False,True,False,True,False,False,False,False,False,False,False,False,False,True,False,0
0,0,0,0,0.5088513284375793,1,1,-0.0758296718384498,0.22151085769161535,False,False,False,False,False,True,False,True,False,False,False,True,False,False,False,False,True,False,True,False,False,0
1,0,0,0,-0.5894107091662998,0,1,-1.0360086802705486,-0.7428426868913081,True,False,False,False,False,False,False,True,False,True,False,False,False,False,False,False,False,False,True,False,False,1
1,1,1,0,-0.10129424800902022,1,1,1.3503914714952878,0.39069915626660223,False,True,True,False,False,True,False,True,False,True,False,True,False,True,False,False,False,False,False,False,False,0
1,0,0,0,-1.2809090291391125,1,1,-0.3171138977095107,-0.9820157130979359,False,False,False,False,False,False,False,False,False,False,False,False,False,False,False,True,False,False,False,True,False,0
1,0,0,0,0.7935859307793257,1,1,0.8132861741795697,1.0035923842301488,False,True,True,False,False,False,False,False,False,True,False,False,False,False,False,True,False,True,True,False,False,0
1,0,1,0,0.3054694696220461,1,1,1.066138821838969,0.6212667830906693,False,True,True,False,False,False,False,False,False,False,False,False,False,True,False,True,False,False,False,False,False,1
1,0,1,1,-0.7114398244556197,1,1,-1.4822192349636067,-0.8798046428805831,False,False,False,True,True,False,True,False,True,False,True,False,True,False,True,False,False,False,False,True,False,1
1,0,1,0,1.6071133660414583,1,1,0.4794545740018001,1.5196968216893338,False,False,False,False,False,True,False,True,False,False,False,True,False,True,False,True,False,True,False,False,False,0
1,0,0,0,0.3461458413851527,1,0,0.005149280679920088,0.10531601347760168,False,True,False,False,False,False,False,False,False,True,False,False,False,False,False,True,True,False,False,False,True,0
1,0,1,0,0.5902040719637925,1,0,0.28940193033623834,0.540349685835265,False,False,False,False,False,False,False,True,False,True,False,False,False,True,False,True,False,True,False,True,False,0
1,0,0,0,-1.1588799138497925,1,0,-0.477419171062202,-0.9155653459269895,False,True,False,False,False,False,False,False,False,False,False,False,False,False,False,False,False,False,False,False,True,1
1,0,1,1,1.6071133660414583,1,1,-1.3136508031906735,-0.22002076930185907,False,True,False,True,True,False,True,False,True,False,True,False,True,False,True,False,False,True,True,False,False,0
1,0,1,1,0.752909559016219,1,1,-1.3516613319237858,-0.47223360987899965,False,True,False,True,True,False,True,False,True,False,True,False,True,False,True,False,True,False,False,False,True,0
1,0,1,0,-1.1588799138497925,1,1,0.32410719570125435,-0.8739433121786858,False,True,True,False,False,False,False,False,False,False,False,False,False,False,False,False,False,False,False,True,False,1
1,0,1,1,0.427498584911366,1,1,0.23321245307859437,0.3869891754103451,False,True,False,False,False,True,False,False,False,False,False,True,False,False,False,True,True,False,True,False,False,0
0,0,0,1,1.403731507225925,1,1,1.2942019942376433,2.0842285832248675,False,True,True,False,False,False,False,True,False,False,False,True,False,True,False,True,False,True,False,True,False,0
0,0,1,0,-0.30467610682455337,1,0,-0.355124426442623,-0.4034562724668505,False,True,False,False,False,False,False,True,False,False,False,False,False,False,False,False,False,False,False,True,False,0
1,0,1,0,-0.9554980550342594,1,1,0.9917703960567926,-0.6152544695151796,False,False,True,False,False,False,False,True,False,True,False,True,False,True,False,False,False,False,False,False,True,1
0,0,0,0,-0.9554980550342594,1,0,1.1058019822561298,-0.6008096919801671,False,True,True,False,False,False,False,False,False,True,False,False,False,True,False,True,False,False,True,False,False,1
1,0,1,1,-0.5487343374031931,1,0,-1.4855244983317035,-0.8492247415032693,False,False,False,True,True,False,True,False,True,False,True,False,True,False,True,False,True,False,False,False,True,0
0,1,1,0,-0.3860288503507666,1,1,1.0000335544770345,0.014981272510160343,False,False,True,False,False,True,False,False,False,False,False,False,False,True,False,True,False,False,False,True,False,0
0,0,1,0,1.4444078789890318,1,1,0.4877177324220419,1.4154441643735673,False,False,False,False,False,True,False,True,False,False,False,True,False,True,False,True,False,True,False,False,False,0
1,0,0,0,1.5664369942783516,1,1,0.46953878389751,1.431557335666423,False,True,True,False,False,False,False,True,False,False,False,False,False,False,False,False,True,False,True,False,False,0
1,0,0,1,-0.3860288503507666,0,0,-0.7996823494516327,-0.59031637334531,True,False,False,False,False,True,False,True,False,False,False,True,False,False,False,False,True,False,False,False,False,0
0,0,1,0,0.7122331872531124,1,1,1.3074230477100304,1.291236639612016,False,True,True,False,False,True,False,False,False,True,False,False,False,True,False,True,True,False,False,False,True,0
0,0,0,0,-0.3860288503507666,1,0,0.6067072136735243,-0.11398995548102271,False,False,True,False,False,False,False,True,False,True,False,True,False,False,False,False,False,False,False,False,False,0
0,0,1,0,1.6071133660414583,1,0,0.7670124870262154,1.8566904082242528,False,True,False,False,False,True,False,True,False,True,False,True,False,True,False,True,False,True,False,False,False,0
1,0,1,0,0.10208761080651294,1,1,0.13735981540378914,0.06575751937715697,False,True,False,False,False,False,False,True,False,False,False,True,False,True,False,False,True,False,False,True,False,0
0,0,0,0,0.9562914178317522,1,1,1.380138841808158,1.5814712958284296,False,True,True,False,False,True,False,True,False,False,False,False,False,True,False,True,False,False,True,False,False,0
1,0,0,0,-0.2233233632983401,1,1,1.1785177763542578,0.16750758605615834,False,True,True,False,False,False,False,False,False,True,False,False,False,True,False,True,True,False,False,False,False,0
1,0,0,1,0.8342623025424323,1,0,-1.4904823933838485,-0.544237972059609,False,False,False,True,True,False,True,False,True,False,True,False,True,False,True,False,False,True,False,False,False,1
0,1,1,0,-0.42670522211387324,1,1,-0.04277703815748254,-0.39959262376447635,False,True,False,False,False,True,False,True,False,False,False,True,False,False,False,False,False,False,False,False,True,0
1,0,1,0,1.6071133660414583,1,1,0.8397282811243434,1.7902400410533061,False,True,False,False,False,True,False,True,False,True,False,True,False,True,False,True,False,True,True,False,False,0
0,1,0,0,1.0783205331210721,1,1,1.1454651426732907,1.5797370444222505,False,True,True,False,False,False,False,False,False,True,False,False,False,True,False,True,True,False,False,True,False,0
1,0,1,1,-0.6300870809294065,0,0,-0.6740823414639571,-0.6584790393729905,True,False,False,False,False,True,False,False,False,True,False,False,False,True,False,False,True,False,True,False,False,0
0,1,0,0,0.4681749566744726,1,1,1.4859072695872533,1.1276681936950284,False,True,True,False,False,True,False,True,False,True,False,False,False,True,False,True,True,False,True,False,False,0
0,1,0,0,-0.9148216832711529,0,1,-1.1632613199422726,-0.8783338220677475,True,False,False,False,False,False,False,False,False,False,False,True,False,False,False,False,False,False,False,True,False,1
0,0,0,0,-0.14197061977212685,1,1,0.36872825117055996,-0.03366557706064168,False,True,True,False,False,False,False,False,False,False,False,False,False,False,False,False,False,False,True,False,False,0
0,0,1,1,0.9969677895948588,1,1,0.6496756374587817,1.121104381410881,False,True,False,False,False,True,False,False,False,True,False,True,False,True,False,True,False,True,False,True,False,0
1,1,0,0,-1.1995562856128992,1,0,0.8661703880691172,-0.8793436393422317,False,True,True,False,False,False,False,False,False,True,False,False,False,True,False,False,False,False,False,True,False,1
1,1,0,0,0.874938674305539,1,0,0.013412439100161903,0.5435547580542799,False,False,False,False,False,False,False,False,False,True,False,True,False,False,False,True,True,False,False,False,False,0
0,0,1,0,1.5664369942783516,1,0,0.7637072236581188,1.7884399319987911,False,True,False,False,False,True,False,True,False,True,False,True,False,True,False,True,False,True,False,False,False,0
1,0,0,1,-0.8741453115080462,1,1,0.43483351853249447,-0.6322896478847384,False,True,True,False,False,False,False,False,False,True,False,False,False,False,False,False,False,False,False,False,True,0
1,0,0,0,1.2817023919366053,1,1,1.3487388398112394,2.024539601283076,False,True,True,False,False,False,False,True,False,False,False,True,False,True,False,True,True,False,True,False,False,1
1,0,0,0,-0.46738159387697986,1,1,0.5786124750447019,-0.1927776554402322,False,True,True,False,False,False,False,True,False,False,False,False,False,False,False,False,False,False,False,True,False,1
0,0,0,0,-1.2402326573760059,1,1,0.3654229878024634,-0.9433353209753037,False,True,True,False,False,False,False,False,False,False,False,False,False,False,False,False,False,False,False,True,False,1
0,0,1,1,0.874938674305539,1,1,-1.3252192249790122,-0.41700099547460534,False,True,False,True,True,False,True,False,True,False,True,False,True,False,True,False,True,False,False,False,False,0
1,0,1,0,0.02073486728029968,1,1,-0.6707770780958605,-0.36411730386085905,False,False,False,False,False,False,False,False,False,False,False,False,False,False,False,False,False,False,True,False,False,0
1,0,0,0,0.02073486728029968,1,0,0.5042440492625255,0.13670815918439175,False,True,True,False,False,True,False,False,False,False,False,False,False,False,False,False,True,False,False,False,False,0
1,0,1,1,1.5664369942783516,1,1,1.6924862300932986,2.636752300213818,False,True,True,False,False,True,False,True,False,True,False,True,False,True,False,True,False,True,False,False,False,0
1,0,0,0,-0.5894107091662998,1,1,0.5224229977870579,-0.3688151494421548,False,True,True,False,False,False,False,True,False,False,False,False,False,False,False,False,False,False,False,True,False,1
0,0,0,1,-0.792792567981833,1,0,-0.3766086383352517,-0.6909907651014913,False,False,False,False,False,False,False,False,False,True,False,True,False,False,False,False,False,False,False,False,True,0
1,1,1,0,-0.14197061977212685,1,1,1.1124125089923234,0.31270174808742385,False,True,True,False,False,False,False,False,False,True,False,False,False,True,False,True,False,False,False,True,False,1
1,0,1,1,1.6071133660414583,1,1,0.8512967029126818,1.822027332650112,False,True,False,False,False,True,False,True,False,True,False,True,False,True,False,True,False,True,True,False,False,0
0,1,0,0,-0.6300870809294065,1,1,0.9702861841641642,-0.3002134324255682,False,True,True,False,False,False,False,False,False,False,False,False,False,True,False,True,False,False,False,True,False,0
1,0,0,0,-0.9148216832711529,1,1,0.49598089084228375,-0.6166813852291246,False,False,True,False,False,True,False,False,False,True,False,False,False,False,False,False,False,False,False,False,True,0
1,0,1,1,1.5664369942783516,1,1,0.6595914275630718,1.6949440239112252,False,True,True,False,False,False,False,True,False,False,False,True,False,False,False,False,False,True,False,True,False,0
0,0,0,0,-0.6300870809294065,1,0,0.49598089084228375,-0.39715589077604724,False,False,False,False,False,True,False,True,False,False,False,True,False,True,False,True,True,False,True,False,False,0
1,0,0,1,-0.9961744267973661,0,0,-1.3004297497182866,-0.9117895074223965,True,False,False,False,False,False,False,False,False,False,False,False,False,False,False,False,False,False,False,False,True,1
1,0,0,0,0.4681749566744726,1,0,1.1801704080383062,0.9247388266226033,False,False,True,False,False,False,False,True,False,False,False,True,False,True,False,True,False,False,False,True,False,1
0,0,0,0,-1.2809090291391125,1,0,0.17371771245285295,-0.9754958059126795,False,False,True,False,False,False,False,False,False,False,False,False,False,False,False,False,False,False,False,True,False,0
1,0,0,1,1.5664369942783516,1,0,-1.3384402784513991,-0.27981951399087734,False,True,False,True,True,False,True,False,True,False,True,False,True,False,True,False,False,True,False,False,True,0
1,0,1,1,1.4444078789890318,1,1,1.1966967248787899,1.9663214401541196,False,True,True,False,False,False,False,True,False,False,False,False,False,True,False,True,True,False,True,False,False,0
0,0,0,0,1.2410260201734986,1,0,-0.20804020656231884,0.5319418593977121,False,False,False,False,False,False,False,False,False,True,False,False,False,False,False,True,True,False,True,False,False,0
0,0,1,0,0.5495277002006859,1,1,-1.3351350150833023,-0.538179068412704,False,True,False,True,True,False,True,False,True,False,True,False,True,False,True,False,True,False,False,False,False,0
0,0,0,0,-0.9554980550342594,1,1,-0.6823454998841989,-0.8291820638597035,False,False,False,False,False,False,False,False,False,False,False,False,False,False,False,False,False,False,False,False,False,1
1,0,0,0,-0.9148216832711529,1,1,-1.4822192349636067,-0.9190777538382386,False,False,False,True,True,False,True,False,True,False,True,False,True,False,True,False,False,False,True,False,False,0
1,0,1,1,-1.1588799138497925,0,0,-0.8690928801816641,-0.9377374208667503,True,False,False,False,False,True,False,False,False,False,False,False,False,True,False,False,False,False,True,False,False,0
0,0,0,0,-1.2809090291391125,1,1,-0.3336402145499943,-0.9822352385923889,False,False,False,False,False,False,False,False,False,False,False,False,False,False,False,True,False,False,False,False,True,1
0,0,0,0,-1.2402326573760059,1,0,0.15884402729641803,-0.9425450291952725,False,False,True,False,False,False,False,False,False,False,False,False,False,False,False,False,False,False,False,True,False,1
0,0,0,0,0.1834403543327262,1,0,0.5025914175784773,0.3192655603715708,False,False,True,False,False,False,False,True,False,True,False,False,False,False,False,False,True,False,False,True,False,0
0,0,1,0,-1.2402326573760059,1,1,-0.08905072531083666,-0.9566166133897148,False,False,False,False,False,True,False,False,False,False,False,False,False,False,False,True,False,False,False,False,True,0
0,0,1,1,0.02073486728029968,1,0,0.7851914355507472,0.26201331141820816,False,True,True,False,False,False,False,True,False,True,False,True,False,False,False,False,False,False,True,False,False,0
1,0,0,0,-1.2809090291391125,1,1,0.8066756474433762,-0.9670879794751266,False,False,True,False,False,False,False,False,False,False,False,False,False,True,False,True,False,False,False,True,False,0
0,0,0,0,-0.9148216832711529,1,1,0.5339914195753963,-0.6471076187603211,False,True,True,False,False,False,False,True,False,False,False,False,False,False,False,False,False,False,True,False,False,1
1,0,1,1,1.4444078789890318,1,0,1.352044103179336,2.208677586030317,False,False,True,False,False,False,False,True,False,True,False,True,False,True,False,True,True,False,True,False,False,0
0,1,1,0,0.26479309785893945,1,0,1.1322440892009036,0.6963445021936217,False,False,True,False,False,True,False,True,False,False,False,False,False,True,False,True,True,False,False,False,True,0
0,0,0,0,0.14276398256961956,0,0,-1.1169876327889185,-0.5117481988805536,True,False,False,False,False,True,False,False,False,False,False,False,False,False,False,False,False,True,False,False,False,0
0,0,0,0,-0.6300870809294065,1,1,0.1704124490847564,-0.5037794234319068,False,False,True,False,False,False,False,False,False,False,False,False,False,False,False,False,False,False,False,True,False,1
0,0,1,0,-1.0368507985604727,1,1,0.14397034213998267,-0.7966044804828668,False,False,True,False,False,False,False,False,False,False,False,False,False,False,False,False,False,False,False,False,False,0
0,1,1,1,1.1596732766472853,1,1,0.011759807416113634,0.7345858433273479,False,True,False,False,False,False,False,False,False,True,False,False,False,True,False,False,True,False,False,True,False,0
0,0,0,0,-0.01994150448280695,1,0,0.3274124590693509,-0.003941825111695085,False,True,False,False,False,True,False,False,False,False,False,False,False,True,False,True,True,False,False,False,True,0
0,0,1,1,-0.01994150448280695,1,1,0.7025598513483291,0.189591850798138,False,False,True,False,False,False,False,True,False,False,False,False,False,True,False,False,False,False,False,True,False,0
1,1,1,0,-0.8334689397449395,1,1,1.2066125149830798,-0.4712676977034061,False,True,True,False,False,False,False,True,False,False,False,False,False,True,False,True,False,False,False,True,False,1
1,0,1,0,-1.118203542086686,1,1,0.6794230077716524,-0.8301699285847424,False,True,True,False,False,False,False,True,False,False,False,True,False,False,False,False,False,False,False,True,False,1
0,0,0,0,0.6715568154900058,1,0,1.1834756714064032,1.1528697204582414,False,False,True,False,False,False,False,False,False,True,False,True,False,True,False,True,False,True,True,False,False,0
0,0,0,0,0.3868222131482594,1,1,1.3338651546548042,0.9258803591937594,False,True,True,False,False,True,False,False,False,True,False,False,False,True,False,True,False,False,False,True,False,1
0,0,1,0,-1.2402326573760059,1,0,-1.4871771300157517,-0.9834426288118809,False,False,False,True,True,False,True,False,True,False,True,False,True,False,True,False,False,False,False,False,False,0
1,0,0,1,-0.3860288503507666,1,0,-1.4888297616998003,-0.8019169974486312,False,False,False,True,True,False,True,False,True,False,True,False,True,False,True,False,True,False,False,False,True,0
0,0,1,1,0.26479309785893945,1,1,1.160338827829726,0.6478074153700464,False,True,True,False,False,False,False,False,False,False,False,True,False,True,False,True,False,False,True,False,False,0
0,1,1,0,-0.8334689397449395,1,1,1.0991914555199362,-0.5407914217966957,False,True,True,False,False,False,False,True,False,True,False,False,False,True,False,False,False,False,False,True,False,1
0,1,0,0,0.5088513284375793,1,1,1.0644861901549207,0.918987258667933,False,True,True,False,False,True,False,True,False,False,False,True,False,True,False,False,False,False,False,True,False,0
1,0,1,0,-0.5894107091662998,1,1,-0.6773876048320538,-0.6690601682056289,False,False,False,False,False,False,False,False,False,False,False,False,False,False,False,False,False,False,False,False,False,0
1,0,0,0,0.427498584911366,1,1,0.8529493345967305,0.6982543739953636,False,False,True,False,False,True,False,True,False,True,False,True,False,False,False,False,True,False,True,False,False,0
1,0,1,1,1.3630551354628184,1,1,-1.3070402764544802,-0.27202635893779314,False,True,False,True,True,False,True,False,True,False,True,False,True,False,True,False,False,True,True,False,False,0
1,0,0,0,-0.8334689397449395,0,1,-0.45924022253766983,-0.7403181437050977,True,False,False,False,False,True,False,True,False,False,False,True,False,True,False,False,False,False,False,False,False,0
1,0,1,1,1.4850842507521385,1,0,-1.4756087082274132,-0.40191959400567895,False,False,False,True,True,False,True,False,True,False,True,False,True,False,True,False,False,True,False,False,False,0
0,0,1,1,1.3630551354628184,1,0,0.8281598593360051,1.6099657050084393,False,True,False,False,False,True,False,True,False,True,False,True,False,True,False,True,False,True,True,False,False,0
0,0,1,1,1.2817023919366053,1,0,0.0315913876246938,0.7797861426352365,False,False,False,False,False,True,False,False,False,False,False,True,False,True,False,False,True,False,False,False,True,0
1,0,1,0,1.1189969048841788,1,1,-1.465692918123123,-0.47993895473430265,False,False,False,True,True,False,True,False,True,False,True,False,True,False,True,False,False,True,False,False,False,0
1,0,0,0,-0.2233233632983401,1,0,0.1489282371921275,-0.16009030931616897,False,False,False,False,False,True,False,False,False,True,False,True,False,True,False,False,True,False,True,False,False,0
1,0,0,1,1.2817023919366053,1,1,1.1338967208849522,1.703198182502661,False,False,True,False,False,False,False,True,False,False,False,True,False,True,False,True,False,False,True,False,False,0
1,1,1,1,-0.5080579656400865,1,0,0.9735914475322608,-0.20794686710693983,False,False,True,False,False,True,False,False,False,True,False,True,False,False,False,True,True,False,True,False,False,0
0,0,1,1,0.427498584911366,1,1,-1.3351350150833023,-0.5702297906028533,False,True,False,True,True,False,True,False,True,False,True,False,True,False,True,False,True,False,False,False,False,0
0,0,1,1,-1.1995562856128992,0,0,-1.1616086882582242,-0.9660123045523066,True,False,False,False,False,True,False,False,False,False,False,False,False,False,False,False,False,False,True,False,False,1
0,0,1,1,-0.34535247858766,1,0,-0.01633493121270882,-0.32194645637642283,False,True,False,False,False,True,False,True,False,True,False,False,False,False,False,False,False,True,False,True,False,0
0,1,1,0,1.1189969048841788,1,1,1.4925177963234468,1.921472381637356,False,False,True,False,False,True,False,True,False,True,False,True,False,True,False,True,False,True,False,False,False,0
0,1,1,0,-0.01994150448280695,1,1,0.9372335504831969,0.2805851682489386,False,True,True,False,False,False,False,False,False,False,False,False,False,True,False,True,False,False,False,True,False,1
1,0,1,0,0.3868222131482594,1,0,-1.4739560765433648,-0.6394461790039087,False,False,False,True,True,False,True,False,True,False,True,False,True,False,True,False,False,True,False,True,False,0
0,0,1,0,1.525760622515245,1,1,1.4759914794829632,2.363245486674729,False,True,True,False,False,False,False,True,False,True,False,True,False,True,False,True,True,False,False,True,False,1
1,0,1,0,1.6071133660414583,1,1,1.5553178003172847,2.5373292037760193,False,True,True,False,False,True,False,False,False,True,False,True,False,True,False,True,False,True,True,False,False,0
1,0,1,1,-0.792792567981833,1,0,-0.10061914709917524,-0.6769411334564943,False,False,False,False,False,False,False,True,False,True,False,True,False,False,False,False,False,False,False,False,False,0
0,0,0,1,-1.2809090291391125,1,1,0.8099809108114727,-0.9670440743762361,False,False,True,False,False,False,False,False,False,False,False,False,False,True,False,True,False,False,False,True,False,0
0,0,0,0,1.5664369942783516,1,0,0.4133493066398656,1.4305036132930486,False,False,False,False,False,True,False,True,False,True,False,True,False,True,False,False,False,True,True,False,False,0
0,0,0,0,1.1189969048841788,1,0,1.3173388378143205,1.7745878732988019,False,True,True,False,False,False,False,True,False,True,False,False,False,True,False,True,False,True,False,True,False,0
1,0,1,1,0.06141123904340631,0,1,-0.8029876128197295,-0.42415752659377576,True,False,False,False,False,False,False,False,False,False,False,True,False,True,False,False,False,True,False,True,False,0
1,0,0,1,0.26479309785893945,0,0,-0.33033495118189754,-0.044005227849381705,True,False,False,False,False,False,False,False,False,True,False,True,False,True,False,True,True,False,False,False,False,0
0,0,0,0,-0.26399973506144675,0,1,-0.6740823414639571,-0.486524719567895,True,False,False,False,False,False,False,False,False,True,False,True,False,True,False,False,False,False,True,False,False,0
0,0,0,1,0.427498584911366,1,1,-0.029555984685095443,0.19543122895058992,False,False,False,False,False,True,False,True,False,False,False,False,False,False,False,True,False,False,False,True,False,0
1,0,0,0,-1.2402326573760059,1,1,-0.6509454978872801,-0.9630267578277447,False,False,False,False,False,False,False,False,False,False,False,False,False,False,False,False,False,False,False,True,False,1
1,0,1,0,1.6071133660414583,1,1,1.4578125309584313,2.4512532574009676,False,True,True,False,False,True,False,True,False,False,False,True,False,True,False,True,False,True,True,False,False,0
0,0,1,0,1.200349648410392,1,1,0.23651771644669092,0.874708966436747,False,False,False,False,False,True,False,True,False,True,False,False,False,True,False,False,False,True,True,False,False,0
0,0,1,0,-1.2402326573760059,1,0,-1.47891397159551,-0.9873282300637003,False,False,False,True,True,False,True,False,True,False,True,False,True,False,True,False,False,False,False,False,False,0
0,0,1,0,0.6715568154900058,1,1,-1.4772613399114616,-0.5789230001831953,False,False,False,True,True,False,True,False,True,False,True,False,True,False,True,False,False,True,False,False,False,0
1,0,0,0,-1.2809090291391125,1,1,-1.4756087082274132,-0.9974044502590967,False,False,False,True,True,False,True,False,True,False,True,False,True,False,True,False,False,False,False,False,True,1
0,1,1,0,1.3223787636997117,1,1,1.4726862161148666,2.166945789534787,False,True,True,False,False,True,False,True,False,True,False,False,False,True,False,True,False,False,True,False,False,0
1,0,0,0,1.4850842507521385,1,1,1.3173388378143205,2.1638285275135534,False,True,True,False,False,False,False,True,False,False,False,True,False,True,False,True,True,False,False,False,False,1
1,0,1,1,1.4444078789890318,1,0,1.0000335544770345,1.9280800990203935,False,False,True,False,False,True,False,True,False,False,False,True,False,False,False,True,False,True,False,False,False,0
0,0,0,0,-0.10129424800902022,1,1,-0.31546126602546243,-0.33426183661524056,False,False,False,False,False,True,False,True,False,False,False,False,False,False,False,False,False,False,False,False,False,0
1,1,0,0,-0.46738159387697986,1,1,-0.15846125604086794,-0.46354040029865773,False,False,False,False,False,False,False,False,False,True,False,False,False,True,False,False,False,False,False,False,False,1
0,0,1,1,-1.118203542086686,1,1,-1.3400929101354475,-0.9482087869521619,False,True,False,True,True,False,True,False,True,False,True,False,True,False,True,False,False,False,False,False,True,0
0,0,1,1,0.3461458413851527,1,0,-1.5053560785402837,-0.667150296403887,False,False,False,True,True,False,True,False,True,False,True,False,True,False,True,False,False,True,False,False,False,0
1,1,0,0,-1.118203542086686,1,1,0.1786756075049982,-0.8605522570170482,False,False,True,False,False,False,False,False,False,False,False,False,False,False,False,False,False,False,False,False,True,1
0,0,0,1,-0.792792567981833,1,1,-0.29232442244878526,-0.6705968466668003,False,False,False,False,False,True,False,True,False,False,False,False,False,False,False,False,False,False,False,True,False,0
0,0,0,0,-1.2402326573760059,1,0,-1.5235350270648158,-0.9829377201746388,False,False,False,True,True,False,True,False,True,False,True,False,True,False,True,False,False,False,False,False,False,0
1,1,1,0,-0.792792567981833,1,0,0.9570651306917771,-0.45262998322433984,False,True,True,False,False,True,False,True,False,False,False,False,False,False,False,True,False,False,True,False,False,0
0,0,0,0,1.0376441613579654,1,1,1.006644081213228,1.5479936579243354,False,False,True,False,False,False,False,False,False,False,False,True,False,True,False,True,False,False,False,True,False,0
0,0,0,0,0.8342623025424323,1,0,1.11571777236042,1.3258997151861571,False,True,True,False,False,True,False,True,False,True,False,False,False,True,False,False,True,False,False,False,True,0
1,0,0,0,-1.2809090291391125,1,0,-1.455777128018833,-0.9971410196657529,False,False,False,True,True,False,True,False,True,False,True,False,True,False,True,False,False,False,False,False,True,0
0,0,1,0,-0.42670522211387324,1,1,0.14562297382403094,-0.3239880434748365,False,False,True,False,False,False,False,False,False,False,False,False,False,False,False,False,False,False,False,True,False,1
0,1,1,0,1.200349648410392,1,1,1.3222967328664652,1.765411707630663,False,True,True,False,False,True,False,False,False,True,False,False,False,True,False,True,True,False,False,True,False,0
1,0,0,0,-1.2809090291391125,1,0,0.19024402929333656,-0.9752762804182264,False,False,True,False,False,False,False,False,False,False,False,False,False,False,False,False,False,False,False,False,True,1
1,0,0,0,-1.2809090291391125,1,1,-0.47576653937815344,-0.9841231578446855,False,True,False,False,False,False,False,False,False,False,False,False,False,False,False,False,False,False,False,True,False,1
1,0,1,0,1.403731507225925,1,0,1.4892125329553503,2.2130241908204877,False,True,True,False,False,True,False,True,False,True,False,False,False,True,False,True,True,False,True,False,False,0
0,1,1,1,0.3054694696220461,1,1,0.9818546059525025,0.59206989232841,False,True,True,False,False,False,False,False,False,False,False,False,False,True,False,True,False,False,True,False,False,1
0,0,0,0,-1.2402326573760059,1,1,0.7075177464004744,-0.9265196681001979,False,False,True,False,False,True,False,True,False,False,False,True,False,False,False,False,False,False,False,True,False,1
0,0,1,1,0.8342623025424323,1,1,1.2958546259216916,1.4376601444122186,False,True,True,False,False,True,False,True,False,True,False,True,False,False,False,True,False,True,False,False,False,0
0,0,0,0,-0.14197061977212685,0,0,-0.837692878184745,-0.5308908219968619,True,False,False,False,False,True,False,True,False,False,False,True,False,False,False,False,True,False,True,False,False,0
0,1,1,1,1.3223787636997117,1,1,1.4082335804369803,2.0879385640811243,False,True,True,False,False,False,False,True,False,True,False,False,False,True,False,True,True,False,False,True,False,0
1,0,1,0,0.752909559016219,1,1,0.34228614422578624,0.7065743902351352,False,True,False,False,False,False,False,False,False,False,False,True,False,True,False,True,False,True,False,False,False,0
1,1,0,0,-0.9961744267973661,1,1,0.1604966589804663,-0.7600315331069841,False,False,True,False,False,False,False,False,False,False,False,False,False,False,False,False,False,False,False,True,False,1
1,0,0,0,-0.8741453115080462,1,1,0.2976650887564802,-0.5996023017606751,False,False,True,False,False,False,False,False,False,False,False,True,False,False,False,False,False,False,False,True,False,1
1,1,1,0,1.2817023919366053,1,0,-1.2954718546661417,-0.24197331874716682,False,True,False,True,True,False,True,False,True,False,True,False,True,False,True,False,False,True,True,False,False,0
1,0,0,0,-0.9554980550342594,0,0,-0.8360402465006967,-0.8425072613730052,True,False,False,False,False,True,False,True,False,True,False,False,False,False,False,False,True,False,False,False,True,0
0,1,1,0,-1.1995562856128992,1,1,0.6298440572502015,-0.8888710458014951,False,False,True,False,False,False,False,False,False,False,False,True,False,True,False,False,False,False,False,False,True,1
0,0,1,0,-0.6300870809294065,0,1,-0.9649455178564691,-0.7226243888521797,True,False,False,False,False,False,False,True,False,True,False,False,False,False,False,False,False,False,True,False,False,0
0,0,1,0,-0.30467610682455337,1,1,0.20511771444977192,-0.19942927792216036,False,False,False,False,False,True,False,True,False,False,False,True,False,False,False,True,False,False,False,False,True,0
1,0,0,0,-0.670763452692513,1,0,-1.4739560765433648,-0.8625060339176805,False,False,False,True,True,False,True,False,True,False,True,False,True,False,True,False,False,False,False,False,False,1
0,0,1,0,1.6071133660414583,0,0,0.021675597520403718,1.1537258698866084,True,False,False,False,False,True,False,True,False,True,False,True,False,True,False,True,False,True,False,False,False,0
0,0,1,1,1.4850842507521385,1,1,1.292549362553595,2.2632955290502426,False,True,True,False,False,False,False,True,False,True,False,False,False,True,False,True,False,False,False,True,False,1
1,0,0,0,0.10208761080651294,1,0,-0.3171138977095107,-0.16149527248066867,False,True,False,False,False,True,False,False,False,False,False,False,False,False,False,False,False,True,False,False,True,0
0,0,0,0,-0.670763452692513,1,1,0.7075177464004744,-0.417901050001863,False,False,True,False,False,False,False,True,False,False,False,False,False,False,False,True,False,False,False,True,False,0
0,0,1,1,-0.14197061977212685,1,0,-1.4756087082274132,-0.7609315876342417,False,False,False,True,True,False,True,False,True,False,True,False,True,False,True,False,False,True,False,False,True,0
0,0,1,0,0.752909559016219,1,0,-1.3004297497182866,-0.4437392006989902,False,True,False,True,True,False,True,False,True,False,True,False,True,False,True,False,False,True,False,False,True,0
1,0,0,0,-1.2402326573760059,1,0,-0.3766086383352517,-0.9538066870607155,False,False,False,False,False,True,False,False,False,True,False,False,False,False,False,False,False,False,False,True,False,0
1,0,0,0,-0.3860288503507666,1,0,1.006644081213228,-0.043478366662694196,False,False,True,False,False,False,False,True,False,False,False,False,False,True,False,True,False,False,False,False,True,0
0,0,0,0,-0.9554980550342594,1,1,0.9884651326886961,-0.6155618052074138,False,True,True,False,False,False,False,False,False,False,False,False,False,True,False,True,False,False,False,True,False,1
0,0,0,0,-0.01994150448280695,0,0,-1.146735003101789,-0.5989876303762065,True,False,False,False,False,True,False,False,False,False,False,False,False,False,False,False,True,False,False,False,True,0
0,1,1,0,1.1189969048841788,0,1,-0.5088191730591207,0.27028942255908933,True,False,False,False,False,False,False,True,False,False,False,False,False,True,False,True,False,True,True,False,False,0
0,1,0,0,-0.42670522211387324,1,1,-1.4805666032795584,-0.8231890178611344,False,False,False,True,True,False,True,False,True,False,True,False,True,False,True,False,True,False,False,False,True,0
0,0,1,1,-0.8334689397449395,1,0,-1.4888297616998003,-0.9054671731821479,False,False,False,True,True,False,True,False,True,False,True,False,True,False,True,False,True,False,False,False,False,1
1,1,0,0,-1.2809090291391125,1,1,0.4711914155815583,-0.9715443470125241,False,False,True,False,False,False,False,False,False,False,False,False,False,True,False,False,False,False,False,True,False,1
0,0,1,1,1.4850842507521385,1,1,-1.470650813175268,-0.3728763710895368,False,False,False,True,True,False,True,False,True,False,True,False,True,False,True,False,True,False,True,False,False,0
1,1,1,1,1.1596732766472853,1,0,1.128938825832807,1.6145537878425085,False,True,True,False,False,False,False,True,False,False,False,False,False,True,False,True,True,False,False,True,False,0
1,0,1,0,-1.2809090291391125,1,1,0.6595914275630718,-0.969041756375759,False,False,True,False,False,False,False,False,False,False,False,True,False,True,False,False,False,False,False,True,False,1
1,0,0,0,-0.26399973506144675,1,0,-0.10888230551941705,-0.31171656833490946,False,True,False,False,False,True,False,True,False,False,False,False,False,False,False,False,True,False,False,True,False,0
1,0,1,1,0.7122331872531124,1,1,-0.6625139196756187,-0.026816381633705706,False,False,False,False,False,False,False,False,False,False,False,False,False,False,False,False,True,False,False,False,False,0
0,0,1,0,1.6071133660414583,1,1,0.9107914435384232,1.9731706355810559,False,True,False,False,False,True,False,True,False,True,False,True,False,True,False,True,False,True,False,True,False,0
1,0,0,1,-0.46738159387697986,1,0,-1.3268718566630604,-0.8011706107674907,False,True,False,True,True,False,True,False,True,False,True,False,True,False,True,False,False,False,False,False,True,0
0,0,0,0,-1.118203542086686,1,1,0.6728124810354589,-0.7978118707023587,False,True,True,False,False,False,False,False,False,False,False,False,False,True,False,False,False,False,False,True,False,1
0,0,0,1,-0.5487343374031931,1,0,-1.465692918123123,-0.831289508606453,False,False,False,True,True,False,True,False,True,False,True,False,True,False,True,False,False,True,False,False,True,0
0,0,0,0,1.1596732766472853,1,1,1.292549362553595,1.8137512215092308,False,True,True,False,False,False,False,True,False,True,False,False,False,True,False,True,True,False,False,True,False,0
0,0,0,0,-0.792792567981833,1,1,0.5174651027349126,-0.5620414896597536,False,False,True,False,False,False,False,False,False,False,False,False,False,False,False,True,False,False,False,True,False,0
1,0,1,0,-0.7114398244556197,1,1,-1.5003981834881386,-0.8566227506663381,False,False,False,True,True,False,True,False,True,False,True,False,True,False,True,False,False,False,True,False,False,0
0,0,1,1,1.6071133660414583,1,1,1.7189283370380724,2.7158692884147073,False,True,True,False,False,True,False,True,False,True,False,True,False,True,False,True,False,True,False,False,False,0
0,1,0,0,-0.9554980550342594,1,0,0.35220193433007635,-0.7264221799062178,False,False,True,False,False,False,False,False,False,True,False,False,False,False,False,False,False,False,True,False,False,0
0,1,0,0,-1.2402326573760059,1,1,0.9587177623758254,-0.9312614187803845,False,True,True,False,False,False,False,False,False,False,False,False,False,True,False,True,False,False,False,True,False,1
0,0,0,0,-1.1995562856128992,1,1,-1.4822192349636067,-0.9791838342194913,False,False,False,True,True,False,True,False,True,False,True,False,True,False,True,False,False,False,False,False,True,0
1,0,1,1,0.4681749566744726,1,1,0.9289703920629552,0.8038900419261842,False,False,True,False,False,False,False,False,False,True,False,False,False,True,False,True,False,False,False,False,False,0
0,0,1,1,0.10208761080651294,1,1,-0.3270296878138008,-0.16505158549080848,False,False,False,False,False,True,False,False,False,False,False,True,False,False,False,False,True,False,False,False,False,0
1,0,1,1,-0.5487343374031931,1,0,-1.4756087082274132,-0.8361849271327566,False,False,False,True,True,False,True,False,True,False,True,False,True,False,True,False,False,True,False,False,True,0
0,0,0,0,-0.9554980550342594,1,1,0.3274124590693509,-0.696039851473912,False,True,True,False,False,False,False,False,False,False,False,False,False,False,False,False,False,False,False,True,False,1
0,1,0,0,-0.3860288503507666,1,1,0.9884651326886961,0.0007340679201555029,False,False,True,False,False,False,False,True,False,False,False,False,False,True,False,True,False,False,False,True,False,1
0,0,0,0,-1.0775271703235794,1,0,-0.2840612640285434,-0.8354385404516161,False,False,False,False,False,True,False,True,False,False,False,False,False,False,False,False,False,False,False,True,False,1
0,0,0,0,-1.0775271703235794,1,1,0.9488019722715353,-0.7707663297857394,False,True,True,False,False,False,False,False,False,False,False,False,False,True,False,True,False,False,False,False,False,1
1,0,1,0,-0.9148216832711529,1,1,0.17371771245285295,-0.7166532954030559,False,False,True,False,False,False,False,False,False,False,False,False,False,False,False,False,False,False,False,True,False,1
1,0,0,0,-0.8741453115080462,1,0,-1.4987455518040902,-0.9066965159510849,False,False,False,True,True,False,True,False,True,False,True,False,True,False,True,False,True,False,False,False,True,0
1,0,0,0,-0.6300870809294065,1,1,-0.30885073928926887,-0.5961337989483164,False,False,False,False,False,True,False,True,False,False,False,False,False,False,False,False,False,False,True,False,False,0
0,1,0,0,1.6071133660414583,1,1,1.429717792329609,2.406931060070891,False,True,True,False,False,False,False,True,False,True,False,True,False,True,False,True,False,True,False,False,False,0
1,0,1,1,-1.1588799138497925,1,0,-1.497092920120042,-0.9760665721982574,False,False,False,True,True,False,True,False,True,False,True,False,True,False,True,False,False,True,True,False,False,0
1,0,0,0,-1.2809090291391125,1,0,-1.483871866647655,-0.9975142130063233,False,False,False,True,True,False,True,False,True,False,True,False,True,False,True,False,False,False,False,True,False,1
0,0,0,0,-1.2809090291391125,1,0,-0.6294612859946515,-0.9861647449430989,False,False,False,False,False,False,False,False,False,False,False,False,False,False,False,False,False,False,False,True,False,1
0,1,1,0,1.403731507225925,1,1,-1.4805666032795584,-0.45172992869708223,False,False,False,True,True,False,True,False,True,False,True,False,True,False,True,False,False,True,False,False,False,0
1,0,0,0,-1.2809090291391125,1,0,-1.5086613419083803,-0.9978435012480028,False,False,False,True,True,False,True,False,True,False,True,False,True,False,True,False,False,False,False,False,True,0
0,0,0,0,1.403731507225925,1,1,1.2594967288726278,2.017141592120007,False,True,True,False,False,True,False,True,False,True,False,False,False,True,False,False,False,False,True,False,False,1
1,0,0,0,-1.1588799138497925,1,0,-1.483871866647655,-0.9763300027916013,False,False,False,True,True,False,True,False,True,False,True,False,True,False,True,False,True,False,False,False,True,0
0,0,0,0,1.525760622515245,1,1,1.5305283250565593,2.390905698975817,False,True,True,False,False,True,False,True,False,True,False,False,False,True,False,True,False,True,False,False,True,0
1,0,1,1,0.14276398256961956,0,0,-0.13697704414823905,-0.025191892974752814,True,False,False,False,False,True,False,False,False,True,False,True,False,True,False,True,True,False,True,False,False,0
0,1,0,0,0.26479309785893945,1,1,1.1537283010935324,0.7657365109902395,False,True,True,False,False,False,False,False,False,True,False,False,False,True,False,True,False,False,False,True,False,0
0,0,0,0,-0.30467610682455337,1,0,-1.5136192369605257,-0.8037390590525918,False,False,False,True,True,False,True,False,True,False,True,False,True,False,True,False,False,False,False,False,True,0
1,0,1,1,1.5664369942783516,1,1,0.2811387719159965,1.2568150420817736,False,False,False,False,False,False,False,True,False,False,False,True,False,True,False,True,False,True,True,False,False,0
0,0,1,1,1.2817023919366053,1,1,0.9256651286948582,1.619580921665484,False,True,True,False,False,False,False,True,False,True,False,False,False,False,False,True,True,False,False,True,False,0
0,0,0,0,0.6715568154900058,1,0,0.0844756015142417,0.44560248242931677,False,False,False,False,False,True,False,True,False,True,False,True,False,False,False,False,False,True,False,False,False,0
1,0,0,0,0.6308804437268991,1,0,0.4645808888453652,0.6496075244245616,False,False,False,False,False,False,False,True,False,True,False,True,False,True,False,True,False,True,True,False,False,0
1,0,1,0,0.874938674305539,0,0,-1.1384718446815472,-0.294417959372007,True,False,False,False,False,False,False,True,False,False,False,False,False,False,False,False,False,False,False,True,False,0
1,0,0,0,-0.8334689397449395,1,1,1.0314335564739534,-0.5021988398718448,False,True,True,False,False,False,False,False,False,False,False,False,False,True,False,True,False,False,False,True,False,1
0,0,0,0,-1.1995562856128992,1,1,0.1654545540326111,-0.918528940102106,False,False,True,False,False,False,False,False,False,False,False,False,False,False,False,False,False,False,False,True,False,0
0,0,1,1,0.6715568154900058,1,1,1.424759897277464,1.3177114142430573,False,True,True,False,False,False,False,True,False,True,False,True,False,True,False,True,False,True,False,False,False,1
0,0,0,0,-1.1995562856128992,1,0,-1.4739560765433648,-0.9750128498248828,False,False,False,True,True,False,True,False,True,False,True,False,True,False,True,False,True,False,False,False,True,0
1,0,1,1,-0.14197061977212685,1,0,0.13901244708783742,-0.1464138710117422,False,True,False,False,False,True,False,False,False,False,False,True,False,True,False,False,True,False,False,False,False,0
0,0,0,0,0.3461458413851527,1,1,1.1223282990966135,0.7319954424928016,False,False,True,False,False,False,False,True,False,False,False,True,False,True,False,True,False,True,False,False,False,0
0,0,1,1,0.3868222131482594,1,1,-1.5136192369605257,-0.671782284336847,False,False,False,True,True,False,True,False,True,False,True,False,True,False,True,False,True,False,False,True,False,0
1,0,1,0,-0.9554980550342594,1,1,0.13570718371974086,-0.745542850473081,False,False,False,False,False,True,False,True,False,False,False,True,False,True,False,False,False,False,False,False,True,0
1,0,1,0,0.8342623025424323,1,0,1.087623033731598,1.2079486670165185,False,True,True,False,False,False,False,True,False,False,False,True,False,False,False,True,True,False,False,False,False,0
1,0,1,0,0.14276398256961956,1,0,-1.4822192349636067,-0.7135360333818223,False,False,False,True,True,False,True,False,True,False,True,False,True,False,True,False,True,False,False,False,True,0
1,0,0,0,-1.2809090291391125,1,0,-1.4921350250678969,-0.9976239757535498,False,False,False,True,True,False,True,False,True,False,True,False,True,False,True,False,False,False,False,False,True,1
1,0,1,1,-0.18264699153523348,1,1,-1.4723034448593166,-0.7920383501982428,False,False,False,True,True,False,True,False,True,False,True,False,True,False,True,False,False,True,True,False,False,0
1,0,1,0,-0.9148216832711529,1,0,-1.4954402884359934,-0.92309507038673,False,False,False,True,True,False,True,False,True,False,True,False,True,False,True,False,True,False,False,False,False,0
1,1,1,0,1.1596732766472853,1,1,0.6843809028237973,1.2995127507528972,False,True,True,False,False,False,False,True,False,False,False,True,False,False,False,False,True,False,False,False,False,0
0,1,1,0,-0.30467610682455337,1,0,0.7785809088145542,-0.04424670589327997,False,False,True,False,False,False,False,True,False,True,False,False,False,False,False,True,False,False,False,False,False,0
0,0,1,1,0.874938674305539,1,1,-0.16672441446110978,0.419083802699385,False,True,False,False,False,False,False,True,False,True,False,False,False,False,False,False,False,True,False,False,False,0
0,0,1,0,-1.2402326573760059,1,1,1.3074230477100304,-0.8996717001285864,False,True,True,False,False,False,False,False,False,True,False,True,False,True,False,True,False,False,False,True,False,1
0,1,0,0,-1.2402326573760059,1,1,0.45301246705702636,-0.9406132048440854,False,True,True,False,False,False,False,False,False,True,False,False,False,False,False,False,False,False,False,True,False,1
1,1,0,0,0.26479309785893945,1,1,1.0182125030015667,0.64414133961268,False,True,True,False,False,False,False,False,False,False,False,False,False,True,False,True,False,False,False,False,False,1
0,0,0,0,-1.2402326573760059,1,1,0.19354929266143356,-0.9396911977673825,False,False,True,False,False,False,False,False,False,False,False,False,False,False,False,False,False,False,False,True,False,1
0,0,1,0,1.6071133660414583,1,1,1.6759599132528151,2.6432941599485194,False,True,True,False,False,True,False,True,False,True,False,True,False,True,False,True,False,True,True,False,False,0
1,0,0,0,1.4850842507521385,1,1,1.3338651546548042,2.2365792763753034,False,True,True,False,False,False,False,True,False,False,False,True,False,True,False,True,True,False,False,False,False,0
0,0,1,0,-0.26399973506144675,1,0,-1.5086613419083803,-0.8044854457337323,False,False,False,True,True,False,True,False,True,False,True,False,True,False,True,False,True,False,False,False,True,0
0,0,0,0,1.200349648410392,1,0,0.6496756374587817,1.2738063153524417,False,True,False,False,False,False,False,True,False,True,False,True,False,True,False,True,False,True,False,False,False,0
1,0,0,0,-1.2809090291391125,1,0,-1.4805666032795584,-0.9974703079074324,False,False,False,True,True,False,True,False,True,False,True,False,True,False,True,False,False,False,False,False,True,0
0,0,0,0,1.6071133660414583,1,1,0.2695703501276582,1.3054179865536848,False,False,False,False,False,True,False,True,False,True,False,True,False,False,False,True,False,True,True,False,False,0
0,0,1,1,1.525760622515245,1,0,-1.4888297616998003,-0.4009317292806401,False,False,False,True,True,False,True,False,True,False,True,False,True,False,True,False,False,True,False,False,False,0
0,0,1,1,0.5902040719637925,1,1,-1.4392508111783493,-0.5488699599925689,False,False,False,True,True,False,True,False,True,False,True,False,True,False,True,False,False,True,False,False,False,0
0,0,0,0,1.1189969048841788,1,1,0.17537034413690167,0.8485854325968308,False,False,False,False,False,False,False,True,False,True,False,True,False,True,False,False,True,False,True,False,False,0
0,0,1,0,-1.2809090291391125,1,1,-1.4723034448593166,-0.9973605451602059,False,False,False,True,True,False,True,False,True,False,True,False,True,False,True,False,False,False,False,False,False,0
0,1,1,0,-1.118203542086686,1,1,0.1489282371921275,-0.8562934624246585,False,False,True,False,False,False,False,False,False,False,False,False,False,False,False,False,False,False,False,True,False,0
0,0,1,1,1.6071133660414583,0,0,-0.013029667844611811,0.9817495975320677,True,False,False,False,False,True,False,True,False,True,False,True,False,True,False,True,False,True,False,False,False,0
1,0,1,0,1.525760622515245,1,0,1.1950440931947415,2.1046225016595583,False,False,True,False,False,True,False,True,False,True,False,True,False,False,False,True,False,True,True,False,False,0
1,1,1,0,-0.14197061977212685,1,1,0.6430651107225881,0.02889918885848537,False,True,True,False,False,False,False,False,False,False,False,False,False,False,False,True,False,False,False,True,False,0
1,0,1,0,1.403731507225925,0,1,-0.45924022253766983,0.5399325873958041,True,False,False,False,False,True,False,True,False,False,False,True,False,False,False,True,False,True,False,False,False,0
1,0,0,0,-1.1588799138497925,0,0,-1.1351665813134504,-0.9542896431485122,True,False,False,False,False,False,False,False,False,False,False,True,False,False,False,False,False,False,False,True,False,0
1,0,1,1,1.5664369942783516,1,0,1.1686019862499677,2.1588452987894686,False,False,True,False,False,True,False,True,False,True,False,True,False,True,False,False,False,True,True,False,False,0
1,0,1,1,1.4850842507521385,1,1,0.36046509275031813,1.3593993056396965,False,False,False,False,False,True,False,True,False,True,False,True,False,True,False,False,False,True,False,False,False,0
0,0,1,1,-0.5080579656400865,1,1,1.0132546079494216,-0.16496377529302722,False,True,True,False,False,False,False,False,False,True,False,True,False,False,False,True,False,False,False,False,False,0
0,0,0,0,-1.2809090291391125,1,0,0.3141914055969638,-0.9736298392098284,False,False,True,False,False,False,False,True,False,False,False,False,False,False,False,False,False,False,False,True,False,0
1,0,1,1,1.403731507225925,1,1,0.4910229957901389,1.3177992244408383,False,True,False,False,False,True,False,False,False,True,False,False,False,True,False,True,False,True,False,True,False,1
0,0,1,0,1.6071133660414583,1,1,1.4677283210627214,2.5543424295961326,False,True,True,False,False,False,False,True,False,True,False,True,False,True,False,True,True,False,False,True,False,1
0,0,0,0,1.1596732766472853,1,0,0.8198967009157633,1.3245167045711026,False,True,False,False,False,True,False,True,False,True,False,True,False,True,False,True,False,True,False,True,False,0
0,0,1,0,1.6071133660414583,1,1,1.0859704020475496,2.00987529825361,False,True,True,False,False,False,False,True,False,False,False,False,False,True,False,True,False,True,True,False,False,0
1,0,0,0,-0.42670522211387324,1,1,1.1867809347744998,-0.08646145847660679,False,True,True,False,False,True,False,False,False,False,False,False,False,True,False,True,False,False,False,True,False,1
1,1,1,0,0.874938674305539,1,0,0.30262298380862546,0.7144334029365554,False,True,True,False,False,False,False,False,False,False,False,False,False,False,False,False,False,False,False,False,False,0
0,0,1,0,1.2817023919366053,1,1,0.6662019542992653,1.401657963321914,False,True,False,False,False,True,False,False,False,True,False,True,False,True,False,True,False,True,True,False,False,0
1,0,1,1,0.7122331872531124,1,0,1.2842862041333531,1.220176237057555,False,True,True,False,False,False,False,True,False,False,False,True,False,True,False,True,False,False,False,True,False,1
1,0,0,0,0.06141123904340631,1,1,-0.4972507512707824,-0.2448710552739474,False,False,False,False,False,False,False,True,False,False,False,False,False,False,False,False,False,False,False,True,False,0
0,0,0,1,-1.1588799138497925,1,1,-1.4805666032795584,-0.9687344206835247,False,False,False,True,True,False,True,False,True,False,True,False,True,False,True,False,False,False,False,False,False,0
0,0,0,0,-1.2809090291391125,1,1,-0.6707770780958605,-0.9867135586792316,False,False,False,False,False,False,False,False,False,False,False,False,False,False,False,False,False,False,True,False,False,0
1,0,0,0,-1.2402326573760059,1,1,-0.6559033929394251,-0.9639268123550024,False,False,False,False,False,False,False,False,False,False,False,False,False,False,False,False,False,False,False,False,True,1
0,0,0,0,1.4444078789890318,1,1,0.5224229977870579,1.333956300832585,False,True,False,False,False,False,False,True,False,True,False,False,False,True,False,True,False,True,False,True,False,0
0,0,1,1,-0.46738159387697986,0,1,-0.29397705413283354,-0.4982693335211346,True,False,False,False,False,True,False,False,False,True,False,False,False,True,False,True,True,False,False,True,False,1
0,0,0,0,-1.1588799138497925,1,0,0.18363350255714347,-0.8828999523523715,False,False,True,False,False,False,False,False,False,False,False,False,False,False,False,False,False,False,False,True,False,1
1,0,1,1,0.02073486728029968,1,1,0.2993177204405289,0.049666300633746566,False,False,False,False,False,False,False,False,False,True,False,True,False,True,False,True,True,False,False,False,True,1
1,0,0,0,0.9969677895948588,1,0,-1.4640402864390747,-0.456208248783925,False,False,False,True,True,False,True,False,True,False,True,False,True,False,True,False,False,True,True,False,False,0
0,0,0,0,-0.5487343374031931,0,1,-0.6608612879915702,-0.6139592690979064,True,False,False,False,False,False,False,False,False,False,False,False,False,True,False,True,True,False,True,False,False,1
0,0,0,0,0.5495277002006859,1,1,1.0182125030015667,1.0415483422210858,False,False,True,False,False,True,False,True,False,True,False,False,False,True,False,False,True,False,True,False,False,0
1,1,0,0,-1.2402326573760059,1,0,0.05142296783327444,-0.9647610092339239,False,False,False,False,False,True,False,False,False,True,False,False,False,True,False,False,False,False,False,False,False,1
1,0,1,0,-0.9148216832711529,1,1,0.49928615421038075,-0.6299187725446451,False,False,True,False,False,False,False,False,False,False,False,False,False,True,False,False,False,False,False,True,False,1
1,1,1,0,0.4681749566744726,1,1,0.8050230157593279,0.7675805251436453,False,True,True,False,False,False,False,False,False,True,False,False,False,True,False,False,False,False,False,True,False,0
0,0,0,0,0.6715568154900058,1,1,0.6496756374587817,0.7089672181246737,False,True,True,False,False,False,False,False,False,False,False,False,False,False,False,True,False,False,False,True,False,0
1,0,0,0,-0.2233233632983401,1,1,-1.502050815172187,-0.7736640663125202,False,False,False,True,True,False,True,False,True,False,True,False,True,False,True,False,False,False,False,True,False,0
1,0,1,0,-1.2402326573760059,1,1,-0.021292826264853626,-0.9432036056786318,False,False,False,False,False,False,False,True,False,False,False,True,False,False,False,True,False,False,False,False,True,0
1,0,1,1,1.4444078789890318,1,1,0.2679177184436099,1.16845603056441,False,False,False,False,False,False,False,False,False,True,False,True,False,True,False,True,False,True,False,False,False,0
1,0,0,0,-1.2809090291391125,1,0,-0.46089285422171833,-0.9839255848996776,False,False,False,False,False,False,False,False,False,True,False,False,False,False,False,False,False,False,False,False,True,1
0,0,1,0,1.2410260201734986,1,1,0.4910229957901389,1.0950906103181914,False,True,False,False,False,True,False,True,False,False,False,False,False,True,False,True,True,False,True,False,False,0
1,0,1,0,1.6071133660414583,1,1,1.3702230517038678,2.3153011186861767,False,True,True,False,False,False,False,True,False,True,False,False,False,True,False,True,False,True,False,False,False,0
1,0,1,0,1.6071133660414583,1,0,0.48606510073799364,1.5450081111997733,False,True,False,False,False,True,False,True,False,True,False,True,False,False,False,True,False,True,True,False,False,0
0,0,0,0,0.10208761080651294,1,0,-1.5070087102243321,-0.7350934369371144,False,False,False,True,True,False,True,False,True,False,True,False,True,False,True,False,False,False,False,False,False,0
0,0,0,0,-1.2809090291391125,1,1,-1.4855244983317035,-0.9975361655557684,False,False,False,True,True,False,True,False,True,False,True,False,True,False,True,False,False,False,False,False,True,1
0,0,1,1,0.9156150460686455,1,0,-1.4822192349636067,-0.5289150925467843,False,False,False,True,True,False,True,False,True,False,True,False,True,False,True,False,False,False,True,False,False,0
0,0,0,0,-0.8741453115080462,1,1,-0.3385981096021394,-0.7350056267393332,False,False,False,False,False,True,False,False,False,False,False,True,False,False,False,False,True,False,False,False,True,0
0,0,0,0,1.3223787636997117,1,1,0.66124405924712,1.3905938784014789,False,False,False,False,False,True,False,True,False,True,False,True,False,True,False,True,False,True,False,False,False,0
0,0,1,1,1.200349648410392,1,1,0.19520192434548184,0.8655986584169444,False,False,False,False,False,True,False,False,False,True,False,True,False,True,False,False,True,False,False,False,False,0
0,0,1,1,1.6071133660414583,1,1,1.7172757053540242,2.706671170197123,False,True,True,False,False,True,False,True,False,True,False,True,False,True,False,True,False,True,True,False,False,0
1,0,0,0,-1.118203542086686,1,0,-0.5848402305253456,-0.9082990520605925,False,True,False,False,False,False,False,False,False,False,False,False,False,False,False,False,False,False,False,True,False,1
0,0,1,1,0.752909559016219,1,1,0.9570651306917771,0.9867328262561527,False,True,True,False,False,True,False,True,False,False,False,False,False,False,False,True,False,False,False,True,False,0
0,0,1,1,1.0783205331210721,1,1,1.051265136682534,1.4439824786524675,False,True,True,False,False,False,False,True,False,False,False,True,False,False,False,True,False,False,False,False,False,0
0,0,0,0,-0.8334689397449395,1,0,-1.4723034448593166,-0.8979594012718526,False,False,False,True,True,False,True,False,True,False,True,False,True,False,True,False,False,False,False,False,True,0
0,0,0,0,-1.2402326573760059,1,0,-1.5053560785402837,-0.9867794163275676,False,False,False,True,True,False,True,False,True,False,True,False,True,False,True,False,False,False,False,False,True,0
1,0,0,0,-0.5894107091662998,1,0,-1.47891397159551,-0.8298406403430627,False,False,False,True,True,False,True,False,True,False,True,False,True,False,True,False,True,False,False,False,True,0
1,0,1,1,-0.5080579656400865,1,1,0.18528613424119175,-0.3604512281034926,False,False,True,False,False,False,False,False,False,False,False,False,False,False,False,False,False,False,False,True,False,1
1,0,0,0,0.10208761080651294,1,1,-1.4756087082274132,-0.7057867834276286,False,False,False,True,True,False,True,False,True,False,True,False,True,False,True,False,False,True,False,False,True,0
1,0,0,0,-1.2809090291391125,0,0,-0.9566823594362273,-0.9905113497332699,True,False,False,False,False,False,False,False,False,False,False,False,False,False,False,True,False,False,False,True,False,1
1,0,0,1,0.26479309785893945,1,0,1.1801704080383062,0.7039839894005888,False,True,True,False,False,False,False,False,False,False,False,True,False,True,False,True,False,True,False,False,True,0
1,0,0,0,-1.2809090291391125,1,1,0.22164403129025556,-0.9748591819787655,False,False,True,False,False,False,False,False,False,False,False,False,False,False,False,False,False,False,False,False,True,1
1,0,0,0,0.6308804437268991,1,1,1.3636125249676743,1.2253350861772023,False,True,True,False,False,False,False,True,False,True,False,False,False,True,False,True,True,False,True,False,False,1
1,0,1,1,0.5088513284375793,1,0,0.2976650887564802,0.4737676033676466,False,True,False,False,False,True,False,True,False,False,False,True,False,True,False,False,False,True,True,False,False,0
1,0,0,1,-0.8334689397449395,1,0,-1.5037034468562354,-0.9130627552902242,False,False,False,True,True,False,True,False,True,False,True,False,True,False,True,False,False,True,False,False,False,0
0,1,0,0,-1.1995562856128992,1,1,0.33732824917364096,-0.8937664643277988,False,True,True,False,False,False,False,False,False,False,False,False,False,False,False,False,False,False,True,False,False,1
1,0,1,0,1.403731507225925,1,0,-1.3219139616109155,-0.31103603930210494,False,True,False,True,True,False,True,False,True,False,True,False,True,False,True,False,False,True,True,False,False,0
0,0,0,0,-1.2402326573760059,1,1,-0.32372442444570426,-0.9611607911248935,False,False,False,False,False,False,False,True,False,False,False,True,False,False,False,False,False,False,True,False,False,1
0,0,0,0,0.7122331872531124,1,1,0.4877177324220419,0.7605557093211468,False,True,False,False,False,False,False,True,False,False,False,True,False,True,False,True,False,True,False,False,True,0
1,0,0,0,1.5664369942783516,1,1,0.7124756414526197,1.703549423293786,False,True,True,False,False,False,False,False,False,True,False,True,False,False,False,False,False,True,True,False,False,0
0,0,1,1,1.6071133660414583,1,0,-1.3582718586599793,-0.2689969071143406,False,True,False,True,True,False,True,False,True,False,True,False,True,False,True,False,False,True,False,False,False,0
0,0,0,0,1.1596732766472853,1,0,0.786844067234796,1.3300267944818749,False,True,False,False,False,False,False,True,False,True,False,True,False,True,False,True,False,True,True,False,False,0
1,0,0,0,0.3054694696220461,1,1,-0.4542823274855248,-0.08738346555330967,False,False,False,False,False,False,False,False,False,False,False,True,False,False,False,False,False,False,False,True,False,0
1,0,1,1,0.22411672609583283,1,0,0.30427561549267373,0.22407930597671652,False,False,False,False,False,True,False,True,False,True,False,True,False,True,False,False,True,False,False,True,False,0
1,1,0,0,-0.3860288503507666,1,1,1.3735283150719648,0.08410985071343433,False,True,True,False,False,False,False,True,False,True,False,False,False,True,False,True,False,False,False,True,False,1
0,0,0,0,1.3223787636997117,0,0,-0.1617665194089645,0.7152895523649223,True,False,False,False,False,True,False,False,False,True,False,True,False,True,False,True,False,True,True,False,False,0
1,0,0,0,-0.06061787624591358,1,1,0.2513914016031263,-0.05956958540610481,False,False,False,False,False,True,False,True,False,True,False,True,False,True,False,False,False,False,False,False,False,0
0,0,0,0,1.403731507225925,1,1,-1.2805981695097064,-0.23374111270517642,False,True,False,True,True,False,True,False,True,False,True,False,True,False,True,False,False,True,False,False,True,0
0,0,1,0,-0.7114398244556197,1,0,-1.3103455398225767,-0.8359654016383035,False,True,False,True,True,False,True,False,True,False,True,False,True,False,True,False,False,True,False,False,True,0
0,0,0,0,-0.5080579656400865,1,1,-0.6773876048320538,-0.5992071558706595,False,False,False,False,False,False,False,False,False,False,False,False,False,False,False,False,False,False,False,True,False,0
0,0,0,0,-0.670763452692513,1,0,-1.47891397159551,-0.8663916351695001,False,False,False,True,True,False,True,False,True,False,True,False,True,False,True,False,True,False,False,False,False,0
0,0,1,1,-0.7521161962187263,1,0,-1.497092920120042,-0.8769727640021384,False,False,False,True,True,False,True,False,True,False,True,False,True,False,True,False,True,False,False,False,True,0
0,0,0,0,1.3223787636997117,1,1,1.3289072596026588,1.954796351695333,False,True,True,False,False,False,False,True,False,False,False,True,False,True,False,True,True,False,False,False,False,0
1,0,0,0,1.1189969048841788,1,1,0.8281598593360051,1.3868619449957766,False,True,True,False,False,False,False,True,False,False,False,False,False,True,False,False,False,False,False,False,False,0
0,0,1,0,-0.8334689397449395,0,1,-0.4955981195867339,-0.7353129624315675,True,False,False,False,False,False,False,False,False,True,False,False,False,True,False,True,False,False,False,False,False,0
0,0,1,1,1.5664369942783516,1,0,-1.465692918123123,-0.34727969843630796,False,False,False,True,True,False,True,False,True,False,True,False,True,False,True,False,False,True,False,False,False,0
1,0,0,0,-0.14197061977212685,1,1,0.34724403927793107,-0.021086766228480307,False,False,False,False,False,False,False,False,False,True,False,True,False,True,False,True,True,False,False,False,False,0
1,1,1,0,-0.9148216832711529,1,1,0.9140967069065198,-0.5961557514977619,False,False,True,False,False,False,False,True,False,True,False,True,False,True,False,False,False,False,False,False,True,1
0,1,1,1,-0.14197061977212685,0,1,-0.9649455178564691,-0.5561801589578563,True,False,False,False,False,False,False,True,False,True,False,False,False,False,False,False,False,False,False,False,True,0
0,1,0,0,-0.9148216832711529,0,1,-0.9963455198533878,-0.8614742640937512,True,False,False,False,False,False,False,False,False,False,False,False,False,False,False,True,False,False,False,True,False,1
1,0,0,0,-0.9961744267973661,1,0,1.1900861981425963,-0.6464490422769619,False,True,True,False,False,False,False,True,False,False,False,False,False,True,False,True,False,False,False,True,False,1
1,0,0,0,1.0376441613579654,1,1,1.2694125189769179,1.635781903156121,False,True,True,False,False,False,False,True,False,True,False,False,False,True,False,True,True,False,False,False,False,1
1,0,0,0,-1.2809090291391125,1,0,-1.4756087082274132,-0.9974044502590967,False,False,False,True,True,False,True,False,True,False,True,False,True,False,True,False,False,False,False,False,True,0
1,1,0,0,0.5902040719637925,1,0,0.682728271139749,0.7685025322203484,False,False,True,False,False,True,False,False,False,False,False,False,False,False,False,True,False,False,False,False,True,1
0,0,0,0,-0.792792567981833,0,0,-1.1797876367827562,-0.8494662195471677,True,False,False,False,False,False,False,True,False,False,False,False,False,False,False,False,False,False,False,True,False,0
0,0,0,0,-0.7114398244556197,1,1,1.2033072516149832,-0.36646622665150697,False,False,True,False,False,False,False,True,False,True,False,False,False,True,False,True,False,False,False,True,False,1
1,0,0,1,-1.2809090291391125,1,1,0.8595598613329236,-0.9663854978928769,False,False,True,False,False,False,False,False,False,False,False,False,False,True,False,True,False,False,False,True,False,1
0,0,0,0,-0.9961744267973661,1,0,0.664549322615217,-0.712811599250127,False,False,True,False,False,True,False,False,False,False,False,False,False,True,False,False,False,False,False,True,False,1
0,0,0,0,-0.10129424800902022,1,0,1.3735283150719648,0.40391459103267746,False,True,True,False,False,True,False,False,False,False,False,True,False,True,False,True,False,False,False,False,False,0
0,0,0,1,1.200349648410392,1,1,1.1669493545659195,1.8096460947629582,False,True,True,False,False,False,False,False,False,True,False,False,False,True,False,True,True,False,False,True,False,1
0,0,0,0,0.4681749566744726,0,1,-0.5220402265315078,-0.011822790362560483,True,False,False,False,False,False,False,False,False,True,False,False,False,True,False,True,True,False,False,True,False,0
1,0,0,0,-1.0775271703235794,1,0,-1.510313973592429,-0.9516553372150752,False,False,False,True,True,False,True,False,True,False,True,False,True,False,True,False,True,False,False,False,True,0
1,0,1,1,0.752909559016219,1,1,0.3819493046429471,0.7351346570634806,False,False,False,False,False,True,False,False,False,False,False,True,False,True,False,True,True,False,False,False,False,0
0,0,1,1,1.4850842507521385,1,0,0.29270719370433534,1.1388639939121352,False,True,False,False,False,True,False,True,False,False,False,True,False,True,False,False,True,False,True,False,False,0
1,0,1,1,-0.18264699153523348,1,0,0.9041809168022297,0.12127551692434037,False,True,True,False,False,False,False,False,False,False,False,False,False,True,False,True,True,False,False,False,False,0
1,0,0,0,-0.7521161962187263,1,0,-1.4954402884359934,-0.874382363167592,False,False,False,True,True,False,True,False,True,False,True,False,True,False,True,False,False,False,True,False,False,0
0,0,0,0,-1.1588799138497925,0,1,-1.3351350150833023,-0.968251464595728,True,False,False,False,False,False,False,False,False,False,False,False,False,False,False,False,False,False,False,True,False,1
0,0,0,0,-0.8334689397449395,1,1,0.8033703840752796,-0.541954906917297,False,True,True,False,False,False,False,True,False,False,False,False,False,False,False,True,False,False,False,True,False,0
1,0,1,0,1.3630551354628184,1,0,0.6744651127195072,1.4253447641734012,False,True,False,False,False,True,False,True,False,False,False,True,False,True,False,True,False,True,False,True,False,0
0,0,0,0,-1.2809090291391125,1,1,-0.32537705612975254,-0.9821254758451624,False,False,False,False,False,False,False,False,False,False,False,False,False,True,False,False,False,False,True,False,False,1
0,0,0,0,-0.8334689397449395,1,1,0.48606510073799364,-0.5855526701156781,False,True,True,False,False,False,False,False,False,False,False,True,False,False,False,False,False,False,True,False,False,0
1,0,0,0,1.6071133660414583,1,0,0.7207387998728615,1.726731315508031,False,True,False,False,False,True,False,True,False,True,False,True,False,True,False,True,False,True,False,False,False,0
1,0,1,1,1.5664369942783516,1,0,0.8413809128083917,1.7541720023146659,False,True,False,False,False,True,False,True,False,True,False,True,False,True,False,True,False,True,True,False,False,0
1,0,1,0,1.5664369942783516,1,1,1.4792967428510597,2.442099044282274,False,True,True,False,False,True,False,True,False,True,False,False,False,True,False,True,True,False,False,True,False,0
1,0,0,0,-0.34535247858766,1,1,0.8265072276519564,-0.055705936703730564,False,True,True,False,False,False,False,False,False,True,False,False,False,True,False,False,False,False,False,False,True,1
0,0,0,0,-0.7114398244556197,1,0,-1.3153034348747221,-0.8442195602297393,False,True,False,True,True,False,True,False,True,False,True,False,True,False,True,False,False,True,False,False,False,0
0,0,0,0,-0.9554980550342594,0,0,-0.796377086083536,-0.8484783548221289,True,False,False,False,False,False,False,True,False,False,False,False,False,False,False,True,False,False,False,True,False,0
1,0,0,0,-1.2809090291391125,1,0,-1.4623876547550263,-0.9972288298635342,False,False,False,True,True,False,True,False,True,False,True,False,True,False,True,False,False,False,False,False,True,0
0,0,1,1,0.874938674305539,1,0,0.1687598174007081,0.6936662911612942,False,False,False,False,False,True,False,False,False,True,False,True,False,False,False,True,False,True,False,False,False,0
0,0,0,0,1.200349648410392,1,1,1.6594335964123315,2.1256749965776085,False,True,True,False,False,True,False,True,False,True,False,True,False,True,False,True,True,False,True,False,False,0
0,0,1,1,-0.7114398244556197,1,1,1.3388230497069489,-0.32168302578307917,False,True,True,False,False,False,False,True,False,True,False,False,False,True,False,True,False,False,False,False,False,0
0,0,0,0,1.4444078789890318,1,0,-1.4954402884359934,-0.3733154220784429,False,False,False,True,True,False,True,False,True,False,True,False,True,False,True,False,False,True,True,False,False,0
1,0,1,1,0.26479309785893945,1,0,0.500938785894429,0.3912040649038442,False,False,False,False,False,True,False,False,False,True,False,True,False,True,False,True,True,False,True,False,False,1
1,0,1,1,0.5088513284375793,1,0,0.4596229937932199,0.5745956629699451,False,True,False,False,False,False,False,True,False,True,False,False,False,True,False,True,True,False,True,False,False,0
1,0,1,1,0.6715568154900058,0,1,-0.4311454839088478,0.10946504532276476,True,False,False,False,False,False,False,True,False,False,False,False,False,True,False,True,True,False,False,False,False,1
0,1,1,0,-0.8334689397449395,1,1,0.4744966789496553,-0.5918750043559269,False,False,False,False,False,True,False,False,False,True,False,True,False,True,False,True,True,False,False,True,False,0
1,0,0,0,-1.1995562856128992,1,1,-0.4939454879026856,-0.9491527465783103,False,False,False,False,False,False,False,True,False,False,False,False,False,False,False,False,False,False,False,False,True,1
1,0,0,0,-1.2402326573760059,1,0,-1.3219139616109155,-0.9790521189228193,False,True,False,True,True,False,True,False,True,False,True,False,True,False,True,False,False,False,False,False,True,0
0,1,0,0,-1.1588799138497925,1,1,0.5092019443146708,-0.8729334949042017,False,True,True,False,False,True,False,False,False,False,False,False,False,False,False,False,False,False,False,True,False,0
0,0,1,0,-1.2809090291391125,1,0,-0.318766529393559,-0.9820376656473813,False,False,False,False,False,False,False,False,False,False,False,False,False,True,False,False,False,False,False,False,True,1
1,0,0,0,0.9156150460686455,1,1,1.191738829826645,1.4313597627214154,False,False,True,False,False,True,False,True,False,False,False,False,False,True,False,True,True,False,False,False,True,0
1,1,1,0,-0.7521161962187263,1,0,-1.4937876567519452,-0.9058842716216086,False,False,False,True,True,False,True,False,True,False,True,False,True,False,True,False,True,False,False,False,True,0
1,0,0,1,-1.1588799138497925,1,0,0.5273808928392028,-0.8603107789731498,False,True,True,False,False,False,False,False,False,False,False,True,False,False,False,False,False,False,True,False,False,1
0,0,1,0,0.06141123904340631,1,1,-0.132019149096094,-0.12659071886262938,False,True,False,False,False,True,False,False,False,False,False,True,False,False,False,False,False,False,False,False,False,0
0,0,0,0,-0.3860288503507666,1,0,-0.5005560146388789,-0.5315493984802211,False,False,False,False,False,False,False,False,False,True,False,False,False,False,False,False,False,False,True,False,False,0
0,0,0,0,-0.5487343374031931,1,0,-1.3268718566630604,-0.8017413770530688,False,True,False,True,True,False,True,False,True,False,True,False,True,False,True,False,False,False,False,False,False,0
0,0,1,0,-0.670763452692513,1,0,0.8546019662807788,-0.4026220755879288,False,True,True,False,False,True,False,True,False,True,False,False,False,False,False,False,False,False,False,True,False,0
0,0,1,1,-0.3860288503507666,1,1,0.4067387799036725,-0.23380697035351228,False,True,False,False,False,True,False,False,False,True,False,True,False,True,False,False,False,True,False,False,False,0
0,0,0,0,-1.2809090291391125,1,0,0.9768967109003578,-0.9648268668822599,False,False,True,False,False,False,False,False,False,True,False,False,False,True,False,True,False,False,False,True,False,1
1,0,1,1,-0.8334689397449395,1,1,-0.5170823314793626,-0.7555093079212506,False,False,False,False,False,True,False,False,False,False,False,False,False,False,False,False,False,False,False,True,False,0
0,0,1,0,-0.5894107091662998,0,1,-0.8525665633411804,-0.7121749753162132,True,False,False,False,False,False,False,False,False,True,False,False,False,True,False,False,False,False,False,True,False,1
1,0,0,0,-1.2809090291391125,1,0,-0.6129349691541678,-0.9859452194486459,False,False,False,False,False,False,False,False,False,False,False,False,False,False,False,False,False,False,False,False,True,1
1,0,1,1,1.2410260201734986,1,0,-1.3086929081385286,-0.31562412213617425,False,True,False,True,True,False,True,False,True,False,True,False,True,False,True,False,False,True,False,False,True,0
1,0,0,1,1.5664369942783516,1,0,1.383444105176255,2.2349108826174597,False,True,True,False,False,True,False,False,False,True,False,False,False,True,False,True,False,True,False,False,False,0
1,0,1,1,-0.5487343374031931,1,1,0.6215808988299597,-0.36273429324580464,False,True,True,False,False,False,False,False,False,False,False,False,False,False,False,True,False,False,False,True,False,1
0,0,1,0,-0.2233233632983401,1,1,0.3720335145386565,-0.0871639400588566,False,False,True,False,False,False,False,True,False,False,False,False,False,False,False,False,False,False,False,True,False,0
0,1,0,0,-0.06061787624591358,1,1,0.28774929865219007,-0.0866151263227239,False,False,True,False,False,True,False,False,False,False,False,False,False,False,False,False,False,False,True,False,False,0
1,0,1,0,0.9562914178317522,1,0,-1.483871866647655,-0.511572578484991,False,False,False,True,True,False,True,False,True,False,True,False,True,False,True,False,True,False,True,False,False,0
1,0,0,1,-1.1995562856128992,1,0,0.15884402729641803,-0.9096381575767564,False,False,True,False,False,False,False,False,False,False,False,False,False,False,False,False,False,False,False,True,False,1
0,0,1,0,1.4444078789890318,1,1,1.5189599032682206,2.3101422695665295,False,True,True,False,False,True,False,True,False,True,False,False,False,True,False,True,False,True,False,False,False,0
1,0,0,0,-1.2809090291391125,1,1,0.8281598593360051,-0.9668025963323376,False,False,True,False,False,False,False,False,False,False,False,False,False,True,False,True,False,False,False,True,False,1
0,0,0,0,-0.9961744267973661,1,1,-1.4756087082274132,-0.9443890433486785,False,False,False,True,True,False,True,False,True,False,True,False,True,False,True,False,True,False,False,False,False,0
0,0,0,0,0.10208761080651294,1,1,0.7141282731366679,0.3236560702606323,False,True,True,False,False,False,False,False,False,False,False,False,False,True,False,False,False,False,False,True,False,1
1,1,0,0,-0.9554980550342594,1,1,1.1785177763542578,-0.6029610418258072,False,True,True,False,False,False,False,False,False,True,False,False,False,True,False,True,False,False,False,True,False,1
1,0,1,1,1.6071133660414583,1,0,-1.483871866647655,-0.4254746795604942,False,False,False,True,True,False,True,False,True,False,True,False,True,False,True,False,False,True,False,False,False,0
0,0,0,1,-0.7114398244556197,1,1,0.695949324612136,-0.4488760972691922,False,False,True,False,False,False,False,True,False,False,False,False,False,False,False,True,False,False,False,False,False,1
1,0,1,1,0.9156150460686455,1,0,-1.5037034468562354,-0.499937727278978,False,False,False,True,True,False,True,False,True,False,True,False,True,False,True,False,False,True,False,False,False,0
0,0,0,0,0.9969677895948588,1,1,0.3125387739129155,0.822966807394157,False,False,False,False,False,True,False,True,False,True,False,True,False,True,False,False,False,True,True,False,False,0
1,0,1,0,-0.42670522211387324,1,1,-0.2840612640285434,-0.4389315923704678,False,False,False,False,False,True,False,False,False,False,False,True,False,False,False,False,True,False,True,False,False,0
0,0,1,1,1.403731507225925,1,1,0.35220193433007635,1.2897219137002898,False,True,False,False,False,True,False,False,False,False,False,False,False,True,False,True,False,True,False,True,False,0
0,0,0,0,-0.8741453115080462,1,0,0.836423017756247,-0.5725128557451653,False,True,True,False,False,False,False,False,False,False,False,True,False,True,False,False,False,False,False,True,False,1
0,1,0,0,0.6715568154900058,1,0,-0.6955665533565859,-0.0816099450491937,False,False,False,False,False,False,False,False,False,False,False,False,False,False,False,False,False,False,False,False,True,0
0,0,0,0,1.200349648410392,1,1,-1.2905139596139967,-0.31961948613522023,False,True,False,True,True,False,True,False,True,False,True,False,True,False,True,False,False,True,True,False,False,0
1,0,1,0,-0.5894107091662998,1,0,0.441444045268688,-0.36141714027908617,False,False,True,False,False,False,False,False,False,True,False,True,False,False,False,False,False,False,False,True,False,0
1,1,1,0,-0.34535247858766,0,0,-1.0112192050098232,-0.6426512512229235,True,False,False,False,False,False,False,False,False,True,False,True,False,False,False,False,False,False,False,False,True,0
1,0,0,0,-1.2809090291391125,1,1,-1.4954402884359934,-0.9976678808524403,False,False,False,True,True,False,True,False,True,False,True,False,True,False,True,False,False,False,False,False,True,1
1,1,1,0,1.1189969048841788,1,1,1.0942335604677915,1.5696388716774088,False,False,True,False,False,False,False,True,False,True,False,False,False,True,False,True,True,False,False,True,False,0
0,0,1,0,1.6071133660414583,0,1,-0.5170823314793626,0.5659463584884937,True,False,False,False,False,True,False,True,False,True,False,False,False,False,False,True,False,True,False,True,False,0
1,1,1,0,0.3461458413851527,1,1,0.6248861621980563,0.4309820844987419,False,True,True,False,False,True,False,False,False,True,False,False,False,False,False,False,False,False,False,False,False,1
1,0,1,0,0.6308804437268991,1,1,0.18859139760928828,0.4955006273185013,False,True,False,False,False,False,False,True,False,True,False,False,False,False,False,True,True,False,True,False,False,0
0,0,1,0,1.4850842507521385,1,1,1.3735283150719648,2.177680586213542,False,False,True,False,False,True,False,True,False,False,False,True,False,True,False,True,True,False,True,False,False,0
1,1,1,0,1.3223787636997117,1,1,1.1867809347744998,1.9242384028674646,False,True,True,False,False,True,False,False,False,False,False,False,False,True,False,True,True,False,False,True,False,0
0,0,0,0,-0.42670522211387324,1,1,-0.5303033849517497,-0.5432501073345702,False,False,False,False,False,True,False,False,False,False,False,False,False,False,False,False,False,False,True,False,False,1
0,0,1,1,0.3461458413851527,1,0,0.44970720368892986,0.36639768403064643,False,False,False,False,False,True,False,True,False,False,False,True,False,True,False,True,False,True,False,True,False,0
0,0,0,0,-1.2809090291391125,1,1,-0.37330337496715515,-0.9827620997790762,False,False,False,False,False,False,False,False,False,False,False,False,False,True,False,False,False,False,False,False,True,1
1,0,1,0,-1.2809090291391125,0,1,-1.3681876487642695,-0.9959775345451517,True,False,False,False,False,False,False,False,False,False,False,False,False,False,False,False,False,False,False,True,False,1
1,0,1,1,1.6071133660414583,1,0,-1.4723034448593166,-0.3910969871291422,False,False,False,True,True,False,True,False,True,False,True,False,True,False,True,False,False,True,False,False,False,0
0,0,0,0,-0.8334689397449395,0,0,-0.4955981195867339,-0.763873229259913,True,False,False,False,False,True,False,False,False,True,False,True,False,False,False,True,False,True,False,False,True,0
0,0,0,1,-1.1588799138497925,1,0,0.6348019523023464,-0.8598278228853531,False,True,True,False,False,False,False,True,False,True,False,False,False,False,False,False,False,False,False,False,False,1
1,0,1,1,1.3630551354628184,1,1,-1.4904823933838485,-0.4159692256506759,False,False,False,True,True,False,True,False,True,False,True,False,True,False,True,False,False,True,False,False,True,0
0,0,0,0,0.9969677895948588,0,1,-0.7848086642951974,-0.014786384537677026,True,False,False,False,False,True,False,False,False,True,False,True,False,False,False,False,True,False,True,False,False,0
0,0,0,0,-0.5894107091662998,1,1,0.2067703461338202,-0.45844740882734636,False,False,True,False,False,False,False,False,False,False,False,False,False,False,False,False,False,False,False,True,False,0
1,0,1,1,1.6071133660414583,1,0,0.11752823519520897,1.1254729387504976,False,False,False,False,False,True,False,True,False,False,False,True,False,True,False,False,False,True,False,False,False,0
0,0,1,1,-0.3860288503507666,1,0,0.6463703740906851,-0.1558973723721152,False,False,True,False,False,True,False,True,False,False,False,True,False,False,False,False,False,False,False,False,True,0
1,1,0,0,0.6715568154900058,1,1,1.0363914515260988,1.0652790481714636,False,True,True,False,False,False,False,False,False,False,False,False,False,True,False,True,False,False,False,True,False,1
1,0,1,1,0.3868222131482594,0,0,-0.5517875968443783,-0.11398995548102271,True,False,False,False,False,True,False,False,False,True,False,True,False,True,False,False,False,True,True,False,False,0
1,0,0,0,-1.1995562856128992,1,1,-1.465692918123123,-0.9724883066386724,False,False,False,True,True,False,True,False,True,False,True,False,True,False,True,False,False,False,False,True,False,0
1,0,0,0,-0.670763452692513,1,0,-0.31546126602546243,-0.6219499970959984,False,True,False,False,False,False,False,True,False,False,False,False,False,False,False,False,False,False,False,True,False,0
0,0,1,0,-0.30467610682455337,1,1,-1.4756087082274132,-0.783279282969565,False,False,False,True,True,False,True,False,True,False,True,False,True,False,True,False,True,False,False,False,False,0
0,1,1,0,1.5664369942783516,1,1,0.5240756294711062,1.4857801327963334,False,True,True,False,False,True,False,False,False,False,False,False,False,False,False,False,False,True,True,False,False,0
1,0,0,0,-1.1588799138497925,1,1,0.7802335404986025,-0.8435390311969346,False,False,True,False,False,False,False,False,False,False,False,False,False,True,False,True,False,False,False,True,False,1
0,0,1,1,0.3868222131482594,1,0,-1.4822192349636067,-0.6403023284322756,False,False,False,True,True,False,True,False,True,False,True,False,True,False,True,False,False,True,False,False,True,0
0,0,1,1,-0.42670522211387324,0,0,-0.8476086682890351,-0.63312384476366,True,False,False,False,False,False,False,True,False,False,False,False,False,True,False,False,False,False,False,True,False,0
1,1,0,0,-1.2809090291391125,1,0,-0.6129349691541678,-0.9859452194486459,False,False,False,False,False,False,False,False,False,False,False,False,False,False,False,False,False,False,False,True,False,0
1,0,0,0,1.200349648410392,1,1,0.5141598393668161,1.1807055531548916,False,False,False,False,False,False,False,True,False,True,False,True,False,True,False,True,False,False,False,False,False,0
1,0,0,0,-0.6300870809294065,1,1,1.3817914734922068,-0.27213612168501966,False,True,True,False,False,True,False,True,False,True,False,True,False,True,False,False,False,False,False,False,False,0
0,0,0,0,-0.8334689397449395,1,0,-1.5053560785402837,-0.905840366522718,False,False,False,True,True,False,True,False,True,False,True,False,True,False,True,False,True,False,False,False,True,0
0,1,1,0,1.6071133660414583,1,1,0.8265072276519564,1.9342048603156345,False,True,False,False,False,True,False,True,False,True,False,True,False,True,False,True,False,True,False,False,False,0
0,1,0,0,0.9562914178317522,1,1,1.0578756634187272,1.2854192140090095,False,True,True,False,False,True,False,True,False,False,False,False,False,False,False,True,False,False,False,True,False,0
0,0,1,1,0.9562914178317522,1,1,0.12909665698354733,0.6656328855196363,False,True,False,False,False,True,False,False,False,True,False,False,False,False,False,True,True,False,False,False,False,0
0,0,0,0,1.3223787636997117,1,0,-1.2673771160373195,-0.2605232230284518,False,True,False,True,True,False,True,False,True,False,True,False,True,False,True,False,False,True,False,False,False,0
1,1,0,0,0.9156150460686455,1,1,1.1223282990966135,1.4602054126925497,False,True,True,False,False,True,False,False,False,False,False,False,False,True,False,True,False,False,False,True,False,1
0,1,0,0,-0.5894107091662998,1,0,-1.470650813175268,-0.8440000347352862,False,False,False,True,True,False,True,False,True,False,True,False,True,False,True,False,True,False,False,False,False,0
1,0,1,1,0.9969677895948588,1,1,1.0810125069954044,1.4515341556616532,False,False,True,False,False,False,False,True,False,True,False,False,False,True,False,True,True,False,True,False,False,0
1,0,0,1,0.874938674305539,1,1,-0.12706125404394897,0.4351530688933504,False,False,False,False,False,False,False,True,False,True,False,True,False,False,False,False,True,False,False,True,False,0
0,0,1,1,0.427498584911366,1,1,1.1388546159370971,0.842109430510465,False,True,True,False,False,False,False,False,False,True,False,False,False,True,False,True,False,False,False,False,False,0
1,0,0,0,0.02073486728029968,1,1,0.796759857339086,0.3230194463267185,False,False,True,False,False,True,False,False,False,False,False,True,False,True,False,False,False,True,False,True,False,0
0,1,0,0,-1.2809090291391125,0,1,-1.2905139596139967,-0.9949457647212221,True,False,False,False,False,False,False,False,False,False,False,False,False,False,False,False,False,False,False,False,True,1
1,0,1,1,-0.46738159387697986,0,1,-1.2822508011937548,-0.7578801832613439,True,False,False,False,False,False,False,False,False,False,False,False,False,False,False,False,False,False,False,True,False,0
0,0,1,1,0.3461458413851527,1,1,0.44640194032083286,0.40360725534044306,False,True,False,False,False,True,False,True,False,True,False,False,False,True,False,False,True,False,True,False,False,0
1,1,0,0,0.22411672609583283,1,0,0.9884651326886961,0.5975799822391823,False,True,True,False,False,False,False,False,False,False,False,False,False,True,False,True,False,False,False,True,False,0
1,0,0,0,-0.06061787624591358,1,0,0.5571282631520734,0.11271402264067035,False,True,True,False,False,False,False,False,False,False,False,True,False,False,False,False,True,False,True,False,False,0
1,1,1,0,-1.2402326573760059,1,1,1.0132546079494216,-0.9265196681001979,False,False,True,False,False,False,False,False,False,True,False,False,False,True,False,True,False,False,True,False,False,0
0,0,0,0,0.5902040719637925,1,1,-0.19647178477398025,0.22879910410745768,False,False,False,False,False,True,False,True,False,False,False,True,False,False,False,False,True,False,False,False,True,0
1,0,0,0,-1.2402326573760059,0,1,-0.8079455078718746,-0.9724004964408911,True,False,False,False,False,False,False,True,False,True,False,True,False,False,False,False,False,False,True,False,False,1
1,0,0,1,-0.18264699153523348,1,1,-0.34520863633833293,-0.34040855045992674,False,False,False,False,False,False,False,True,False,False,False,True,False,False,False,False,True,False,True,False,False,0
0,1,0,0,0.3461458413851527,1,1,1.198349356562838,0.7570433014098976,False,False,True,False,False,False,False,False,False,True,False,True,False,True,False,True,True,False,False,False,False,0
0,0,1,1,-0.10129424800902022,1,0,0.5273808928392028,0.03397022778035153,False,False,False,False,False,False,False,True,False,True,False,True,False,True,False,True,False,True,False,False,False,0
0,0,0,0,-1.2809090291391125,1,1,-1.4772613399114616,-0.9974264028085419,False,False,False,True,True,False,True,False,True,False,True,False,True,False,True,False,False,False,False,False,True,1
1,0,0,0,-1.0368507985604727,0,1,-0.9699034129086141,-0.8967081059534701,True,False,False,False,False,False,False,False,False,True,False,True,False,False,False,False,True,False,True,False,False,0
0,0,1,0,-1.0368507985604727,1,1,0.5372966829434928,-0.7530945274822668,False,False,True,False,False,False,False,False,False,False,False,False,False,True,False,False,False,False,False,True,False,1
1,0,1,0,0.10208761080651294,1,1,0.34228614422578624,0.12480987738503478,False,True,True,False,False,False,False,False,False,False,False,False,False,False,False,False,False,False,False,True,False,1
0,1,0,0,-0.5894107091662998,1,1,-0.4955981195867339,-0.6261648865894974,False,False,False,False,False,False,False,True,False,False,False,False,False,False,False,False,False,False,True,False,False,0
1,0,1,0,0.5088513284375793,1,1,1.4181493705412704,1.1375248883959714,False,True,True,False,False,False,False,True,False,True,False,False,False,True,False,True,False,False,False,False,False,0
1,0,0,1,-0.06061787624591358,0,0,-1.3169560665587703,-0.6597742397902636,True,False,False,False,False,False,False,False,False,False,False,False,False,False,False,False,False,False,True,False,False,0
0,1,1,0,1.3223787636997117,1,0,0.9768967109003578,1.6834189354524387,False,False,True,False,False,True,False,True,False,True,False,False,False,False,False,True,False,False,False,True,False,0
0,0,0,0,-1.1588799138497925,1,1,0.46788615221346175,-0.8731749729481001,False,False,True,False,False,False,False,False,False,False,False,False,False,True,False,False,False,False,False,True,False,1
0,0,1,0,1.0376441613579654,1,1,-0.1254086223599007,0.5210753474222848,False,True,False,False,False,True,False,False,False,False,False,True,False,False,False,False,True,False,False,False,False,0
0,0,0,0,-0.5894107091662998,0,1,-0.8145560346080679,-0.6936909286832641,True,False,False,False,False,True,False,True,False,False,False,True,False,False,False,False,True,False,False,False,True,0
0,0,1,1,0.7935859307793257,1,1,-1.4689981814912199,-0.5274223191845032,False,False,False,True,True,False,True,False,True,False,True,False,True,False,True,False,True,False,False,True,False,0
0,0,0,0,-0.7114398244556197,1,1,0.6447177424066364,-0.43434350953639844,False,True,True,False,False,True,False,False,False,True,False,False,False,False,False,False,False,False,True,False,False,0
0,0,1,1,-1.2809090291391125,1,0,-1.4640402864390747,-0.9972507824129794,False,False,False,True,True,False,True,False,True,False,True,False,True,False,True,False,False,False,False,False,True,1
1,0,0,0,0.26479309785893945,1,1,-0.4972507512707824,-0.14083792345263402,False,False,False,False,False,False,False,False,False,False,False,True,False,False,False,False,False,True,False,False,False,0
1,0,1,1,-1.2809090291391125,1,0,-1.4855244983317035,-0.9975361655557684,False,False,False,True,True,False,True,False,True,False,True,False,True,False,True,False,False,False,False,False,True,1
1,0,0,1,-1.2809090291391125,1,1,-0.6757349731480056,-0.9867794163275676,False,False,False,False,False,False,False,False,False,False,False,False,False,False,False,False,False,False,False,True,False,1
0,1,1,0,-0.9961744267973661,1,1,0.6331493206182981,-0.7369594036399656,False,True,True,False,False,False,False,False,False,False,False,False,False,False,False,True,False,False,False,True,False,1
0,0,1,0,1.403731507225925,1,0,-1.4937876567519452,-0.42005239984750314,False,False,False,True,True,False,True,False,True,False,True,False,True,False,True,False,False,True,False,False,True,0
0,0,1,1,1.525760622515245,1,1,1.6627388597804285,2.6158973782407755,False,True,True,False,False,True,False,True,False,True,False,True,False,True,False,True,False,True,True,False,False,0
1,0,1,0,1.0783205331210721,0,1,-0.7864612959792459,0.07058708025512468,True,False,False,False,False,False,False,True,False,False,False,False,False,False,False,True,False,False,False,False,False,1
0,0,0,0,-0.8334689397449395,1,1,0.9702861841641642,-0.5469820407402726,False,True,True,False,False,False,False,False,False,False,False,False,False,True,False,True,False,False,False,True,False,1
0,1,0,0,-1.2402326573760059,1,1,0.6265387938821045,-0.9344006333510635,False,False,True,False,False,False,False,True,False,False,False,False,False,True,False,False,False,False,False,False,False,0
0,0,0,0,-0.10129424800902022,1,0,0.6711598493514106,0.11589714231023997,False,False,True,False,False,False,False,False,False,False,False,True,False,True,False,False,False,False,False,True,False,1
0,0,0,0,-0.792792567981833,1,0,-1.4756087082274132,-0.8863025975163942,False,False,False,True,True,False,True,False,True,False,True,False,True,False,True,False,True,False,False,False,True,0
0,0,1,1,0.752909559016219,1,0,0.682728271139749,0.9351882401585698,False,False,False,False,False,True,False,True,False,True,False,True,False,True,False,True,False,True,True,False,False,0
1,0,0,0,-0.792792567981833,1,0,-1.483871866647655,-0.8992985067880163,False,False,False,True,True,False,True,False,True,False,True,False,True,False,True,False,False,True,False,False,True,0
1,0,0,1,-1.1995562856128992,1,1,-1.4805666032795584,-0.9731468831220317,False,False,False,True,True,False,True,False,True,False,True,False,True,False,True,False,False,False,False,False,True,0
0,0,0,0,-1.2809090291391125,1,0,-1.4937876567519452,-0.9976459283029949,False,False,False,True,True,False,True,False,True,False,True,False,True,False,True,False,False,False,False,False,True,0
0,0,1,0,0.5902040719637925,1,0,-1.2541560625649326,-0.4570863507617373,False,True,False,True,True,False,True,False,True,False,True,False,True,False,True,False,True,False,False,True,False,0
0,0,1,1,0.3868222131482594,1,0,-1.3847139656047531,-0.5609658147369335,False,True,False,True,True,False,True,False,True,False,True,False,True,False,True,False,False,True,False,True,False,0
1,1,0,0,-0.5487343374031931,1,1,0.8512967029126818,-0.2774486386507841,False,True,True,False,False,True,False,False,False,False,False,False,False,True,False,False,False,False,False,True,False,1
0,0,1,0,0.3461458413851527,1,1,0.7058651147164261,0.4597399242720951,False,False,True,False,False,False,False,True,False,True,False,True,False,False,False,False,True,False,False,False,False,0
1,0,1,1,0.7935859307793257,1,0,0.4744966789496553,0.7570872065087884,False,False,False,False,False,True,False,True,False,True,False,False,False,True,False,True,False,True,False,True,False,0
1,1,0,0,-0.5487343374031931,1,1,0.7719703820783607,-0.2266065341354514,False,True,True,False,False,False,False,True,False,False,False,False,False,True,False,False,False,False,False,True,False,1
0,0,1,1,-1.0368507985604727,1,1,0.35881246106626985,-0.7630170798315459,False,False,False,False,False,True,False,True,False,True,False,True,False,True,False,False,False,False,False,True,False,0
0,1,1,0,-1.2809090291391125,1,1,0.8512967029126818,-0.9664952606401034,False,True,True,False,False,False,False,True,False,False,False,False,False,True,False,False,False,False,False,True,False,1
0,0,1,0,-0.2233233632983401,1,0,0.9967282911089379,0.07491173249585047,False,True,True,False,False,False,False,False,False,False,False,False,False,True,False,True,False,False,True,False,False,0
1,0,0,0,-0.9961744267973661,1,0,0.19354929266143356,-0.7633024629743349,False,False,True,False,False,False,False,False,False,False,False,False,False,False,False,False,False,False,False,False,False,0
0,0,0,0,0.7935859307793257,1,1,0.5075493126306225,0.8805922496880898,False,True,True,False,False,False,False,True,False,False,False,False,False,False,False,False,True,False,False,False,True,0
0,0,1,0,0.9562914178317522,1,0,0.8496440712286335,1.2401750096022306,False,True,True,False,False,False,False,True,False,True,False,True,False,False,False,False,False,False,False,True,False,0
1,0,0,0,-0.14197061977212685,1,0,0.8198967009157633,0.14564284680863196,False,False,True,False,False,False,False,True,False,False,False,True,False,True,False,False,False,False,False,False,True,0
0,0,0,0,-1.2402326573760059,1,1,0.1604966589804663,-0.9469135865348889,False,False,True,False,False,False,False,False,False,False,False,False,False,False,False,False,False,False,False,True,False,0
0,0,1,1,1.2817023919366053,1,1,0.8512967029126818,1.5478838951771088,False,True,False,False,False,True,False,True,False,True,False,True,False,True,False,True,False,True,False,False,True,0
0,0,1,1,1.6071133660414583,1,0,1.4776441111670116,2.456631632015068,False,True,True,False,False,True,False,True,False,True,False,False,False,True,False,True,False,True,True,False,False,0
1,1,1,0,-0.06061787624591358,1,0,0.8132861741795697,0.22642822876736443,False,True,True,False,False,True,False,False,False,False,False,False,False,True,False,False,False,False,False,True,False,0
0,0,0,0,1.1189969048841788,0,1,-0.4641981175898151,0.3229096835794919,True,False,False,False,False,False,False,True,False,False,False,False,False,True,False,True,False,False,False,True,False,1
1,0,1,0,0.9562914178317522,1,1,1.1801704080383062,1.415070971032997,False,True,True,False,False,True,False,False,False,False,False,False,False,True,False,True,True,False,False,True,False,0
1,0,0,0,1.2817023919366053,1,1,1.1719072496180643,1.8931316403034637,False,False,True,False,False,True,False,True,False,False,False,False,False,True,False,True,True,False,True,False,False,0
1,1,1,0,-0.5080579656400865,1,1,0.29105456202028707,-0.3637221579708435,False,False,True,False,False,False,False,True,False,False,False,False,False,False,False,False,False,False,False,True,False,1
0,0,1,1,0.9156150460686455,1,1,-1.2954718546661417,-0.39687050763325815,False,True,False,True,True,False,True,False,True,False,True,False,True,False,True,False,False,True,True,False,False,0
0,0,0,0,-0.30467610682455337,1,1,0.0315913876246938,-0.2688212867187781,False,False,False,False,False,False,False,True,False,False,False,True,False,False,False,True,False,False,False,False,False,0
0,0,1,1,0.1834403543327262,1,1,-1.3467034368716408,-0.6278771854462315,False,True,False,True,True,False,True,False,True,False,True,False,True,False,True,False,False,True,False,False,False,0
0,1,1,0,1.403731507225925,1,1,1.3470862081271906,2.116323210513907,False,True,True,False,False,True,False,True,False,False,False,False,False,True,False,True,True,False,False,True,False,0
1,1,1,0,-0.46738159387697986,1,1,0.14066507877188567,-0.3587828343456492,False,False,True,False,False,False,False,False,False,False,False,False,False,False,False,False,False,False,False,True,False,1
1,0,1,1,-1.2402326573760059,1,0,0.8314651227041017,-0.9228316397933861,False,False,True,False,False,False,False,False,False,True,False,True,False,False,False,True,False,False,True,False,False,1
1,0,1,1,1.4850842507521385,1,0,-1.4855244983317035,-0.4106128035860208,False,False,False,True,True,False,True,False,True,False,True,False,True,False,True,False,False,True,False,False,False,0
0,0,0,0,-1.118203542086686,1,1,0.8579072296488753,-0.8062855547882475,False,True,True,False,False,False,False,True,False,False,False,False,False,True,False,False,False,False,False,True,False,1
0,0,0,0,0.427498584911366,1,0,0.6695072176673619,0.6016412038865642,False,True,False,False,False,False,False,True,False,True,False,True,False,True,False,True,True,False,True,False,False,0
1,1,0,0,0.9969677895948588,1,0,0.9554124990077288,1.4636300104060178,False,True,True,False,False,True,False,False,False,False,False,True,False,False,False,True,False,True,False,True,False,0
1,0,1,0,-0.10129424800902022,1,0,-1.4888297616998003,-0.7530945274822668,False,False,False,True,True,False,True,False,True,False,True,False,True,False,True,False,True,False,True,False,False,0
0,0,1,0,0.5088513284375793,1,0,-1.3004297497182866,-0.5140751691217562,False,True,False,True,True,False,True,False,True,False,True,False,True,False,True,False,False,True,False,False,True,0
1,0,0,0,-0.8741453115080462,1,0,-0.3666928482309616,-0.7393302789800589,False,True,False,False,False,False,False,False,False,True,False,False,False,False,False,False,False,False,False,True,False,1
0,0,1,1,0.427498584911366,1,0,-0.2873665273966402,0.09104685633815165,False,False,False,False,False,False,False,False,False,False,False,False,False,True,False,False,False,False,False,True,False,1
1,0,0,0,0.5902040719637925,1,0,1.1867809347744998,1.0437435971656166,False,True,True,False,False,True,False,True,False,False,False,True,False,True,False,False,False,False,False,False,True,0
0,0,1,1,1.6071133660414583,1,1,0.3141914055969638,1.2932123690620936,False,False,False,False,False,True,False,True,False,True,False,True,False,False,False,True,False,True,False,True,False,0
1,0,1,1,0.8342623025424323,1,1,-1.502050815172187,-0.518773014703052,False,False,False,True,True,False,True,False,True,False,True,False,True,False,True,False,False,True,False,False,True,0
0,0,0,0,-1.2809090291391125,1,0,-0.5071665413750724,-0.9845402562841463,False,False,False,False,False,False,False,True,False,False,False,False,False,False,False,False,False,False,False,True,False,0
0,0,0,0,-0.9148216832711529,0,0,-0.7980297177675842,-0.8090076709194657,True,False,False,False,False,True,False,True,False,True,False,False,False,False,False,False,False,False,False,False,False,0
1,0,1,0,0.7935859307793257,1,0,-0.11549283225561037,0.38532078165250183,False,True,False,False,False,False,False,True,False,False,False,True,False,False,False,False,False,False,False,False,False,0
0,0,0,0,-1.2809090291391125,1,0,-1.4855244983317035,-0.9975361655557684,False,False,False,True,True,False,True,False,True,False,True,False,True,False,True,False,False,False,False,False,False,0
0,0,1,1,-0.8334689397449395,1,0,-1.3086929081385286,-0.8856659735824802,False,True,False,True,True,False,True,False,True,False,True,False,True,False,True,False,False,True,True,False,False,0
1,1,0,0,-0.10129424800902022,1,1,0.14066507877188567,-0.08694441456440352,False,True,False,False,False,False,False,False,False,True,False,True,False,True,False,False,False,True,True,False,False,0
0,1,1,0,1.525760622515245,1,1,0.9041809168022297,1.8363403948884525,False,True,False,False,False,True,False,True,False,True,False,True,False,True,False,True,False,True,False,False,False,0
0,0,1,1,0.6308804437268991,1,0,0.48937036410609064,0.6929857621284897,False,True,False,False,False,False,False,True,False,False,False,True,False,True,False,True,False,True,False,True,False,0
1,0,1,0,-0.06061787624591358,1,0,0.786844067234796,0.17178833319799333,False,True,True,False,False,False,False,False,False,True,False,False,False,True,False,False,False,False,True,False,False,0
1,0,1,1,-1.118203542086686,1,1,-1.2872086962459,-0.94700139673267,False,True,False,True,True,False,True,False,True,False,True,False,True,False,True,False,False,False,False,False,False,1
1,0,0,0,-0.30467610682455337,1,1,-1.4987455518040902,-0.7795912546627533,False,False,False,True,True,False,True,False,True,False,True,False,True,False,True,False,True,False,False,False,False,0
0,0,1,1,-1.2809090291391125,1,1,0.3257598273853026,-0.9734761713637112,False,False,True,False,False,False,False,True,False,False,False,False,False,False,False,False,False,False,False,True,False,1
1,0,0,0,-0.7521161962187263,1,1,1.1801704080383062,-0.3847746528888936,False,True,True,False,False,False,False,True,False,False,False,False,False,True,False,True,False,False,False,True,False,1
1,0,0,0,0.752909559016219,1,0,-1.511966605276477,-0.5637976936153782,False,False,False,True,True,False,True,False,True,False,True,False,True,False,True,False,True,False,False,True,False,0
0,0,1,1,-1.2402326573760059,1,1,0.28774929865219007,-0.942435266448046,False,False,True,False,False,False,False,True,False,False,False,False,False,False,False,False,False,False,False,False,False,1
1,1,0,0,-1.1588799138497925,0,1,-0.45924022253766983,-0.9152360576853098,True,False,False,False,False,False,False,True,False,False,False,False,False,True,False,True,False,False,True,False,False,0
0,0,1,0,1.0783205331210721,1,0,-1.5351034488531543,-0.5418231916206252,False,False,False,True,True,False,True,False,True,False,True,False,True,False,True,False,False,True,False,False,False,0
1,0,0,0,1.6071133660414583,1,1,1.191738829826645,2.2686299985654523,False,True,True,False,False,False,False,True,False,True,False,False,False,True,False,True,False,True,False,False,False,0
0,0,0,0,1.4444078789890318,0,0,-0.6575560246234734,0.3483526883866035,True,False,False,False,False,False,False,True,False,False,False,True,False,False,False,True,False,False,False,True,False,0
0,0,0,0,-1.0775271703235794,0,1,-0.5583981235805716,-0.8723188235197332,True,False,False,False,False,False,False,False,False,True,False,False,False,True,False,True,False,False,False,True,False,1
1,0,0,0,-1.0775271703235794,1,0,-0.664166551359667,-0.8873124147908783,False,False,False,False,False,False,False,False,False,False,False,False,False,False,False,False,False,False,False,True,False,1
1,0,0,1,1.200349648410392,1,0,-1.4822192349636067,-0.457415639003417,False,False,False,True,True,False,True,False,True,False,True,False,True,False,True,False,False,True,False,False,False,0
1,0,1,0,-1.2809090291391125,1,1,0.3224545640172056,-0.9735200764626019,False,True,True,False,False,False,False,False,False,False,False,False,False,False,False,False,False,False,False,False,False,1
1,0,1,0,1.3223787636997117,1,1,0.8529493345967305,1.5977381349674027,False,True,True,False,False,False,False,True,False,False,False,False,False,False,False,True,False,False,False,True,False,0
0,0,1,0,-0.8741453115080462,1,1,1.2280967268757088,-0.5034062300913367,False,True,True,False,False,False,False,True,False,False,False,False,False,True,False,True,False,False,False,True,False,1
0,0,0,0,1.4444078789890318,1,1,0.5819177384127989,1.4728720337224925,False,False,False,False,False,True,False,True,False,True,False,True,False,True,False,True,False,True,True,False,False,0
0,1,0,0,-1.1588799138497925,1,0,-1.4805666032795584,-0.9661220672995332,False,False,False,True,True,False,True,False,True,False,True,False,True,False,True,False,False,False,False,False,True,0
0,0,1,1,-1.118203542086686,1,1,-0.5104718047431692,-0.9041719727648746,False,False,False,False,False,True,False,False,False,False,False,False,False,False,False,False,False,False,False,False,True,0
0,0,1,1,1.6071133660414583,1,1,0.1918966609773853,1.1938770828220762,False,False,False,False,False,True,False,True,False,True,False,False,False,True,False,False,False,True,True,False,False,0
1,0,0,0,-0.26399973506144675,1,0,-0.5187349631634111,-0.4630354916614157,False,False,False,False,False,False,False,False,False,False,False,True,False,False,False,False,False,False,False,False,False,0
0,0,0,0,-1.1995562856128992,1,0,-0.669124446411812,-0.9524017238962158,False,False,False,False,False,False,False,False,False,False,False,False,False,False,False,False,False,False,False,True,False,0
1,0,0,0,-1.2402326573760059,1,1,0.35881246106626985,-0.9232048331339565,False,False,True,False,False,True,False,False,False,False,False,False,False,False,False,False,False,False,False,True,False,1
1,0,0,0,-1.2402326573760059,1,1,-0.3633875848628648,-0.9587899157848002,False,False,False,False,False,True,False,True,False,False,False,False,False,False,False,False,False,False,False,False,True,1
1,0,0,0,-1.2809090291391125,1,1,0.6529809008268782,-0.9691295665735403,False,False,True,False,False,True,False,False,False,False,False,False,False,False,False,True,False,False,False,False,True,1
1,1,0,0,-0.30467610682455337,1,1,0.796759857339086,-0.00031965445321930833,False,True,True,False,False,False,False,True,False,False,False,False,False,True,False,False,False,False,False,True,False,1
1,0,1,1,1.6071133660414583,1,1,1.502433586427737,2.491602043281443,False,True,True,False,False,True,False,True,False,True,False,False,False,True,False,True,False,True,False,False,False,0
0,0,1,1,0.9156150460686455,1,0,-0.30224021255307537,0.3687466068212945,False,False,False,False,False,True,False,True,False,False,False,False,False,False,False,False,False,False,False,True,False,0
1,1,1,0,0.5495277002006859,1,1,1.1239809307806616,0.9979505790227046,False,True,True,False,False,False,False,False,False,True,False,False,False,True,False,True,False,False,False,True,False,0
1,0,0,1,0.9969677895948588,1,1,-1.4954402884359934,-0.4923421451709015,False,False,False,True,True,False,True,False,True,False,True,False,True,False,True,False,False,True,False,False,True,0
0,0,0,0,0.9562914178317522,1,1,1.3421283130750459,1.591569468573271,False,True,True,False,False,False,False,True,False,False,False,True,False,True,False,True,False,False,False,False,False,0
0,0,0,0,-1.0368507985604727,1,0,-0.06756651341820798,-0.8226182515755565,False,False,False,False,False,False,False,False,False,True,False,True,False,False,False,True,False,False,False,False,False,0
1,1,0,0,-1.118203542086686,1,1,0.6843809028237973,-0.8269209512668367,False,False,True,False,False,False,False,True,False,False,False,False,False,False,False,True,False,False,False,True,False,0
0,0,1,1,1.0376441613579654,1,1,-0.6856507632522956,0.053178708544995804,False,False,False,False,False,False,False,False,False,False,False,False,False,False,False,False,True,False,False,False,True,0
1,0,0,1,-1.1995562856128992,1,1,-0.3352928462340426,-0.9318760901648531,False,False,False,False,False,False,False,False,False,False,False,False,False,True,False,False,False,False,True,False,False,1
1,0,0,0,0.9969677895948588,0,1,-0.8443034049209386,-0.07923906970910062,True,False,False,False,False,False,False,True,False,False,False,False,False,True,False,False,False,False,False,True,False,1
1,1,1,0,0.9156150460686455,1,1,0.30262298380862546,0.7729369472083005,False,True,True,False,False,False,False,False,False,False,False,False,False,False,False,False,False,False,False,True,False,0
0,0,0,0,-1.2809090291391125,1,1,0.17371771245285295,-0.9754958059126795,False,False,True,False,False,False,False,False,False,False,False,False,False,False,False,False,False,False,False,True,False,1
0,0,0,1,-0.06061787624591358,1,1,0.7174335365047645,0.17802285724046085,False,True,True,False,False,False,False,False,False,False,False,False,False,True,False,False,False,False,True,False,False,1
0,0,1,1,0.22411672609583283,1,0,-1.4954402884359934,-0.6712334706007143,False,False,False,True,True,False,True,False,True,False,True,False,True,False,True,False,True,False,True,False,False,0
1,0,0,0,-1.2402326573760059,1,0,-1.502050815172187,-0.9840573001963495,False,False,False,True,True,False,True,False,True,False,True,False,True,False,True,False,False,False,False,False,True,0
0,0,1,0,1.4444078789890318,1,1,0.8298124910200534,1.6167490427870392,False,True,True,False,False,False,False,False,False,True,False,False,False,True,False,False,False,True,False,False,False,0
0,0,1,0,0.3868222131482594,1,1,0.6430651107225881,0.5692172883558447,False,True,True,False,False,False,False,False,False,True,False,True,False,False,False,False,False,False,False,True,False,1
0,0,0,0,0.7935859307793257,1,1,0.532338787891348,0.8526466542442128,False,True,False,False,False,False,False,False,False,True,False,True,False,True,False,True,False,True,False,False,False,0
1,0,1,0,1.6071133660414583,1,0,0.5720019483085088,1.5333293548948699,False,True,False,False,False,False,False,True,False,True,False,False,False,True,False,True,False,True,False,False,False,0
0,0,1,1,1.4444078789890318,1,1,0.2695703501276582,1.2605469754874759,False,True,False,False,False,True,False,True,False,True,False,False,False,True,False,False,True,False,True,False,False,0
0,0,0,0,0.06141123904340631,1,0,0.6777703760876037,0.2654818142305668,False,True,True,False,False,False,False,False,False,False,False,False,False,True,False,False,False,False,False,True,False,0
0,0,1,0,1.525760622515245,1,1,1.2198335684554669,2.097509875639279,False,True,True,False,False,False,False,False,False,True,False,False,False,True,False,True,True,False,False,True,False,0
1,0,0,1,1.200349648410392,1,1,-1.3367876467673507,-0.3858942329106043,False,True,False,True,True,False,True,False,True,False,True,False,True,False,True,False,False,True,False,False,True,0
1,0,0,0,0.427498584911366,1,0,0.9752440792163091,0.7153773625627037,False,True,True,False,False,False,False,False,False,False,False,False,False,True,False,True,True,False,False,False,True,0
0,0,0,0,0.02073486728029968,1,1,-0.13036651741204572,-0.11330942644821819,False,True,False,False,False,True,False,True,False,False,False,False,False,False,False,False,False,False,False,False,True,0
1,0,1,1,-0.5080579656400865,1,0,1.0562230317346788,-0.20425883880012807,False,True,True,False,False,False,False,True,False,False,False,True,False,True,False,False,False,False,False,False,True,0
1,0,1,1,1.5664369942783516,1,1,0.04481244109708089,1.0539954377565754,False,True,False,False,False,True,False,False,False,False,False,False,False,True,False,False,True,False,False,True,False,0
1,0,1,0,-0.3860288503507666,1,0,-1.5053560785402837,-0.7928066894288285,False,False,False,True,True,False,True,False,True,False,True,False,True,False,True,False,True,False,True,False,False,0
0,0,1,0,0.6715568154900058,1,1,1.1900861981425963,1.1219605308392484,False,True,True,False,False,True,False,False,False,False,False,False,False,True,False,True,False,False,False,False,True,0
0,0,1,0,0.6715568154900058,1,0,-1.4673455498071712,-0.6107322443294461,False,False,False,True,True,False,True,False,True,False,True,False,True,False,True,False,True,False,False,False,False,0
1,1,0,0,-0.8741453115080462,1,0,-0.15185072930467441,-0.7152044271396656,False,True,False,False,False,True,False,True,False,False,False,False,False,False,False,False,False,False,False,False,False,0
0,0,1,0,0.4681749566744726,1,1,1.0000335544770345,0.7765152127678857,False,True,True,False,False,True,False,True,False,True,False,True,False,False,False,False,False,False,True,False,False,0
0,0,1,0,-0.06061787624591358,1,1,-0.5170823314793626,-0.34833342080968277,False,False,False,False,False,False,False,False,False,False,False,True,False,False,False,False,False,False,False,False,True,0
0,0,0,1,-0.7114398244556197,1,0,0.024980860888500257,-0.5628317814397846,False,False,False,False,False,True,False,True,False,True,False,True,False,False,False,False,True,False,True,False,False,0
0,0,0,0,-0.34535247858766,1,1,1.2991598892897886,0.08900526923973799,False,True,True,False,False,False,False,True,False,True,False,False,False,True,False,True,False,False,False,True,False,0
0,1,0,0,-0.01994150448280695,1,0,-0.3369454779180911,-0.2027660654378472,False,False,False,False,False,False,False,True,False,False,False,True,False,False,False,False,False,False,False,False,False,0
0,0,0,1,-0.9961744267973661,0,1,-0.8707455118657124,-0.861035213104845,True,False,False,False,False,True,False,False,False,False,False,False,False,False,False,True,False,False,False,True,False,0
1,1,0,0,1.5664369942783516,1,1,1.3867493685443515,2.3407002183943977,False,True,True,False,False,False,False,True,False,False,False,True,False,True,False,True,False,True,False,True,False,0
1,0,0,1,-0.18264699153523348,1,1,0.3323703541214962,-0.0980743571331745,False,False,True,False,False,True,False,False,False,False,False,False,False,False,False,False,False,False,False,False,False,1
0,0,1,1,0.26479309785893945,1,1,-1.4871771300157517,-0.6309724949180199,False,False,False,True,True,False,True,False,True,False,True,False,True,False,True,False,False,True,False,False,False,0
1,0,1,1,1.2410260201734986,1,0,0.6166230037778144,1.37996884446995,False,True,False,False,False,True,False,True,False,True,False,False,False,True,False,True,False,True,True,False,False,0
0,0,0,0,0.26479309785893945,1,1,1.2760230457131114,0.7474939424011887,False,True,True,False,False,False,False,True,False,True,False,False,False,True,False,True,False,False,False,True,False,1
0,0,0,0,-0.8741453115080462,1,0,-0.5385665433719915,-0.7863087347930174,False,False,False,False,False,True,False,False,False,False,False,False,False,False,False,False,False,False,True,False,False,1
0,0,0,0,-1.0775271703235794,0,1,-0.04773493320962758,-0.8531322953045342,True,False,False,False,False,True,False,True,False,True,False,True,False,True,False,True,False,True,False,False,True,0
1,0,0,0,-1.2402326573760059,1,0,-1.4871771300157517,-0.9836182492074433,False,False,False,True,True,False,True,False,True,False,True,False,True,False,True,False,False,False,False,False,True,0
1,0,1,1,0.7122331872531124,1,0,1.3586546299155295,1.3390492923038964,False,True,True,False,False,True,False,False,False,True,False,False,False,True,False,True,False,False,True,False,False,1
1,1,1,0,-0.10129424800902022,1,1,0.48937036410609064,0.032148166176390956,False,False,True,False,False,False,False,True,False,True,False,False,False,False,False,False,False,False,False,False,True,1
0,1,1,0,1.0376441613579654,1,1,1.0892756654156461,1.3904182580059166,False,True,True,False,False,False,False,True,False,False,False,False,False,True,False,True,True,False,False,False,False,0
1,0,0,0,1.525760622515245,1,1,1.2942019942376433,2.1769122469829565,False,True,True,False,False,True,False,False,False,False,False,True,False,True,False,True,False,True,True,False,False,1
1,0,0,0,-1.1995562856128992,1,0,-1.4871771300157517,-0.9779325389011085,False,False,False,True,True,False,True,False,True,False,True,False,True,False,True,False,False,False,False,False,True,1
0,1,0,0,-1.2809090291391125,1,0,-0.6525981295713283,-0.9864720806353334,False,False,False,False,False,False,False,False,False,False,False,False,False,False,False,False,False,False,False,False,True,1
0,0,1,0,1.0376441613579654,1,1,0.6430651107225881,1.152277001623218,False,True,False,False,False,True,False,False,False,True,False,True,False,True,False,True,False,True,False,True,False,0
1,0,1,1,-0.3860288503507666,0,1,-1.1401244763655956,-0.7082674215149484,True,False,False,False,False,False,False,False,False,False,False,True,False,False,False,False,False,False,False,False,False,0
1,0,1,0,1.3223787636997117,1,1,0.8926124950138908,1.6020627872081286,False,True,True,False,False,False,False,True,False,False,False,False,False,True,False,False,False,False,False,False,False,1
0,0,0,0,-1.118203542086686,1,1,-0.3650402165469133,-0.8816047519350982,False,True,False,False,False,True,False,False,False,False,False,False,False,False,False,False,False,False,False,True,False,0
1,0,0,0,-0.14197061977212685,1,1,1.1223282990966135,0.22618675072346595,False,False,True,False,False,False,False,False,False,True,False,True,False,True,False,True,False,False,True,False,False,0
0,0,1,0,-0.7521161962187263,1,0,-1.4689981814912199,-0.8778947710788413,False,False,False,True,True,False,True,False,True,False,True,False,True,False,True,False,False,True,False,False,True,0
0,0,1,1,1.2817023919366053,1,0,-1.320261329926867,-0.30576742743523105,False,True,False,True,True,False,True,False,True,False,True,False,True,False,True,False,True,False,False,False,True,0
1,1,0,0,-1.118203542086686,1,1,0.8248545959679081,-0.7856062532107676,False,True,True,False,False,False,False,True,False,False,False,False,False,False,False,True,False,False,False,True,False,1
1,0,0,0,-0.7521161962187263,0,1,-0.32537705612975254,-0.6673478693488948,True,False,False,False,False,False,False,False,False,True,False,True,False,True,False,True,False,False,False,True,False,0
1,0,0,0,-1.1588799138497925,1,1,0.3290650907533992,-0.8649427669061097,False,False,True,False,False,False,False,False,False,True,False,False,False,False,False,False,False,False,False,False,False,1
1,0,1,1,0.8342623025424323,1,1,0.4596229937932199,0.7246632909780687,False,True,False,False,False,False,False,False,False,True,False,True,False,True,False,True,True,False,False,False,True,0
1,0,1,1,0.5902040719637925,1,1,1.606549382522784,1.3285120685701488,False,True,True,False,False,True,False,True,False,True,False,True,False,True,False,True,True,False,False,False,False,0
0,0,0,0,-0.3860288503507666,1,1,0.8331177543881498,-0.053620444506426335,False,True,True,False,False,True,False,False,False,False,False,False,False,True,False,False,False,False,False,False,False,1
1,0,0,0,-1.0368507985604727,0,1,-1.3384402784513991,-0.9400424385585076,True,False,False,False,False,False,False,False,False,False,False,False,False,False,False,False,True,False,True,False,False,0
0,0,1,1,1.6071133660414583,1,1,0.18528613424119175,1.2617324131575225,False,True,False,False,False,True,False,True,False,True,False,True,False,False,False,False,False,True,False,False,False,0
0,1,0,0,-1.0368507985604727,1,1,-0.4476718007493315,-0.822157248037205,False,False,False,False,False,False,False,True,False,False,False,False,False,False,False,False,False,False,False,False,True,0
0,0,0,0,-0.06061787624591358,1,0,0.4744966789496553,0.09012484926144856,False,False,False,False,False,False,False,True,False,True,False,True,False,True,False,True,False,True,False,False,True,0
0,0,1,0,0.3054694696220461,1,0,-0.031208616369143946,0.15062607553271676,False,True,False,False,False,False,False,True,False,False,False,False,False,True,False,False,True,False,False,False,False,0
0,0,1,1,-1.1995562856128992,1,1,0.15553876392832103,-0.9183752722559888,False,False,True,False,False,False,False,False,False,False,False,False,False,False,False,False,False,False,False,True,False,0
0,1,0,0,-0.792792567981833,1,1,0.9983809227929862,-0.43989750454606136,False,True,True,False,False,False,False,False,False,False,False,False,False,True,False,True,False,False,False,True,False,1
1,0,0,0,-0.6300870809294065,1,0,0.029938755940645535,-0.5183998213624817,False,True,False,False,False,True,False,False,False,False,False,False,False,False,False,True,False,False,False,False,False,0
1,0,1,1,-1.2809090291391125,1,1,-1.4772613399114616,-0.9974264028085419,False,False,False,True,True,False,True,False,True,False,True,False,True,False,True,False,False,False,False,False,False,0
1,0,0,0,-0.8334689397449395,1,1,0.49928615421038075,-0.5481674784103191,False,False,True,False,False,False,False,False,False,False,False,False,False,False,False,True,False,False,False,False,False,0
1,0,1,1,0.1834403543327262,0,0,-0.8145560346080679,-0.370176207507764,True,False,False,False,False,True,False,True,False,True,False,False,False,False,False,False,False,False,False,False,False,1
1,0,0,0,-1.118203542086686,1,0,0.4596229937932199,-0.8190838911148619,False,False,True,False,False,False,False,False,False,False,False,False,False,False,False,True,False,False,False,False,True,0
1,0,0,0,-1.1588799138497925,1,1,-0.11714546393965887,-0.896773963601806,False,False,False,False,False,False,False,False,False,False,False,True,False,True,False,False,False,False,False,True,False,0
1,0,0,0,0.7935859307793257,1,1,-0.05269282826177262,0.46123269763437585,False,False,False,False,False,True,False,True,False,False,False,False,False,True,False,False,False,True,True,False,False,0
1,0,1,0,0.7122331872531124,1,0,-1.4888297616998003,-0.561426818275285,False,False,False,True,True,False,True,False,True,False,True,False,True,False,True,False,False,True,False,True,False,0
0,0,1,0,-0.9961744267973661,1,0,1.2000019882468869,-0.636197201686003,False,False,True,False,False,False,False,True,False,True,False,False,False,True,False,True,False,False,False,True,False,1
0,1,1,0,1.525760622515245,1,1,1.5916756973663486,2.5006903987518005,False,True,True,False,False,True,False,True,False,True,False,True,False,True,False,True,False,True,True,False,False,0
0,0,1,0,0.3054694696220461,1,1,0.46292825716131647,0.36657330442620895,False,True,True,False,False,False,False,False,False,False,False,True,False,False,False,False,False,False,True,False,False,0
1,1,1,0,-1.2809090291391125,1,1,0.5108545759987191,-0.9710174858258366,False,True,True,False,False,True,False,False,False,False,False,False,False,False,False,False,False,False,False,True,False,1
1,0,0,0,0.10208761080651294,1,0,-1.4574297597028811,-0.681419453543337,False,False,False,True,True,False,True,False,True,False,True,False,True,False,True,False,False,False,False,False,False,0
1,0,0,0,-1.118203542086686,1,0,1.046307241630389,-0.7900187156492744,False,False,True,False,False,False,False,False,False,True,False,False,False,True,False,True,False,False,False,False,False,1
0,0,1,1,1.403731507225925,1,0,0.30262298380862546,1.1312025541557225,False,True,False,False,False,True,False,True,False,False,False,True,False,True,False,False,False,True,True,False,False,0
1,0,1,1,0.26479309785893945,1,0,-1.3103455398225767,-0.5725128557451653,False,True,False,True,True,False,True,False,True,False,True,False,True,False,True,False,False,True,False,False,True,0
0,0,0,0,1.525760622515245,0,1,-0.669124446411812,0.33641050148835616,True,False,False,False,False,True,False,True,False,True,False,True,False,False,False,False,False,True,False,False,False,0
1,0,0,0,-0.30467610682455337,1,0,0.3125387739129155,-0.14913598714296036,False,False,True,False,False,True,False,False,False,False,False,False,False,False,False,False,False,False,False,False,False,0
0,0,1,1,1.0783205331210721,1,0,0.021675597520403718,0.662691243893965,False,True,False,False,False,True,False,True,False,False,False,True,False,False,False,False,True,False,False,False,True,0
1,0,1,1,-0.9961744267973661,1,1,-0.4559349591695733,-0.8240451672895014,False,False,False,False,False,False,False,False,False,True,False,False,False,False,False,False,False,False,False,True,False,1
0,0,0,0,1.6071133660414583,1,1,1.6544757013601865,2.7242112572039243,False,True,True,False,False,True,False,True,False,True,False,True,False,True,False,True,False,True,False,True,False,0
1,0,0,0,-0.46738159387697986,1,1,-1.483871866647655,-0.8234524484544781,False,False,False,True,True,False,True,False,True,False,True,False,True,False,True,False,False,False,False,False,True,0
0,0,0,0,-1.2809090291391125,1,1,1.0248230297377598,-0.9641902429483461,False,False,True,False,False,False,False,False,False,False,False,True,False,True,False,True,False,False,False,True,False,0
1,0,1,1,1.1189969048841788,1,0,0.3141914055969638,0.948952488660778,False,True,True,False,False,False,False,False,False,False,False,False,False,False,False,False,False,False,False,False,False,0
1,1,0,0,-1.1588799138497925,1,1,0.1918966609773853,-0.8772581471449274,False,False,True,False,False,False,False,False,False,False,False,False,False,False,False,False,False,False,False,True,False,0
0,0,1,1,-0.42670522211387324,1,0,-0.12210335899180391,-0.38192082146100365,False,False,False,False,False,True,False,True,False,True,False,False,False,False,False,False,False,False,False,False,True,1
1,0,1,0,1.5664369942783516,1,1,-1.333482383399254,-0.2088688741836427,False,True,False,True,True,False,True,False,True,False,True,False,True,False,True,False,False,True,False,True,False,0
0,0,0,0,-1.2809090291391125,1,0,0.887654599961746,-0.9660123045523066,False,False,True,False,False,False,False,True,False,False,False,True,False,True,False,False,False,False,False,True,False,1
0,1,0,0,-0.9961744267973661,1,0,1.2066125149830798,-0.6635939833937472,False,True,True,False,False,False,False,False,False,True,False,False,False,True,False,True,False,False,False,True,False,1
0,0,0,1,-0.3860288503507666,1,1,-0.5088191730591207,-0.5148215558028967,False,False,False,False,False,False,False,False,False,False,False,True,False,False,False,False,True,False,False,True,False,0
1,0,0,0,-1.1995562856128992,1,1,-1.4937876567519452,-0.9762641451432653,False,False,False,True,True,False,True,False,True,False,True,False,True,False,True,False,False,False,False,False,True,0
1,0,0,0,0.10208761080651294,1,0,-1.4623876547550263,-0.6752288345997602,False,False,False,True,True,False,True,False,True,False,True,False,True,False,True,False,True,False,False,False,False,0
0,0,1,1,1.1596732766472853,1,0,-1.4904823933838485,-0.43041400318568845,False,False,False,True,True,False,True,False,True,False,True,False,True,False,True,False,False,True,True,False,False,0
0,1,0,0,0.3868222131482594,1,1,0.6546335325109269,0.5485599393278101,False,True,True,False,False,False,False,False,False,False,False,False,False,True,False,False,False,False,False,True,False,1
0,0,1,0,0.427498584911366,1,0,0.5158124710508644,0.4860171259581284,False,True,True,False,False,False,False,True,False,False,False,False,False,False,False,False,False,False,False,True,False,0
1,0,0,0,-0.7521161962187263,1,1,-0.30885073928926887,-0.6692796937000819,False,True,False,False,False,False,False,True,False,False,False,False,False,False,False,False,False,False,True,False,False,0
1,0,0,1,-1.1995562856128992,1,0,0.8926124950138908,-0.8934152235366739,False,True,True,False,False,False,False,False,False,True,False,False,False,False,False,True,False,False,False,True,False,1
1,0,0,0,-1.2809090291391125,1,1,0.3340229858055444,-0.9733664086164847,False,True,True,False,False,False,False,False,False,False,False,False,False,False,False,False,False,False,False,True,False,1
0,0,1,1,0.06141123904340631,0,0,-0.11879809562370715,-0.1311568491472533,True,False,False,False,False,True,False,False,False,True,False,True,False,True,False,True,True,False,False,False,True,0
1,0,0,0,-0.8741453115080462,1,1,0.2860966669681418,-0.658654659768553,False,False,True,False,False,True,False,False,False,False,False,False,False,False,False,False,False,False,False,True,False,1
1,0,0,0,0.874938674305539,1,1,0.015065070784210172,0.5360689386934301,False,False,False,False,False,True,False,True,False,False,False,False,False,True,False,False,False,True,False,False,False,0
1,0,1,0,0.10208761080651294,1,1,0.8265072276519564,0.3816547058951353,False,True,True,False,False,False,False,False,False,False,False,True,False,False,False,True,False,False,False,False,False,0
0,0,1,1,1.403731507225925,1,1,0.16710718571665986,1.0203421794569185,False,True,False,False,False,False,False,False,False,True,False,True,False,False,False,True,False,True,False,False,False,0
1,1,1,0,1.6071133660414583,1,1,1.588370433998252,2.5331362668319652,False,True,True,False,False,True,False,True,False,True,False,True,False,True,False,True,False,False,True,False,False,0
1,1,0,0,1.525760622515245,0,1,-0.6873033949363442,0.31599463050422,True,False,False,False,False,False,False,True,False,True,False,False,False,True,False,False,True,False,True,False,False,0
1,0,0,0,0.26479309785893945,1,1,0.27452824517980345,0.19270911281937167,False,True,True,False,False,False,False,False,False,False,False,False,False,False,False,False,False,False,True,False,False,0
1,0,0,0,1.0376441613579654,1,0,-1.455777128018833,-0.47403371893351487,False,False,False,True,True,False,True,False,True,False,True,False,True,False,True,False,False,True,False,False,True,0
0,0,1,1,-0.792792567981833,1,0,-0.35347179475857476,-0.6984765844623412,False,False,False,False,False,True,False,False,False,False,False,True,False,False,False,False,True,False,False,False,False,0
1,0,1,0,1.403731507225925,1,1,1.5354862201087043,2.316113363015653,False,True,True,False,False,False,False,True,False,True,False,True,False,True,False,True,False,True,False,False,False,0
0,0,0,0,-1.2809090291391125,1,1,-1.497092920120042,-0.9976898334018856,False,False,False,True,True,False,True,False,True,False,True,False,True,False,True,False,False,False,False,False,True,0
1,1,1,0,-0.670763452692513,1,1,0.22990718971049737,-0.4935495353903935,False,False,True,False,False,False,False,False,False,False,False,False,False,False,False,False,False,False,False,False,False,1
1,0,0,0,-0.18264699153523348,0,1,-1.1483876347858373,-0.6502687858804455,True,False,False,False,False,False,False,False,False,False,False,True,False,False,False,False,False,False,True,False,False,0
0,0,1,1,0.06141123904340631,1,0,0.6579387958790235,0.24039005021458001,False,False,False,False,False,True,False,True,False,True,False,True,False,True,False,True,False,True,False,False,True,0
1,1,1,0,-0.14197061977212685,1,1,0.4778019423177518,0.05383728502835504,False,True,True,False,False,False,False,False,False,False,False,True,False,False,False,False,False,False,False,True,False,0
0,0,0,0,-1.1588799138497925,1,0,0.4331808868484462,-0.8721212505747253,False,True,True,False,False,False,False,True,False,False,False,False,False,False,False,False,False,False,False,False,False,1
0,0,1,0,1.6071133660414583,1,1,1.6131599092589775,2.5606647638363813,False,True,True,False,False,True,False,True,False,True,False,True,False,True,False,True,False,True,True,False,False,0
0,0,1,1,1.3223787636997117,1,0,-1.2839034328778032,-0.27970975124365083,False,True,False,True,True,False,True,False,True,False,True,False,True,False,True,False,False,True,True,False,False,0
1,0,1,0,1.0783205331210721,1,1,1.1454651426732907,1.6109535697334783,False,True,True,False,False,False,False,False,False,True,False,False,False,True,False,True,True,False,False,False,False,1
0,0,0,0,1.1189969048841788,1,1,0.4744966789496553,1.0858046819028264,False,True,True,False,False,False,False,False,False,True,False,False,False,False,False,False,True,False,False,False,False,0
0,0,0,0,0.6308804437268991,1,1,1.2446230437161925,1.1469425321080085,False,False,True,False,False,True,False,False,False,True,False,True,False,True,False,True,False,True,True,False,False,0
1,1,0,0,1.3630551354628184,1,0,1.5222651666363176,2.2567756218649864,False,True,True,False,False,False,False,True,False,True,False,True,False,True,False,True,True,False,True,False,False,1
1,0,1,0,1.4444078789890318,1,1,1.4925177963234468,2.335716989670313,False,True,True,False,False,False,False,True,False,True,False,True,False,True,False,True,False,True,False,False,False,1
1,1,1,0,0.7122331872531124,1,1,1.3289072596026588,1.2606786907841478,False,True,True,False,False,True,False,False,False,True,False,False,False,True,False,True,False,True,True,False,False,0
1,0,0,0,-1.2809090291391125,1,0,-1.4756087082274132,-0.9974044502590967,False,False,False,True,True,False,True,False,True,False,True,False,True,False,True,False,False,False,False,False,True,1
0,0,1,0,1.0376441613579654,1,1,0.013412439100161903,0.6584324493015753,False,False,False,False,False,True,False,True,False,False,False,False,False,True,False,False,False,False,True,False,False,0
0,0,1,1,1.3223787636997117,1,1,0.48110720568584886,1.220549430398125,False,True,False,False,False,False,False,True,False,False,False,True,False,True,False,True,False,True,False,False,False,0
1,0,0,1,-0.9554980550342594,1,1,-0.48733496116649205,-0.7937506490549767,False,False,False,False,False,False,False,True,False,False,False,False,False,False,False,False,False,False,False,True,False,0
1,0,1,0,-0.7521161962187263,1,1,0.7025598513483291,-0.4638038308920015,False,True,True,False,False,False,False,False,False,False,False,False,False,True,False,False,False,False,False,True,False,1
1,0,1,0,0.06141123904340631,1,0,1.1900861981425963,0.5423912729336787,False,True,True,False,False,False,False,False,False,True,False,False,False,True,False,True,False,False,False,True,False,0
0,0,0,0,0.752909559016219,1,0,1.4082335804369803,1.4879314826419734,False,True,True,False,False,True,False,True,False,True,False,False,False,True,False,True,True,False,False,False,False,0
0,1,1,0,-1.1995562856128992,0,1,-1.1269034228932087,-0.969897905804126,True,False,False,False,False,False,False,True,False,False,False,False,False,False,False,False,False,False,False,True,False,0
0,0,1,1,-0.8741453115080462,1,0,-1.3169560665587703,-0.8742506478709202,False,True,False,True,True,False,True,False,True,False,True,False,True,False,True,False,False,True,False,False,True,0
0,0,0,0,0.9156150460686455,1,0,-0.6542507612553768,0.07493368504529566,False,False,False,False,False,False,False,False,False,False,False,False,False,False,False,False,True,False,False,False,False,0
0,0,0,0,-0.7114398244556197,1,0,-1.47891397159551,-0.8734823086403344,False,False,False,True,True,False,True,False,True,False,True,False,True,False,True,False,True,False,True,False,False,0
1,0,0,0,0.9562914178317522,1,0,1.11571777236042,1.444092241399694,False,True,True,False,False,False,False,True,False,False,False,False,False,True,False,True,False,False,False,True,False,0
1,1,0,0,-1.2809090291391125,1,1,0.29105456202028707,-0.9739371749020626,False,True,True,False,False,False,False,False,False,False,False,False,False,False,False,False,False,False,False,True,False,1
0,0,1,1,0.3054694696220461,1,1,1.0413493465782435,0.7127869617281574,False,True,True,False,False,False,False,True,False,True,False,False,False,True,False,False,False,False,True,False,False,0
0,0,0,1,-0.9554980550342594,1,1,0.15058086887617622,-0.7553775926245788,False,False,False,False,False,False,False,False,False,False,False,True,False,True,False,True,False,False,True,False,False,0
0,0,1,1,1.6071133660414583,0,1,0.011759807416113634,1.0943442236370509,True,False,False,False,False,True,False,True,False,True,False,True,False,True,False,True,False,True,True,False,False,0
0,0,1,1,-0.9148216832711529,1,0,-1.4772613399114616,-0.9093308218845219,False,False,False,True,True,False,True,False,True,False,True,False,True,False,True,False,False,True,False,False,True,0
1,0,1,0,1.6071133660414583,1,0,-1.4921350250678969,-0.3819866791093395,False,False,False,True,True,False,True,False,True,False,True,False,True,False,True,False,False,True,True,False,False,0
1,0,1,1,1.4850842507521385,1,1,0.9025282851181814,1.839172273766897,False,False,True,False,False,False,False,True,False,False,False,True,False,True,False,False,False,True,False,False,True,0
1,0,1,1,-0.01994150448280695,0,1,-0.9451139376478886,-0.5009036394545715,True,False,False,False,False,False,False,False,False,True,False,True,False,False,False,False,True,False,False,False,True,0
1,1,1,0,1.3223787636997117,1,1,0.9207072336427133,1.6141586419524927,False,True,True,False,False,True,False,True,False,False,False,False,False,True,False,False,False,True,True,False,False,0
1,0,1,1,0.3461458413851527,1,1,0.32080193233315735,0.32121933727220325,False,True,False,False,False,True,False,True,False,True,False,False,False,True,False,False,False,False,True,False,False,0
1,0,1,0,0.22411672609583283,1,1,1.515654639900124,0.938107929234796,False,True,True,False,False,True,False,False,False,True,False,True,False,True,False,True,True,False,False,True,False,0
0,0,0,0,0.3461458413851527,1,1,-1.4871771300157517,-0.6504444062760079,False,False,False,True,True,False,True,False,True,False,True,False,True,False,True,False,False,True,False,False,True,0
0,0,0,0,-0.26399973506144675,1,1,-0.290671790764737,-0.32433928426596137,False,False,False,False,False,False,False,True,False,True,False,False,False,False,False,False,True,False,False,False,True,0
0,0,1,1,1.4444078789890318,1,1,-1.5037034468562354,-0.43873401942546,False,False,False,True,True,False,True,False,True,False,True,False,True,False,True,False,False,True,False,False,False,0
1,0,1,1,1.0376441613579654,1,0,0.9752440792163091,1.4364527541927266,False,True,True,False,False,False,False,False,False,True,False,True,False,False,False,True,False,True,False,False,False,0
1,0,1,1,1.2410260201734986,1,0,-1.328524488347109,-0.3149874982022603,False,True,False,True,True,False,True,False,True,False,True,False,True,False,True,False,False,True,True,False,False,0
0,0,1,1,0.26479309785893945,1,0,-0.4559349591695733,-0.09919393715488527,False,False,False,False,False,True,False,False,False,False,False,False,False,False,False,False,False,False,True,False,False,0
1,0,0,0,-1.0368507985604727,1,0,-1.4574297597028811,-0.9443231857003426,False,False,False,True,True,False,True,False,True,False,True,False,True,False,True,False,False,False,False,False,True,0
1,0,1,1,-1.0368507985604727,0,0,-0.19812441645802853,-0.8018072347014047,True,False,False,False,False,True,False,True,False,True,False,False,False,True,False,True,False,False,False,False,True,0
0,0,0,0,0.8342623025424323,1,1,0.9785493425844061,1.2077510940715108,False,False,True,False,False,False,False,True,False,True,False,True,False,False,False,True,True,False,True,False,False,0
0,0,1,1,0.5495277002006859,1,1,-1.483871866647655,-0.5992291084201049,False,False,False,True,True,False,True,False,True,False,True,False,True,False,True,False,False,True,False,False,True,0
0,0,1,1,-0.6300870809294065,1,0,0.32080193233315735,-0.47247508792289805,False,False,False,False,False,True,False,True,False,False,False,False,False,True,False,True,False,False,False,False,True,0
1,0,0,0,0.7935859307793257,1,1,1.2628019922407243,1.349147465048738,False,True,True,False,False,False,False,True,False,True,False,False,False,True,False,True,False,False,False,True,False,0
1,0,1,1,-0.3860288503507666,1,0,-1.4954402884359934,-0.81895217581819,False,False,False,True,True,False,True,False,True,False,True,False,True,False,True,False,False,True,True,False,False,0
0,0,1,1,-0.3860288503507666,1,1,0.15388613224427275,-0.2809171414631427,False,True,False,False,False,False,False,True,False,False,False,True,False,True,False,False,False,False,True,False,False,0
1,0,1,0,-0.46738159387697986,1,0,-0.3385981096021394,-0.5122531075177956,False,False,False,False,False,False,False,False,False,False,False,False,False,True,False,False,False,False,False,False,False,0
0,0,1,1,0.9562914178317522,1,1,-1.3186086982428187,-0.3613512826307502,False,True,False,True,True,False,True,False,True,False,True,False,True,False,True,False,False,True,True,False,False,0
1,0,0,0,-0.9148216832711529,1,1,0.5240756294711062,-0.6599498601858261,False,True,True,False,False,False,False,True,False,False,False,False,False,False,False,False,False,False,False,False,False,1
1,0,0,0,-0.8334689397449395,1,0,-1.3169560665587703,-0.8674453575428748,False,True,False,True,True,False,True,False,True,False,True,False,True,False,True,False,False,False,False,True,False,0
0,0,0,0,-0.792792567981833,1,1,0.6976019562961843,-0.4725409455712339,False,True,True,False,False,False,False,False,False,False,False,False,False,False,False,True,False,False,False,True,False,0
0,1,1,0,0.5902040719637925,1,0,0.5125072076827674,0.6734699456716111,False,True,True,False,False,True,False,False,False,False,False,False,False,False,False,False,False,False,False,True,False,1
0,1,1,0,0.7935859307793257,1,1,1.462770426010576,1.4734647525575155,False,True,True,False,False,True,False,True,False,True,False,False,False,True,False,True,False,False,False,True,False,0
0,0,0,0,-0.30467610682455337,1,0,-1.3252192249790122,-0.7024060908130513,False,True,False,True,True,False,True,False,True,False,True,False,True,False,True,False,False,True,True,False,False,1
0,0,0,0,0.26479309785893945,0,1,-0.46915601264196016,-0.16970552597321367,True,False,False,False,False,False,False,False,False,True,False,False,False,True,False,True,False,False,True,False,False,0
1,0,1,1,1.200349648410392,1,1,0.9950756594248896,1.5366441898611114,False,True,True,False,False,True,False,True,False,False,False,False,False,True,False,False,True,False,True,False,False,0
0,0,1,1,1.2817023919366053,0,1,-0.3385981096021394,0.4968177802852198,True,False,False,False,False,False,False,True,False,False,False,True,False,True,False,True,False,True,False,True,False,0
0,0,0,0,-0.01994150448280695,1,0,-1.4855244983317035,-0.7421621578585036,False,False,False,True,True,False,True,False,True,False,True,False,True,False,True,False,False,False,False,False,False,0
0,0,0,0,-1.0368507985604727,1,1,0.46788615221346175,-0.7766715655865273,False,False,True,False,False,False,False,False,False,False,False,False,False,True,False,False,False,False,False,True,False,1
0,0,0,0,-0.9554980550342594,1,0,-1.5136192369605257,-0.9370568918339456,False,False,False,True,True,False,True,False,True,False,True,False,True,False,True,False,False,False,False,False,True,0
0,1,0,0,-1.2809090291391125,1,1,0.14562297382403094,-0.9758689992532498,False,False,True,False,False,False,False,False,False,False,False,False,False,False,False,False,False,False,False,True,False,1
1,0,0,0,-0.6300870809294065,1,0,-0.2890191590806885,-0.5905139462903177,False,False,False,False,False,True,False,True,False,False,False,False,False,False,False,False,True,False,False,False,True,0
0,0,1,1,0.22411672609583283,1,1,-1.483871866647655,-0.6741751122263855,False,False,False,True,True,False,True,False,True,False,True,False,True,False,True,False,False,True,False,False,True,0
0,0,1,1,1.6071133660414583,1,1,-1.4590823913869295,-0.3554679993794078,False,False,False,True,True,False,True,False,True,False,True,False,True,False,True,False,False,True,False,False,True,0
1,1,1,0,0.14276398256961956,1,1,1.046307241630389,0.5023498227454373,False,True,True,False,False,False,False,True,False,False,False,False,False,True,False,True,False,False,False,True,False,1
0,0,1,1,-1.2402326573760059,0,1,-1.1434297397336923,-0.9782837796922336,True,False,False,False,False,False,False,True,False,False,False,False,False,False,False,False,False,False,False,False,True,0
0,0,0,0,1.4444078789890318,1,0,-1.4805666032795584,-0.3973534637210549,False,False,False,True,True,False,True,False,True,False,True,False,True,False,True,False,False,True,False,False,False,0
0,0,1,0,1.525760622515245,1,1,-1.2839034328778032,-0.12511989804979368,False,True,False,True,True,False,True,False,True,False,True,False,True,False,True,False,False,True,False,False,False,0
0,0,1,1,0.9562914178317522,1,1,-0.11714546393965887,0.46314256943611776,False,False,False,False,False,True,False,True,False,True,False,False,False,False,False,False,False,True,True,False,False,0
0,1,0,0,-0.2233233632983401,1,1,0.6744651127195072,-0.0020539058593985397,False,True,True,False,False,False,False,False,False,False,False,False,False,False,False,True,False,False,False,True,False,1
1,0,0,1,1.6071133660414583,1,0,-1.4855244983317035,-0.3346789350547013,False,False,False,True,True,False,True,False,True,False,True,False,True,False,True,False,False,True,True,False,False,0
0,0,1,1,1.6071133660414583,0,1,-0.3650402165469133,0.7290538008671302,True,False,False,False,False,True,False,False,False,True,False,False,False,True,False,True,False,True,True,False,False,0
1,0,0,0,-1.1588799138497925,1,0,-1.5152718686445739,-0.9740249850998439,False,False,False,True,True,False,True,False,True,False,True,False,True,False,True,False,False,False,False,False,True,0
0,0,0,1,-0.30467610682455337,1,0,-1.4805666032795584,-0.7991729287679677,False,False,False,True,True,False,True,False,True,False,True,False,True,False,True,False,False,False,True,False,False,0
0,0,1,0,1.0376441613579654,0,1,-0.6443349711510865,0.10896013668552264,True,False,False,False,False,True,False,True,False,False,False,False,False,True,False,False,True,False,False,True,False,0
1,0,0,0,-1.2402326573760059,1,1,0.4827598373698971,-0.9425450291952725,False,True,True,False,False,False,False,True,False,False,False,False,False,False,False,False,False,False,False,True,False,0
1,0,1,1,1.6071133660414583,1,1,1.274370414029063,2.2306959931239607,False,True,True,False,False,False,False,True,False,True,False,False,False,True,False,True,False,True,False,True,False,1
0,0,1,0,-0.670763452692513,1,1,0.9851598693205996,-0.3647539277947729,False,False,True,False,False,False,False,True,False,False,False,False,False,True,False,True,False,False,False,False,False,0
1,0,1,1,1.4444078789890318,1,1,0.3621177244343664,1.3180407024847367,False,True,False,False,False,False,False,True,False,True,False,True,False,False,False,True,True,False,False,False,False,1
0,0,0,0,-1.0775271703235794,1,1,0.8347703860721981,-0.7773959997182225,False,True,True,False,False,False,False,True,False,False,False,False,False,True,False,False,False,False,False,True,False,1
0,0,1,1,-0.792792567981833,1,0,-1.4541244963347844,-0.8866977434064097,False,False,False,True,True,False,True,False,True,False,True,False,True,False,True,False,False,True,False,False,True,0
1,1,1,1,-0.9961744267973661,1,1,0.5158124710508644,-0.7501089807577049,False,False,True,False,False,False,False,False,False,False,False,False,False,True,False,False,False,False,True,False,False,1
0,0,1,1,-1.1995562856128992,1,0,-0.6790402365161023,-0.9472209222271232,False,False,False,False,False,False,False,False,False,False,False,False,False,False,False,False,False,False,False,False,True,1
1,0,0,1,-0.6300870809294065,1,0,0.529033524523251,-0.3714275028261465,False,False,False,False,False,False,False,True,False,True,False,True,False,True,False,True,True,False,False,True,False,0
0,0,1,0,0.3461458413851527,1,1,1.3090756793940785,0.8210788881418604,False,False,True,False,False,True,False,True,False,True,False,False,False,True,False,True,True,False,False,False,False,0
0,0,0,0,1.6071133660414583,1,0,-1.302082381402335,-0.18680656199110843,False,True,False,True,True,False,True,False,True,False,True,False,True,False,True,False,False,True,True,False,False,0
0,0,1,1,1.403731507225925,1,1,1.4726862161148666,2.1907204005840555,False,True,True,False,False,True,False,False,False,True,False,True,False,True,False,True,True,False,False,True,False,0
0,0,1,0,-0.3860288503507666,1,0,-0.16011388772491622,-0.4148057405300746,False,False,False,False,False,False,False,False,False,False,False,True,False,True,False,False,True,False,False,False,False,0
0,0,1,1,-0.8334689397449395,1,1,0.6496756374587817,-0.6037074285069476,False,True,True,False,False,False,False,True,False,True,False,False,False,False,False,False,False,False,False,True,False,1
1,0,1,0,0.7122331872531124,0,1,-0.6740823414639571,-0.045432143563326706,True,False,False,False,False,True,False,False,False,False,False,True,False,True,False,False,True,False,False,False,False,0
1,0,1,1,1.1189969048841788,1,0,-1.3516613319237858,-0.3448868705467694,False,True,False,True,True,False,True,False,True,False,True,False,True,False,True,False,True,False,True,False,False,0
1,0,0,0,-1.1995562856128992,1,0,1.424759897277464,-0.8685868901140309,False,True,True,False,False,False,False,True,False,True,False,False,False,True,False,True,False,False,False,False,True,0
0,0,0,0,-1.0775271703235794,1,1,-0.32537705612975254,-0.8568203236113459,False,False,False,False,False,False,False,False,False,False,False,False,False,False,False,True,False,False,False,True,False,0
0,0,1,0,0.9562914178317522,1,1,0.6860335345078454,1.1463059081740945,False,True,True,False,False,False,False,False,False,False,False,False,False,True,False,False,False,False,False,False,False,0
1,0,1,1,0.3054694696220461,1,0,-1.3086929081385286,-0.5641928395053937,False,True,False,True,True,False,True,False,True,False,True,False,True,False,True,False,False,True,True,False,False,0
1,0,1,0,1.2817023919366053,1,1,0.3720335145386565,1.1094256251059775,False,True,False,False,False,False,False,True,False,True,False,True,False,True,False,False,False,True,False,False,False,0
1,0,0,1,-0.9554980550342594,1,0,-1.4689981814912199,-0.9254439931773779,False,False,False,True,True,False,True,False,True,False,True,False,True,False,True,False,False,False,False,False,True,0
0,1,0,0,-0.9554980550342594,1,1,0.6480230057747334,-0.6714969011940579,False,True,True,False,False,False,False,False,False,False,False,False,False,False,False,True,False,False,False,True,False,1
1,0,0,0,-0.9148216832711529,1,1,0.7009072196642808,-0.6400608503883773,False,True,True,False,False,False,False,False,False,False,False,False,False,True,False,False,False,False,False,False,False,1
0,0,1,1,0.5495277002006859,1,0,-1.502050815172187,-0.5813377806221791,False,False,False,True,True,False,True,False,True,False,True,False,True,False,True,False,False,True,False,False,True,0
1,0,0,0,0.02073486728029968,1,0,0.5207703661030092,0.1576947964541058,False,False,True,False,False,False,False,True,False,False,False,True,False,False,False,False,False,True,False,False,False,0
1,0,1,1,0.9562914178317522,1,1,0.3637703561184147,0.8646107936919055,False,True,False,False,False,True,False,True,False,False,False,True,False,False,False,True,False,True,True,False,False,0
1,1,1,0,-0.01994150448280695,1,1,0.947149340587487,0.2980593976074036,False,True,True,False,False,False,False,True,False,True,False,False,False,False,False,True,False,False,False,True,False,0
1,0,0,0,-0.26399973506144675,0,0,-0.3402507412861879,-0.407912640004248,True,False,False,False,False,True,False,False,False,False,False,True,False,True,False,True,True,False,True,False,False,0
0,0,0,0,-0.2233233632983401,1,1,-0.2873665273966402,-0.37432523935292716,False,False,False,False,False,False,False,True,False,False,False,True,False,False,False,False,False,False,False,False,True,0
0,0,0,0,-1.2809090291391125,0,0,-1.1549981615220308,-0.9931456556667069,True,False,False,False,False,True,False,False,False,False,False,False,False,False,False,False,False,False,False,False,True,0
0,0,0,0,-1.2809090291391125,1,1,0.48606510073799364,-0.9713467740675162,False,True,True,False,False,False,False,False,False,True,False,False,False,False,False,False,False,False,False,False,True,1
0,0,1,0,1.6071133660414583,1,0,1.5619283270534778,2.491184944841982,False,True,True,False,False,True,False,True,False,True,False,True,False,True,False,True,False,True,True,False,False,0
0,0,0,1,-1.1588799138497925,1,1,0.7356124850292963,-0.8563593200729944,False,True,True,False,False,False,False,False,False,True,False,True,False,False,False,False,False,False,False,False,True,1
1,0,0,0,-0.670763452692513,1,0,-1.4904823933838485,-0.8767971436065759,False,False,False,True,True,False,True,False,True,False,True,False,True,False,True,False,False,False,True,False,False,0
0,0,1,0,-0.06061787624591358,1,1,-0.02790335300104717,-0.1673566031825658,False,False,False,False,False,True,False,False,False,False,False,True,False,False,False,True,True,False,False,True,False,0
0,0,1,0,1.4444078789890318,1,0,-0.21795599666660892,0.7392617363591983,False,True,False,False,False,True,False,False,False,False,False,True,False,False,False,False,True,False,False,False,False,0
1,0,1,1,0.02073486728029968,1,0,0.5703493166244601,0.13662034898661038,False,False,False,False,False,False,False,True,False,True,False,True,False,True,False,True,False,True,True,False,False,0
0,1,1,0,1.3630551354628184,0,0,-0.6377244444148933,0.32284382593115596,True,False,False,False,False,False,False,True,False,True,False,False,False,True,False,False,True,False,False,False,False,0
0,0,1,1,0.3461458413851527,1,1,1.462770426010576,0.9493695871002388,False,True,True,False,False,False,False,True,False,True,False,True,False,True,False,True,True,False,False,False,False,0
1,0,0,0,-1.2809090291391125,1,0,-1.4937876567519452,-0.9976459283029949,False,False,False,True,True,False,True,False,True,False,True,False,True,False,True,False,False,False,False,False,True,1
0,0,0,0,1.6071133660414583,1,1,1.4098862121210287,2.441901471337266,False,True,True,False,False,False,False,False,False,True,False,True,False,True,False,True,False,True,True,False,False,0
0,1,1,1,-0.7521161962187263,1,1,1.0231703980537117,-0.41517893387064486,False,True,True,False,False,False,False,False,False,False,False,False,False,True,False,True,False,False,False,True,False,0
1,0,1,0,-1.2402326573760059,1,1,0.8793914415415043,-0.9309979881870408,False,True,True,False,False,False,False,False,False,True,False,False,False,True,False,False,False,False,False,True,False,0
1,1,1,0,0.752909559016219,1,1,0.9570651306917771,1.0796360155086948,False,True,True,False,False,True,False,False,False,True,False,False,False,True,False,False,False,False,False,False,False,1
0,0,1,0,-0.3860288503507666,1,0,0.836423017756247,-0.10843596047135981,False,True,True,False,False,False,False,False,False,True,False,False,False,False,False,True,False,False,False,False,True,0
1,1,1,0,1.0376441613579654,1,1,1.1256335624647105,1.5317487713348077,False,True,True,False,False,False,False,True,False,False,False,False,False,True,False,True,False,False,False,True,False,0
1,0,0,0,-0.6300870809294065,0,1,-1.2954718546661417,-0.8130030349185116,True,False,False,False,False,False,False,False,False,False,False,False,False,False,False,False,False,False,False,False,True,0
1,0,1,1,1.6071133660414583,1,0,-1.470650813175268,-0.41162262086050494,False,False,False,True,True,False,True,False,True,False,True,False,True,False,True,False,False,True,False,True,False,0
0,0,1,0,0.7935859307793257,0,0,-0.9715560445926624,-0.1461943455172891,True,False,False,False,False,True,False,False,False,True,False,False,False,False,False,False,True,False,False,False,True,0
0,1,0,0,-1.0775271703235794,0,1,-0.6757349731480056,-0.890780917603237,True,False,False,False,False,False,False,False,False,False,False,False,False,True,False,True,False,False,False,True,False,0
1,0,0,0,-0.34535247858766,1,1,1.0297809247899052,-0.07440950883113291,False,False,True,False,False,False,False,False,False,False,False,True,False,True,False,True,False,False,False,True,False,1
0,0,1,0,1.3630551354628184,1,1,0.8496440712286335,1.6855263801991882,False,True,True,False,False,False,False,True,False,True,False,True,False,False,False,False,True,False,False,False,False,0
0,0,1,1,-0.9961744267973661,1,0,-0.3369454779180911,-0.7945409408350078,False,False,False,False,False,True,False,True,False,False,False,False,False,False,False,False,False,False,False,False,True,0
1,0,0,0,-0.5487343374031931,1,1,0.4430966769527363,-0.35167020832536955,False,False,True,False,False,False,False,True,False,True,False,False,False,False,False,False,False,False,False,True,False,1
0,0,0,0,-1.1995562856128992,1,1,1.0000335544770345,-0.871309006245249,False,False,True,False,False,False,False,True,False,False,False,False,False,True,False,True,False,False,False,True,False,1
1,1,1,0,0.3054694696220461,1,1,1.100844087203985,0.801211830893857,False,False,True,False,False,True,False,True,False,True,False,True,False,True,False,False,True,False,True,False,False,0
0,0,1,0,1.3223787636997117,1,1,1.3289072596026588,2.0297423555016136,False,True,True,False,False,True,False,False,False,True,False,False,False,True,False,True,False,False,False,True,False,0
1,0,0,0,-0.42670522211387324,1,1,0.9950756594248896,-0.0654748212068925,False,False,True,False,False,False,False,True,False,True,False,True,False,False,False,True,False,False,False,False,False,0
0,0,1,1,0.5902040719637925,1,1,0.6761177444035554,0.7970188939498031,False,True,False,False,False,True,False,True,False,False,False,True,False,True,False,True,False,True,True,False,False,0
1,0,1,1,-0.06061787624591358,1,1,-1.460735023070978,-0.698037533473435,False,False,False,True,True,False,True,False,True,False,True,False,True,False,True,False,False,False,False,True,False,0
0,0,1,1,1.1189969048841788,0,1,-0.49890338295483067,0.3413717776629956,True,False,False,False,False,False,False,True,False,False,False,False,False,True,False,True,False,False,False,True,False,0
1,0,0,0,-1.1995562856128992,1,0,-1.4954402884359934,-0.9793375020656084,False,False,False,True,True,False,True,False,True,False,True,False,True,False,True,False,True,False,False,False,True,0
1,1,0,0,0.9969677895948588,1,1,0.4926756274741872,0.9423228187282949,False,True,False,False,False,False,False,True,False,True,False,False,False,True,False,True,False,True,False,False,False,0
0,0,1,0,0.06141123904340631,1,1,1.0843177703635014,0.4020047192309357,False,True,True,False,False,False,False,False,False,False,False,False,False,True,False,True,False,False,False,True,False,1
1,0,1,0,1.1596732766472853,1,1,1.3669177883357713,1.7927645842395166,False,True,True,False,False,True,False,True,False,False,False,False,False,True,False,True,False,False,False,True,False,0
0,1,1,0,1.0376441613579654,1,1,1.3437809447590943,1.7182576314221423,False,False,True,False,False,True,False,True,False,False,False,True,False,True,False,True,True,False,True,False,False,1
1,1,0,0,1.3223787636997117,1,1,1.5040862181117851,2.175156043027332,False,True,True,False,False,True,False,False,False,True,False,True,False,True,False,True,False,True,False,True,False,0
1,0,0,0,0.6308804437268991,1,0,-1.4772613399114616,-0.5747081106896961,False,False,False,True,True,False,True,False,True,False,True,False,True,False,True,False,False,True,True,False,False,0
1,0,1,1,-0.26399973506144675,1,1,0.6248861621980563,-0.097174302605917,False,True,True,False,False,False,False,False,False,False,False,False,False,True,False,False,False,False,False,True,False,1
0,0,1,0,-0.2233233632983401,1,1,1.2247914635076123,0.17088827867073586,False,False,True,False,False,True,False,False,False,False,False,True,False,True,False,True,True,False,True,False,False,0
1,0,0,0,0.7935859307793257,1,0,-1.4491666012826394,-0.5201560253181065,False,False,False,True,True,False,True,False,True,False,True,False,True,False,True,False,False,True,False,False,False,0
0,0,0,0,0.3461458413851527,1,1,0.49598089084228375,0.4517052911751124,False,False,False,False,False,True,False,False,False,True,False,True,False,True,False,True,True,False,False,False,False,0
0,1,0,0,-1.1995562856128992,1,1,0.18032823918904647,-0.9028767723476014,False,False,True,False,False,False,False,False,False,False,False,False,False,False,False,False,False,False,False,True,False,1
0,1,0,0,-0.18264699153523348,1,1,1.365265156651723,0.3778349622916518,False,True,True,False,False,False,False,True,False,True,False,False,False,True,False,True,False,False,False,True,False,1
1,0,0,0,-0.5080579656400865,1,1,-1.4954402884359934,-0.8499052705360739,False,False,False,True,True,False,True,False,True,False,True,False,True,False,True,False,False,False,True,False,False,0
0,0,0,0,-1.2809090291391125,1,0,0.15553876392832103,-0.9757372839565778,False,False,True,False,False,False,False,False,False,False,False,False,False,False,False,False,False,False,False,False,True,1
0,0,0,0,-0.3860288503507666,1,1,0.45301246705702636,-0.19708035513151248,False,True,False,False,False,True,False,False,False,True,False,False,False,True,False,True,True,False,False,True,False,0
0,0,0,0,-0.7521161962187263,1,0,0.34724403927793107,-0.5558289181667315,False,False,True,False,False,False,False,False,False,True,False,False,False,False,False,False,False,False,False,True,False,1
1,1,1,0,0.22411672609583283,1,1,1.2479283070842888,0.7539699444875545,False,True,True,False,False,False,False,True,False,True,False,False,False,True,False,True,False,False,False,True,False,0
0,0,0,0,-1.1588799138497925,0,0,-0.5484823334762815,-0.9174752177287312,True,False,False,False,False,True,False,False,False,True,False,True,False,False,False,True,False,False,False,False,True,0
1,0,1,1,1.6071133660414583,0,0,-0.5269981215836529,0.5422595576370067,True,False,False,False,False,True,False,False,False,True,False,True,False,True,False,False,False,True,False,False,True,0
0,0,1,1,1.4444078789890318,1,1,1.4611177943265279,2.290363022516307,False,True,True,False,False,True,False,False,False,True,False,True,False,True,False,True,False,True,False,False,False,0
1,0,0,0,-0.5080579656400865,1,0,-0.49064022453458883,-0.5658831858126825,False,False,False,False,False,False,False,False,False,False,False,True,False,False,False,False,False,False,False,False,True,0
1,0,0,0,-1.118203542086686,1,0,-0.2873665273966402,-0.8783118695183021,False,False,False,False,False,False,False,False,False,True,False,True,False,False,False,False,False,False,False,True,False,0
1,0,0,0,-0.42670522211387324,1,1,0.9851598693205996,-0.08226852153255293,False,True,True,False,False,False,False,False,False,False,False,False,False,True,False,True,False,False,True,False,False,1
1,0,1,1,-0.6300870809294065,1,1,0.06133875793756453,-0.533393412633627,False,True,False,False,False,False,False,True,False,True,False,True,False,False,False,False,False,False,False,False,True,0
1,0,1,1,-0.8334689397449395,1,0,-1.4921350250678969,-0.8928444572510958,False,False,False,True,True,False,True,False,True,False,True,False,True,False,True,False,False,True,False,False,True,0
0,0,1,1,-0.30467610682455337,0,1,-0.20638757487827034,-0.3465333117551675,True,False,False,False,False,True,False,True,False,True,False,False,False,True,False,True,False,False,True,False,False,1
0,0,1,1,1.403731507225925,1,0,0.6595914275630718,1.4516658709583252,False,False,True,False,False,True,False,True,False,True,False,False,False,False,False,False,True,False,False,False,False,0
1,0,0,0,-1.2402326573760059,1,1,-0.5633560186327169,-0.965683016310627,False,False,False,False,False,True,False,False,False,False,False,False,False,False,False,False,False,False,False,True,False,1
0,0,1,0,1.200349648410392,1,1,1.3041177843419334,1.8974562925441891,False,False,True,False,False,True,False,False,False,True,False,True,False,True,False,True,True,False,False,True,False,0
1,0,1,1,1.6071133660414583,1,0,1.3355177863388523,2.33479498259361,False,True,True,False,False,True,False,False,False,True,False,False,False,True,False,True,False,True,False,False,False,0
0,1,0,0,-1.118203542086686,1,0,-0.163419151093013,-0.8798924530783644,False,False,False,False,False,True,False,True,False,False,False,True,False,False,False,False,False,False,True,False,False,0
0,0,0,0,-1.1995562856128992,1,0,0.3439387759098345,-0.9000229409197115,False,True,True,False,False,False,False,False,False,False,False,False,False,False,False,False,False,False,False,True,False,1
1,0,1,1,-1.0775271703235794,1,1,-0.5187349631634111,-0.8764678553648962,False,False,False,False,False,True,False,False,False,False,False,False,False,False,False,False,False,False,False,True,False,0
1,0,0,0,-0.7521161962187263,1,1,-1.4805666032795584,-0.8748653192553888,False,False,False,True,True,False,True,False,True,False,True,False,True,False,True,False,False,False,False,True,False,0
0,0,1,1,1.1596732766472853,1,1,-1.3467034368716408,-0.3250417658482113,False,True,False,True,True,False,True,False,True,False,True,False,True,False,True,False,False,True,False,False,True,0
0,1,1,0,0.874938674305539,1,1,1.1322440892009036,1.3808908515466531,False,False,True,False,False,False,False,False,False,True,False,True,False,True,False,True,True,False,False,True,False,0
0,0,1,1,1.1189969048841788,1,0,1.666044123148525,1.9610308757378003,False,True,True,False,False,True,False,True,False,True,False,True,False,True,False,True,False,True,True,False,False,0
0,0,1,0,-1.2402326573760059,1,0,0.13735981540378914,-0.9413815440746712,False,False,False,False,False,False,False,False,False,True,False,False,False,True,False,True,False,False,True,False,False,0
1,0,0,0,-0.9961744267973661,1,0,0.6496756374587817,-0.7153361424363375,False,True,True,False,False,False,False,False,False,False,False,False,False,False,False,True,False,False,False,False,False,1
0,0,1,0,1.525760622515245,1,1,0.6595914275630718,1.591832899166615,False,True,False,False,False,False,False,True,False,True,False,True,False,True,False,True,False,True,False,False,False,0
1,0,0,0,1.0783205331210721,1,0,-1.5037034468562354,-0.5234928128337932,False,False,False,True,True,False,True,False,True,False,True,False,True,False,True,False,False,True,False,False,True,1
1,1,0,0,0.427498584911366,1,1,0.66124405924712,0.5943310049212767,False,True,True,False,False,False,False,False,False,False,False,False,False,True,False,False,False,False,False,True,False,0
1,0,1,1,0.7935859307793257,0,0,-0.6806928682001506,-0.006949324385702204,True,False,False,False,False,True,False,False,False,True,False,False,False,False,False,True,True,False,False,False,False,0
1,0,0,0,-1.1995562856128992,1,1,0.8975703900660361,-0.8891344763948389,False,False,True,False,False,False,False,False,False,False,False,False,False,True,False,True,False,False,False,True,False,0
1,1,1,0,0.06141123904340631,1,0,0.836423017756247,0.36742945385457604,False,False,True,False,False,True,False,False,False,False,False,True,False,True,False,False,True,False,False,False,True,0
1,1,0,0,0.10208761080651294,1,0,0.8645177563850689,0.39012838998102417,False,True,True,False,False,True,False,False,False,False,False,False,False,False,False,True,False,False,True,False,False,0
1,0,1,1,-0.7521161962187263,1,0,-1.4904823933838485,-0.870452856816882,False,False,False,True,True,False,True,False,True,False,True,False,True,False,True,False,True,False,False,False,True,0
1,0,1,0,1.2817023919366053,1,1,1.242970412032144,1.9152159050454434,False,False,True,False,False,False,False,True,False,True,False,True,False,True,False,True,True,False,True,False,False,0
1,0,0,1,-1.1995562856128992,1,0,-1.483871866647655,-0.980676607581772,False,False,False,True,True,False,True,False,True,False,True,False,True,False,True,False,False,False,False,False,True,0
1,0,1,1,1.3630551354628184,1,1,1.2661072556088213,2.080825938060845,False,False,True,False,False,True,False,True,False,True,False,False,False,True,False,True,True,False,False,False,False,0
0,0,1,1,1.6071133660414583,1,1,0.46623352052941347,1.5095547438456014,False,True,False,False,False,False,False,True,False,False,False,True,False,True,False,True,False,True,False,True,False,0
0,0,1,1,0.5495277002006859,1,0,-1.502050815172187,-0.5855965752145688,False,False,False,True,True,False,True,False,True,False,True,False,True,False,True,False,False,True,True,False,False,0
0,1,0,0,-1.2809090291391125,1,1,0.17702297582094995,-0.975451900813789,False,False,True,False,False,False,False,False,False,False,False,False,False,False,False,False,False,False,False,True,False,0
0,0,1,1,1.2410260201734986,1,1,-0.46915601264196016,0.40801971777894996,False,False,False,False,False,True,False,False,False,False,False,False,False,False,False,False,False,True,False,False,False,0
1,0,0,0,-0.5894107091662998,1,0,-1.4805666032795584,-0.8356580659460693,False,False,False,True,True,False,True,False,True,False,True,False,True,False,True,False,False,True,True,False,False,0
0,0,1,0,-0.8334689397449395,1,1,-0.4493244324333798,-0.7375301699255437,False,False,False,False,False,False,False,True,False,False,False,False,False,False,False,False,False,False,False,True,False,0
1,0,0,0,-0.9148216832711529,1,0,-1.4822192349636067,-0.9248732268917998,False,False,False,True,True,False,True,False,True,False,True,False,True,False,True,False,False,False,False,True,False,0
0,0,1,0,-0.30467610682455337,1,1,0.3224545640172056,-0.21696936492896127,False,False,True,False,False,False,False,False,False,True,False,False,False,False,False,False,False,False,False,True,False,0
0,0,0,0,-1.2809090291391125,1,1,0.6810756394557007,-0.9687563732329701,False,True,True,False,False,False,False,False,False,False,False,False,False,False,False,True,False,False,False,False,True,1
1,0,1,1,0.4681749566744726,1,0,-1.4623876547550263,-0.5997120645079017,False,False,False,True,True,False,True,False,True,False,True,False,True,False,True,False,True,False,False,False,False,0
0,0,1,1,-0.9554980550342594,1,0,0.005149280679920088,-0.7151605220407751,False,False,False,False,False,True,False,True,False,True,False,True,False,False,False,False,False,False,False,False,True,1
1,0,0,0,-1.118203542086686,1,1,0.16214929066451458,-0.8637573292360632,False,False,True,False,False,False,False,False,False,False,False,False,False,False,False,False,False,False,False,True,False,1
0,0,1,1,-0.7521161962187263,1,1,0.8860019682776978,-0.43506794366809365,False,True,True,False,False,False,False,False,False,False,False,True,False,True,False,False,False,False,False,True,False,1
0,1,0,0,-0.792792567981833,1,1,0.3125387739129155,-0.5934116828170983,False,False,True,False,False,False,False,False,False,True,False,False,False,False,False,False,False,False,False,True,False,1
0,0,1,1,0.6715568154900058,1,1,0.7389177483973933,0.9014032665622413,False,False,False,False,False,True,False,True,False,True,False,True,False,True,False,True,True,False,False,False,True,0
0,0,0,1,0.427498584911366,1,1,-1.3136508031906735,-0.5364228644570794,False,True,False,True,True,False,True,False,True,False,True,False,True,False,True,False,False,True,False,True,False,0
1,0,0,0,-1.2809090291391125,1,1,-1.4987455518040902,-0.9977117859513309,False,False,False,True,True,False,True,False,True,False,True,False,True,False,True,False,False,False,False,False,True,0
1,0,1,1,1.1596732766472853,1,1,0.10595981340687013,0.8194104943840169,False,False,False,False,False,True,False,True,False,True,False,True,False,False,False,False,False,True,False,False,False,0
1,0,0,0,-1.2809090291391125,1,1,0.33898088085768924,-0.9733005509681487,False,True,True,False,False,False,False,False,False,False,False,False,False,False,False,False,False,False,False,True,False,0
0,0,0,0,-1.1995562856128992,1,0,-1.5218823953807674,-0.9816864248562562,False,False,False,True,True,False,True,False,True,False,True,False,True,False,True,False,False,False,False,False,True,0
1,0,0,0,1.2410260201734986,1,0,1.310728311078127,1.8874239774476838,False,True,True,False,False,True,False,True,False,True,False,True,False,True,False,False,True,False,True,False,False,0
1,1,0,1,0.22411672609583283,1,1,0.5158124710508644,0.38229132982904934,False,True,True,False,False,True,False,False,False,False,False,False,False,False,False,False,False,False,False,False,True,0
1,0,0,0,-0.6300870809294065,1,0,-1.483871866647655,-0.8699040430807493,False,False,False,True,True,False,True,False,True,False,True,False,True,False,True,False,True,False,False,False,True,0
0,1,0,1,-0.10129424800902022,1,1,1.2049598832990316,0.2996838862663563,False,True,True,False,False,False,False,False,False,False,False,True,False,True,False,True,False,False,False,True,False,0
0,0,0,0,-1.0775271703235794,1,1,-0.5022086463229274,-0.8888929983509405,False,False,False,False,False,False,False,False,False,False,False,True,False,False,False,False,False,False,False,False,False,1
1,0,1,1,1.1596732766472853,1,1,1.110759877308275,1.691782856791101,False,False,True,False,False,False,False,True,False,False,False,True,False,True,False,True,True,False,False,False,False,0
1,0,0,0,-1.2809090291391125,1,1,-0.30224021255307537,-0.9818181401529282,False,False,False,False,False,False,False,False,False,False,False,False,False,False,False,True,False,False,False,False,True,1
1,0,0,1,1.200349648410392,1,1,1.2958546259216916,1.8872922621510118,False,True,True,False,False,False,False,False,False,True,False,True,False,True,False,True,False,True,False,True,False,0
1,0,0,0,0.10208761080651294,1,0,-1.5070087102243321,-0.7086406148555187,False,False,False,True,True,False,True,False,True,False,True,False,True,False,True,False,False,True,False,False,True,0
0,0,1,0,0.9562914178317522,1,1,1.3470862081271906,1.6581735035903349,False,False,True,False,False,True,False,True,False,True,False,False,False,True,False,True,True,False,True,False,False,0
1,0,1,1,1.4444078789890318,1,1,1.1471177743573389,1.9213187137912389,False,False,True,False,False,True,False,False,False,False,False,True,False,True,False,True,False,True,False,True,False,0
0,0,1,1,-1.1588799138497925,1,1,0.6976019562961843,-0.8388631381650842,False,True,True,False,False,False,False,False,False,False,False,False,False,False,False,True,False,False,False,True,False,1
0,0,1,0,0.9969677895948588,1,1,1.1867809347744998,1.621446888368335,False,True,True,False,False,False,False,False,False,True,False,False,False,True,False,True,True,False,True,False,False,0
1,0,1,0,1.6071133660414583,1,1,0.9851598693205996,1.9561574097609422,False,False,True,False,False,False,False,False,False,True,False,False,False,True,False,True,False,False,False,True,False,0
1,1,0,0,-0.06061787624591358,1,1,0.8546019662807788,0.2428926408513452,False,True,True,False,False,False,False,True,False,False,False,False,False,True,False,False,False,False,False,True,False,0
0,0,0,0,-0.2233233632983401,1,1,-0.2691875788721081,-0.28054394812257244,False,False,False,False,False,True,False,True,False,False,False,False,False,False,False,False,False,False,False,False,True,0
0,1,0,0,0.02073486728029968,0,1,-0.1782928362494481,-0.1788158339930164,True,False,False,False,False,True,False,True,False,True,False,False,False,True,False,True,False,False,False,False,False,0
0,0,1,1,0.752909559016219,1,1,0.472844047265607,0.7580750712338272,False,False,True,False,False,True,False,True,False,False,False,False,False,False,False,False,False,False,False,False,False,0
1,0,1,1,0.6715568154900058,0,1,-0.8476086682890351,-0.1992317049771526,True,False,False,False,False,True,False,False,False,False,False,False,False,False,False,True,False,False,False,True,False,0
1,0,0,1,-0.7114398244556197,1,1,-1.3235665932949638,-0.8639549021810708,False,True,False,True,True,False,True,False,True,False,True,False,True,False,True,False,False,False,False,True,False,0
1,1,0,0,-1.118203542086686,0,0,-0.6426823394670382,-0.9119870803674042,True,False,False,False,False,False,False,False,False,True,False,True,False,True,False,False,False,False,True,False,False,0
0,1,0,0,1.6071133660414583,1,1,1.735454653878556,2.697670624924547,False,True,True,False,False,True,False,True,False,True,False,True,False,True,False,True,False,True,True,False,False,0
1,0,1,0,-0.5894107091662998,1,1,0.9868125010046478,-0.2651771635108571,False,True,True,False,False,False,False,False,False,False,False,False,False,True,False,True,False,False,False,True,False,1
0,0,0,0,-1.1995562856128992,1,1,0.32080193233315735,-0.9036890166770778,False,False,True,False,False,True,False,False,False,False,False,False,False,False,False,False,False,False,False,True,False,0
1,0,0,0,0.5495277002006859,0,0,-1.029398153534355,-0.3310787169456709,True,False,False,False,False,False,False,False,False,True,False,True,False,False,False,False,True,False,True,False,False,0
1,0,0,0,-1.2809090291391125,1,0,-1.5086613419083803,-0.9978435012480028,False,False,False,True,True,False,True,False,True,False,True,False,True,False,True,False,False,False,False,True,False,0
0,0,0,0,-0.9148216832711529,1,1,-1.333482383399254,-0.8876636555820032,False,True,False,True,True,False,True,False,True,False,True,False,True,False,True,False,False,False,False,False,True,0
0,0,1,0,0.10208761080651294,1,0,-0.26422968381996303,-0.18915548478175642,False,False,False,False,False,False,False,True,False,False,False,True,False,False,False,False,False,False,False,True,False,0
1,1,0,0,-0.06061787624591358,1,1,1.0496125049984855,0.25729351328746697,False,True,True,False,False,False,False,False,False,True,False,True,False,True,False,False,False,False,False,False,False,0
0,0,0,0,0.3054694696220461,1,0,0.008454544048016627,0.12911257707631518,False,False,False,False,False,True,False,True,False,False,False,False,False,True,False,False,False,False,False,False,True,0
0,0,0,0,-0.9148216832711529,1,1,-1.4524718646507362,-0.8978276859751807,False,False,False,True,True,False,True,False,True,False,True,False,True,False,True,False,False,False,False,False,True,0
0,0,0,0,0.1834403543327262,1,0,1.1719072496180643,0.5485818918772555,False,True,True,False,False,False,False,False,False,False,False,True,False,True,False,True,False,False,True,False,False,0
0,0,1,1,1.6071133660414583,1,1,1.2677598872928695,2.2264152459821256,False,True,True,False,False,False,False,True,False,True,False,False,False,True,False,True,True,False,True,False,False,0
1,1,1,0,0.874938674305539,0,1,-1.3186086982428187,-0.40707844312532626,True,False,False,False,False,False,False,False,False,False,False,False,False,False,False,False,False,False,False,False,False,0
1,0,0,0,-1.1995562856128992,1,0,0.8546019662807788,-0.9019328127214532,False,False,True,False,False,False,False,False,False,False,False,False,False,True,False,True,False,False,False,False,True,0
0,1,0,0,0.5902040719637925,1,1,0.9983809227929862,0.9714538518422184,False,True,True,False,False,False,False,True,False,False,False,True,False,True,False,False,False,False,False,True,False,1
0,0,1,1,-0.9961744267973661,1,1,0.9702861841641642,-0.6649989465582469,False,False,True,False,False,False,False,False,False,True,False,False,False,True,False,True,False,False,False,True,False,1
1,0,1,1,1.6071133660414583,1,1,0.6182756354618627,1.6689961104668718,False,True,False,False,False,True,False,False,False,True,False,True,False,True,False,True,False,True,True,False,False,0
0,0,0,0,0.8342623025424323,1,0,-1.525187658748864,-0.5647197006920811,False,False,False,True,True,False,True,False,True,False,True,False,True,False,True,False,False,True,False,False,True,0
1,1,1,0,-1.0368507985604727,1,1,0.814938805863618,-0.709167476042206,False,False,True,False,False,False,False,False,False,False,False,False,False,True,False,True,False,False,False,True,False,1
0,1,1,0,1.5664369942783516,1,1,1.1355493525690006,2.1609307909867725,False,False,True,False,False,False,False,True,False,True,False,False,False,True,False,True,False,True,False,True,False,0
0,0,1,0,0.7935859307793257,1,1,1.3289072596026588,1.4633226747137835,False,True,True,False,False,False,False,True,False,True,False,False,False,True,False,True,False,False,False,True,False,1
0,0,0,0,-1.2809090291391125,1,0,-1.4937876567519452,-0.9976459283029949,False,False,False,True,True,False,True,False,True,False,True,False,True,False,True,False,False,False,False,False,True,0
1,1,1,0,0.8342623025424323,1,1,-0.15846125604086794,0.4117077460857617,False,True,False,False,False,True,False,False,False,False,False,True,False,False,False,False,True,False,False,True,False,1
1,0,0,0,-1.118203542086686,1,1,-0.446019169065283,-0.8911102058449166,False,False,False,False,False,False,False,True,False,False,False,False,False,False,False,False,False,False,False,True,False,0
1,0,0,0,1.6071133660414583,1,0,0.15884402729641803,1.148698736063633,False,True,False,False,False,True,False,True,False,True,False,True,False,False,False,False,False,True,False,False,False,0
0,0,1,0,0.9156150460686455,1,1,0.9785493425844061,1.2210762915848128,False,True,True,False,False,False,False,True,False,True,False,False,False,True,False,False,False,False,True,False,False,0
0,0,1,1,1.6071133660414583,1,1,-1.3483560685556895,-0.2558692825460466,False,True,False,True,True,False,True,False,True,False,True,False,True,False,True,False,False,True,False,False,False,0
0,0,1,0,-1.2402326573760059,1,1,0.5058966809465743,-0.9208559103433085,False,False,True,False,False,True,False,False,False,False,False,True,False,False,False,False,False,False,False,True,False,0
1,0,0,0,-1.2402326573760059,1,0,0.3340229858055444,-0.939647292668492,False,False,True,False,False,False,False,True,False,False,False,False,False,False,False,False,False,False,False,True,False,0
1,0,1,0,0.9969677895948588,1,0,1.424759897277464,1.614795265886407,False,True,True,False,False,False,False,False,False,True,False,True,False,True,False,True,False,True,False,True,False,0
1,1,0,0,-0.9961744267973661,1,1,0.1687598174007081,-0.7592192887775077,False,False,True,False,False,False,False,False,False,False,False,False,False,False,False,False,False,False,True,False,False,0
1,0,0,1,1.1189969048841788,1,1,0.664549322615217,1.1823300418138447,False,True,False,False,False,True,False,False,False,True,False,True,False,True,False,True,False,True,False,True,False,0
0,1,1,0,-0.792792567981833,1,1,0.17537034413690167,-0.6037732861552836,False,False,True,False,False,False,False,False,False,False,False,False,False,False,False,False,False,False,False,True,False,1
0,0,1,1,-0.01994150448280695,1,0,0.28940193033623834,0.0109420034122236,False,False,False,False,False,True,False,True,False,True,False,True,False,False,False,True,False,True,False,False,True,0
1,0,1,1,-1.0775271703235794,1,1,0.16380192234856286,-0.8403778640768104,False,False,True,False,False,False,False,False,False,False,False,False,False,False,False,False,False,False,False,True,False,0
0,0,0,0,-1.118203542086686,1,0,-1.497092920120042,-0.9625438017399479,False,False,False,True,True,False,True,False,True,False,True,False,True,False,True,False,True,False,False,True,False,0
1,1,0,0,0.7122331872531124,1,1,1.0198651346856151,1.1085036180292744,False,True,True,False,False,False,False,False,False,False,False,False,False,True,False,True,False,False,False,True,False,1
1,0,1,0,1.200349648410392,1,0,1.0330861881580018,1.6286692771358413,False,True,True,False,False,True,False,True,False,False,False,False,False,False,False,True,True,False,False,True,False,0
0,0,0,0,-1.1588799138497925,1,1,-1.3070402764544802,-0.9549262670824262,False,True,False,True,True,False,True,False,True,False,True,False,True,False,True,False,False,True,True,False,False,0
1,0,1,0,-0.8334689397449395,1,0,-1.4888297616998003,-0.9174752177287312,False,False,False,True,True,False,True,False,True,False,True,False,True,False,True,False,True,False,False,False,False,0
0,0,0,1,-0.06061787624591358,1,0,-1.47891397159551,-0.7475624850220493,False,False,False,True,True,False,True,False,True,False,True,False,True,False,True,False,True,False,True,False,False,0
0,0,1,1,-1.2402326573760059,1,0,-1.4723034448593166,-0.9922675536888945,False,False,False,True,True,False,True,False,True,False,True,False,True,False,True,False,True,False,False,False,True,0
0,0,0,0,0.22411672609583283,1,1,0.6298440572502015,0.41344199749194094,False,False,True,False,False,True,False,True,False,True,False,False,False,False,False,False,False,False,True,False,False,1
1,0,1,1,1.6071133660414583,1,1,1.323949364550514,2.312754622950521,False,False,True,False,False,True,False,False,False,True,False,True,False,True,False,True,False,True,True,False,False,0
0,0,1,1,-1.1588799138497925,1,0,0.529033524523251,-0.8733505933436626,False,False,True,False,False,False,False,False,False,False,False,False,False,False,False,True,False,False,False,True,False,1
1,0,0,0,-0.7114398244556197,1,0,-1.4904823933838485,-0.8694649920918431,False,False,False,True,True,False,True,False,True,False,True,False,True,False,True,False,False,False,False,False,True,0
0,0,0,0,-1.0368507985604727,1,0,-1.4739560765433648,-0.949569845017771,False,False,False,True,True,False,True,False,True,False,True,False,True,False,True,False,True,False,False,False,True,0
0,1,0,0,-1.1995562856128992,1,0,-0.6559033929394251,-0.9504698995450287,False,False,False,False,False,False,False,False,False,False,False,False,False,False,False,False,False,False,False,True,False,1
1,0,0,0,0.9562914178317522,1,1,-1.2855560645618513,-0.3722616997050682,False,True,False,True,True,False,True,False,True,False,True,False,True,False,True,False,False,True,False,False,False,0
0,0,1,0,1.3223787636997117,1,1,-0.3204191610776075,0.6064268596656414,False,False,False,False,False,True,False,False,False,True,False,False,False,False,False,False,False,False,False,False,True,0
1,0,0,1,-0.2233233632983401,1,0,-1.4623876547550263,-0.7508114623399549,False,False,False,True,True,False,True,False,True,False,True,False,True,False,True,False,False,True,False,False,True,0
1,0,1,1,-0.9554980550342594,1,1,1.2479283070842888,-0.6121152549445005,False,True,True,False,False,False,False,True,False,True,False,False,False,True,False,True,False,False,True,False,False,0
0,0,0,0,-1.1588799138497925,1,1,0.472844047265607,-0.8669843540045233,False,False,True,False,False,False,False,False,False,False,False,False,False,False,False,True,False,False,False,True,False,1
0,1,1,0,-0.10129424800902022,1,1,0.8331177543881498,0.14720147781924867,False,True,True,False,False,False,False,True,False,False,False,False,False,True,False,False,False,False,False,True,False,0
0,0,0,0,-0.10129424800902022,1,0,-1.502050815172187,-0.7522822831527904,False,False,False,True,True,False,True,False,True,False,True,False,True,False,True,False,False,True,True,False,False,0
1,0,1,1,1.525760622515245,1,1,1.365265156651723,2.2756767669373965,False,False,True,False,False,False,False,True,False,True,False,True,False,True,False,True,True,False,False,True,False,0
1,0,1,0,-0.18264699153523348,1,0,-0.3468612680223812,-0.3799889971098165,False,False,False,False,False,True,False,False,False,False,False,True,False,False,False,False,True,False,False,False,True,0
0,0,1,1,0.6308804437268991,1,1,1.1520756694094842,1.1789713017487122,False,False,True,False,False,True,False,False,False,True,False,False,False,True,False,True,True,False,False,False,False,0
1,0,0,0,-0.42670522211387324,1,0,0.006801912363968357,-0.3795060410220198,False,True,False,False,False,True,False,True,False,True,False,False,False,False,False,False,False,False,False,False,True,0
1,1,0,0,0.3868222131482594,1,1,0.4794545740018001,0.46195713176607106,False,True,True,False,False,False,False,True,False,False,False,False,False,False,False,False,False,False,False,False,False,0
1,1,1,0,1.0783205331210721,0,1,-0.482377066114347,0.30976010646175245,True,False,False,False,False,False,False,True,False,False,False,False,False,True,False,True,False,False,False,True,False,0
0,0,1,0,0.1834403543327262,1,0,0.10761244509091841,0.08224388401058316,False,True,False,False,False,True,False,False,False,True,False,True,False,False,False,False,True,False,True,False,False,0
0,0,1,1,-0.9961744267973661,1,1,-0.6410297077829897,-0.8254940355528917,False,False,False,False,False,False,False,False,False,False,False,False,False,False,False,False,False,False,False,True,False,0
1,0,1,1,0.3054694696220461,0,0,-0.15019809762062614,0.06874306610171892,True,False,False,False,False,False,False,True,False,True,False,True,False,True,False,True,True,False,False,False,True,0
0,0,0,0,-1.2809090291391125,1,1,-0.15515599267277116,-0.9798643632522956,False,True,False,False,False,False,False,False,False,False,False,False,False,False,False,True,False,False,False,True,False,1
0,0,0,0,0.06141123904340631,1,1,0.3009703521245772,0.10208898870914128,False,False,True,False,False,False,False,True,False,False,False,False,False,False,False,False,False,False,True,False,False,1
0,1,0,0,0.3054694696220461,1,1,0.4744966789496553,0.4135517602391675,False,False,True,False,False,True,False,True,False,False,False,False,False,False,False,False,False,False,True,False,False,1
1,1,0,0,-1.0368507985604727,1,1,0.6595914275630718,-0.7661343418527796,False,True,True,False,False,False,False,False,False,False,False,False,False,True,False,False,False,False,False,True,False,1
1,0,0,0,-0.9148216832711529,0,0,-0.9616402544883723,-0.8351312047593819,True,False,False,False,False,False,False,True,False,False,False,True,False,False,False,False,False,False,False,True,False,0
1,1,1,0,1.403731507225925,1,0,0.6281914255661528,1.4474948865637167,False,True,True,False,False,True,False,True,False,False,False,False,False,False,False,False,False,False,False,False,False,0
0,1,0,0,-0.5894107091662998,1,1,0.28774929865219007,-0.40940541336652886,False,False,True,False,False,False,False,True,False,False,False,False,False,False,False,False,False,False,False,True,False,0
1,0,1,1,-0.06061787624591358,0,0,-0.1617665194089645,-0.1945558119453021,True,False,False,False,False,True,False,False,False,True,False,True,False,True,False,True,True,False,False,True,False,0
0,0,0,0,-1.118203542086686,1,0,0.5075493126306225,-0.837567937747811,False,False,True,False,False,False,False,False,False,False,False,False,False,True,False,False,False,False,False,True,False,0
0,0,0,0,-1.1588799138497925,1,1,0.12579139361545078,-0.8915712093832681,False,False,False,False,False,False,False,True,False,False,False,False,False,True,False,True,False,False,False,False,False,1
1,1,1,0,1.6071133660414583,1,1,0.6595914275630718,1.690224225780484,False,False,True,False,False,True,False,True,False,False,False,True,False,False,False,False,False,True,True,False,False,0
0,0,1,1,-1.2809090291391125,1,1,-1.502050815172187,-0.9977556910502214,False,False,False,True,True,False,True,False,True,False,True,False,True,False,True,False,False,False,False,False,True,0
0,0,0,0,0.3461458413851527,1,1,1.6412546478877996,0.9815081194881692,False,True,True,False,False,True,False,True,False,True,False,True,False,True,False,True,False,False,False,False,False,1
1,0,1,1,0.427498584911366,1,1,0.8727809148053107,0.755989579036523,False,True,True,False,False,True,False,False,False,True,False,True,False,False,False,False,True,False,True,False,False,0
0,0,0,0,-1.2809090291391125,1,1,-0.541871806740088,-0.9850012598224979,False,False,False,False,False,True,False,False,False,False,False,False,False,False,False,False,False,False,False,False,False,0
0,0,1,1,0.7122331872531124,1,1,0.5025914175784773,0.7684586271214576,False,True,False,False,False,True,False,True,False,True,False,True,False,False,False,True,True,False,False,False,False,0
0,1,0,0,0.14276398256961956,1,1,0.3323703541214962,0.16136087221147216,False,True,True,False,False,False,False,False,False,False,False,False,False,False,False,False,False,False,False,False,False,0
1,0,0,0,1.3223787636997117,1,1,-1.497092920120042,-0.4712237926045154,False,False,False,True,True,False,True,False,True,False,True,False,True,False,True,False,False,True,True,False,False,0
0,0,1,0,1.6071133660414583,1,1,1.6131599092589775,2.5863711992368366,False,True,True,False,False,True,False,True,False,True,False,True,False,True,False,True,False,True,False,False,False,0
0,0,1,0,1.0783205331210721,1,1,1.1636440911978225,1.643333580165307,False,False,True,False,False,False,False,True,False,False,False,True,False,True,False,True,False,True,False,False,True,0
1,0,1,0,-1.0775271703235794,1,1,0.35220193433007635,-0.8139689470941052,False,True,True,False,False,False,False,False,False,False,False,False,False,False,False,False,False,False,False,True,False,1
0,0,0,0,-0.34535247858766,1,1,0.9835072376365508,-0.003854014913913734,False,False,True,False,False,True,False,False,False,False,False,False,False,True,False,True,False,False,False,True,False,0
1,0,1,0,-0.34535247858766,1,1,0.9306230237470035,-0.019264704624519725,False,True,True,False,False,False,False,False,False,False,False,False,False,True,False,True,False,False,False,True,False,0
1,0,0,0,-0.9148216832711529,1,1,-0.1716823095132548,-0.7257416508734134,False,False,False,False,False,False,False,True,False,False,False,False,False,True,False,False,False,False,False,False,True,0
0,0,1,0,0.6715568154900058,1,0,-1.5152718686445739,-0.6029171367269166,False,False,False,True,True,False,True,False,True,False,True,False,True,False,True,False,True,False,True,False,False,0
1,0,0,0,-0.8741453115080462,0,0,-0.9963455198533878,-0.8378752734400453,True,False,False,False,False,False,False,True,False,True,False,False,False,False,False,False,False,False,False,False,True,0
1,0,1,1,0.5495277002006859,1,0,-1.320261329926867,-0.49047617846805036,False,True,False,True,True,False,True,False,True,False,True,False,True,False,True,False,True,False,False,True,False,0
1,1,1,0,-0.7114398244556197,1,1,0.6860335345078454,-0.41550822211232447,False,True,True,False,False,False,False,False,False,False,False,False,False,False,False,True,False,False,False,False,False,1
0,0,1,1,1.200349648410392,1,0,-1.4723034448593166,-0.4371973409642885,False,False,False,True,True,False,True,False,True,False,True,False,True,False,True,False,False,True,False,False,False,0
1,0,0,0,1.5664369942783516,1,1,1.7007493885135405,2.642042864630137,False,True,True,False,False,True,False,True,False,True,False,True,False,True,False,True,True,False,False,False,False,0
1,0,0,1,0.22411672609583283,1,1,1.1372019842530487,0.6520881625118814,False,True,True,False,False,False,False,False,False,True,False,False,False,True,False,True,False,False,False,False,False,1
1,0,1,1,-1.2809090291391125,1,1,0.1208334985633055,-0.9761982874949293,False,False,True,False,False,False,False,False,False,False,False,False,False,False,False,False,False,False,False,True,False,1
1,0,1,1,-1.0368507985604727,1,0,-1.4739560765433648,-0.9428962699863975,False,False,False,True,True,False,True,False,True,False,True,False,True,False,True,False,False,False,False,False,True,0
0,0,0,0,-0.18264699153523348,1,1,-0.3286823194978493,-0.3454356842829021,False,True,False,False,False,False,False,False,False,False,False,True,False,False,False,False,False,False,True,False,False,0
1,0,1,0,0.5495277002006859,1,1,0.9851598693205996,0.8871341094227914,False,True,True,False,False,False,False,True,False,True,False,False,False,True,False,False,True,False,False,True,False,0
0,0,0,0,0.874938674305539,1,1,1.292549362553595,1.469557198756251,False,True,True,False,False,True,False,False,False,True,False,False,False,True,False,True,True,False,False,False,False,1
0,0,1,0,0.8342623025424323,1,1,0.9454967089034387,1.1328709479135661,False,False,True,False,False,False,False,False,False,False,False,True,False,True,False,True,True,False,False,True,False,0
1,0,0,0,-1.2809090291391125,1,1,-0.32537705612975254,-0.9821254758451624,False,False,False,False,False,False,False,False,False,False,False,False,False,False,False,True,False,False,False,True,False,1
0,1,1,0,1.3630551354628184,1,1,1.188433566458548,1.9313071237888537,False,True,True,False,False,False,False,True,False,False,False,False,False,True,False,True,False,False,False,True,False,0
1,0,0,0,1.403731507225925,1,1,0.7918019622869408,1.585510564926366,False,True,False,False,False,True,False,True,False,True,False,True,False,True,False,True,True,False,False,False,False,0
0,0,1,1,-0.01994150448280695,1,0,-0.11384020057156209,-0.1875968537711395,False,False,False,False,False,True,False,True,False,False,False,True,False,False,False,False,False,False,False,False,False,0
0,0,0,0,-0.5080579656400865,1,1,-1.5037034468562354,-0.8158349137969563,False,False,False,True,True,False,True,False,True,False,True,False,True,False,True,False,True,False,True,False,False,0
0,0,1,1,0.7935859307793257,1,1,0.6348019523023464,0.8934125385641494,False,False,True,False,False,True,False,False,False,True,False,True,False,False,False,False,False,False,False,False,False,0
1,0,0,0,-1.1588799138497925,1,1,-0.03616651142128899,-0.9069599465444288,False,False,False,False,False,False,False,True,False,False,False,True,False,True,False,False,False,False,False,False,False,0
1,0,0,0,0.6715568154900058,1,1,1.3817914734922068,1.2627861355308974,False,True,True,False,False,False,False,True,False,False,False,True,False,True,False,True,True,False,False,False,False,0
1,0,1,0,-0.9554980550342594,1,1,0.4976335225263325,-0.6806291617633059,False,False,True,False,False,False,False,True,False,True,False,False,False,False,False,False,False,False,False,True,False,1
1,1,1,0,-0.01994150448280695,1,1,0.3323703541214962,0.005014815061990511,False,True,True,False,False,False,False,False,False,False,False,False,False,False,False,False,False,False,False,True,False,1
0,1,1,0,0.1834403543327262,1,0,-1.4954402884359934,-0.6867319705091015,False,False,False,True,True,False,True,False,True,False,True,False,True,False,True,False,True,False,False,False,True,0
0,0,0,0,-0.42670522211387324,1,1,-1.4805666032795584,-0.799831505251327,False,False,False,True,True,False,True,False,True,False,True,False,True,False,True,False,False,False,False,False,True,0
1,0,0,0,-1.0368507985604727,1,1,-0.6674718147277637,-0.8646793363127661,False,False,False,False,False,False,False,False,False,False,False,False,False,False,False,False,False,False,False,False,False,0
0,0,0,0,-0.5080579656400865,1,1,0.8017177523912309,-0.18118670933310968,False,True,True,False,False,True,False,False,False,False,False,False,False,True,False,False,False,False,False,False,False,0
0,1,1,0,-1.2809090291391125,0,1,-1.3235665932949638,-0.9953848157101283,True,False,False,False,False,False,False,False,False,False,False,False,False,False,False,False,False,False,False,True,False,1
0,0,1,1,1.4850842507521385,1,0,-1.4888297616998003,-0.37537896172630186,False,False,False,True,True,False,True,False,True,False,True,False,True,False,True,False,False,True,True,False,False,0
0,0,0,0,-0.34535247858766,1,1,-1.497092920120042,-0.799831505251327,False,False,False,True,True,False,True,False,True,False,True,False,True,False,True,False,False,True,False,False,False,0
0,1,1,0,-0.06061787624591358,1,1,0.66124405924712,0.14992359395046695,False,True,True,False,False,False,False,False,False,False,False,False,False,False,False,True,False,False,False,True,False,0
1,1,0,0,-0.7521161962187263,1,1,1.0165598713175181,-0.4472296560607941,False,True,True,False,False,False,False,False,False,False,False,False,False,True,False,True,False,False,False,True,False,0
1,0,0,0,1.6071133660414583,1,1,0.33898088085768924,1.336656464414358,False,False,False,False,False,True,False,True,False,True,False,True,False,True,False,False,False,True,False,False,False,0
0,1,0,0,-0.10129424800902022,0,1,-0.8112507712399714,-0.4912884227975267,True,False,False,False,False,False,False,False,False,True,False,False,False,True,False,False,False,False,False,True,False,1
0,1,1,1,1.3630551354628184,1,1,1.512349376532027,2.159657543118945,False,True,True,False,False,True,False,True,False,False,False,True,False,True,False,True,True,False,True,False,False,0
0,0,0,0,-0.14197061977212685,1,1,0.309233510544819,-0.13113489659780803,False,True,True,False,False,False,False,False,False,False,False,False,False,False,False,False,False,False,False,True,False,0
0,0,1,0,1.1596732766472853,1,1,0.9752440792163091,1.4976345094967995,False,True,True,False,False,False,False,True,False,False,False,True,False,False,False,True,False,True,False,False,False,0
1,0,1,1,-1.2809090291391125,1,1,-0.627808654310603,-0.9861427923936538,False,False,False,False,False,False,False,False,False,False,False,False,False,False,False,False,False,False,False,False,True,1
0,0,1,0,1.5664369942783516,1,1,-1.4524718646507362,-0.3506823436003307,False,False,False,True,True,False,True,False,True,False,True,False,True,False,True,False,False,True,False,False,False,0
0,0,0,0,-0.5894107091662998,1,1,-0.49064022453458883,-0.6143324624384766,False,False,False,False,False,False,False,False,False,True,False,False,False,False,False,False,False,False,False,False,True,0
0,1,1,0,1.525760622515245,1,1,0.8595598613329236,1.8344305230867108,False,True,True,False,False,True,False,False,False,False,False,False,False,False,False,True,False,False,False,True,False,0
1,0,0,0,-1.2809090291391125,1,1,0.5191177344189609,-0.9709077230786101,False,False,True,False,False,False,False,False,False,False,False,False,False,True,False,False,False,False,False,True,False,0
0,0,0,0,-1.1995562856128992,0,0,-1.0112192050098232,-0.9450915249309283,True,False,False,False,False,True,False,False,False,False,False,True,False,False,False,False,False,False,False,False,True,1
0,0,0,0,-0.26399973506144675,1,1,-0.3336402145499943,-0.38857244394293183,False,False,False,False,False,False,False,True,False,True,False,False,False,False,False,False,False,False,True,False,False,0
0,1,1,0,-1.1588799138497925,1,1,1.148770406041387,-0.8536372039417762,False,True,True,False,False,True,False,False,False,False,False,False,False,True,False,True,False,False,False,True,False,1
0,0,0,0,-1.0775271703235794,1,1,0.814938805863618,-0.7545653482951025,False,False,True,False,False,False,False,False,False,False,False,False,False,True,False,True,False,False,False,True,False,1
0,0,1,1,1.525760622515245,1,1,-1.4772613399114616,-0.38668452469063536,False,False,False,True,True,False,True,False,True,False,True,False,True,False,True,False,False,True,True,False,False,0
0,0,1,1,-0.7521161962187263,1,1,0.8198967009157633,-0.4757460177902489,False,False,True,False,False,False,False,True,False,False,False,True,False,False,False,True,False,False,True,False,False,1
1,0,1,0,1.0376441613579654,0,1,-0.6559033929394251,0.17448849677976624,True,False,False,False,False,False,False,False,False,False,False,False,False,True,False,True,True,False,True,False,False,0
0,0,1,0,1.6071133660414583,1,1,1.442938845801996,2.5078030247720804,False,True,True,False,False,False,False,True,False,True,False,True,False,True,False,True,True,False,False,False,False,0
1,0,1,1,-0.5487343374031931,0,1,-0.988082361433146,-0.7383643668044653,True,False,False,False,False,True,False,True,False,False,False,False,False,False,False,False,False,False,False,False,True,0
1,0,1,0,0.874938674305539,1,0,1.4776441111670116,1.6802577683323145,False,True,True,False,False,True,False,True,False,True,False,False,False,True,False,True,False,False,False,True,False,0
0,0,0,0,0.874938674305539,1,0,0.5207703661030092,0.881624019512019,False,False,False,False,False,True,False,False,False,True,False,True,False,True,False,True,False,True,False,True,False,0
1,0,0,0,-1.118203542086686,0,0,-1.3400929101354475,-0.9622803711466044,True,False,False,False,False,False,False,False,False,False,False,False,False,False,False,False,False,False,False,False,True,0
0,0,0,0,0.06141123904340631,1,0,0.005149280679920088,-0.05902077166997211,False,True,False,False,False,False,False,False,False,False,False,True,False,True,False,False,False,False,False,False,True,0
0,0,0,0,-0.7114398244556197,1,1,0.4926756274741872,-0.5181144382196928,False,True,True,False,False,False,False,True,False,False,False,False,False,False,False,False,False,False,False,True,False,1
1,0,1,0,0.9156150460686455,1,0,-1.2938192229820933,-0.37243732010063063,False,True,False,True,True,False,True,False,True,False,True,False,True,False,True,False,False,True,False,False,False,0
1,0,0,0,-1.118203542086686,1,1,-0.5170823314793626,-0.9110431207412559,False,False,False,False,False,False,False,False,False,False,False,True,False,False,False,False,False,False,False,True,False,1
1,0,1,0,1.525760622515245,0,1,-0.8492612999730836,0.1759812701420472,True,False,False,False,False,True,False,False,False,True,False,True,False,False,False,False,False,True,True,False,False,0
1,0,0,0,-0.26399973506144675,1,1,0.7207387998728615,-0.036519408488531684,False,True,True,False,False,True,False,True,False,False,False,False,False,False,False,False,False,False,True,False,False,0
0,1,1,1,1.4444078789890318,0,1,-0.39148232349168705,0.5990068979531272,True,False,False,False,False,False,False,True,False,True,False,False,False,True,False,True,False,True,False,True,False,0
0,0,1,1,-1.0775271703235794,1,0,-0.33033495118189754,-0.8503662740744254,False,False,False,False,False,False,False,False,False,False,False,False,False,True,False,False,False,False,False,True,False,0
1,0,1,0,1.403731507225925,1,0,1.2975072576057398,2.0850188750048986,False,True,True,False,False,False,False,True,False,True,False,False,False,True,False,True,True,False,False,True,False,1
0,0,1,1,-0.9554980550342594,1,0,-1.4739560765433648,-0.9306028422970252,False,False,False,True,True,False,True,False,True,False,True,False,True,False,True,False,True,False,False,False,True,0
1,0,1,1,-0.8334689397449395,1,0,-1.465692918123123,-0.8940957525694784,False,False,False,True,True,False,True,False,True,False,True,False,True,False,True,False,False,False,False,False,True,0
0,0,0,1,-0.5894107091662998,1,0,-1.4772613399114616,-0.8346702012210304,False,False,False,True,True,False,True,False,True,False,True,False,True,False,True,False,True,False,False,False,False,1
1,0,0,0,-1.0368507985604727,1,0,0.32410719570125435,-0.7671880642261544,False,False,True,False,False,False,False,False,False,True,False,False,False,False,False,False,False,False,False,False,True,1
0,0,0,0,-1.1995562856128992,1,0,0.3720335145386565,-0.8931737454927755,False,True,True,False,False,False,False,False,False,False,False,False,False,False,False,False,False,False,False,True,False,0
0,0,1,1,-1.2809090291391125,1,0,-1.470650813175268,-0.9973385926107607,False,False,False,True,True,False,True,False,True,False,True,False,True,False,True,False,False,True,False,False,True,0
0,0,1,1,1.6071133660414583,1,1,-1.2756402744575612,-0.13341796174012005,False,True,False,True,True,False,True,False,True,False,True,False,True,False,True,False,False,True,False,False,False,0
0,0,1,1,1.6071133660414583,1,0,0.06629665298970934,1.0830825657716083,False,True,False,False,False,True,False,False,False,True,False,True,False,False,False,False,False,True,False,False,False,0
0,0,1,0,1.6071133660414583,1,1,0.6463703740906851,1.6703791210819259,False,True,False,False,False,True,False,False,False,True,False,True,False,True,False,True,False,True,True,False,False,0
0,0,0,0,-0.792792567981833,1,1,0.6529809008268782,-0.5166436174068572,False,True,True,False,False,False,False,False,False,False,False,False,False,False,False,True,False,False,False,True,False,1
0,1,1,0,-0.06061787624591358,1,1,0.8546019662807788,0.2386557988084008,False,True,True,False,False,False,False,False,False,True,False,False,False,True,False,False,True,False,False,True,False,0
0,0,0,0,0.02073486728029968,1,0,-0.1799454679334966,-0.14889450909906202,False,True,False,False,False,True,False,False,False,False,False,True,False,False,False,False,True,False,False,True,False,0
1,0,0,1,0.7935859307793257,1,0,-1.4937876567519452,-0.5986583421345268,False,False,False,True,True,False,True,False,True,False,True,False,True,False,True,False,True,False,True,False,False,0
0,0,0,0,-1.0368507985604727,1,0,-1.5053560785402837,-0.9426328393930539,False,False,False,True,True,False,True,False,True,False,True,False,True,False,True,False,False,False,False,False,True,0
1,0,0,1,0.6715568154900058,1,1,1.1818230397223544,1.2195615656730863,False,True,True,False,False,False,False,False,False,False,False,True,False,True,False,True,True,False,False,False,False,1
0,0,0,0,-1.2809090291391125,1,1,-1.502050815172187,-0.9977556910502214,False,False,False,True,True,False,True,False,True,False,True,False,True,False,True,False,False,False,False,False,True,0
1,0,1,0,0.06141123904340631,1,0,-1.4805666032795584,-0.7081576587677219,False,False,False,True,True,False,True,False,True,False,True,False,True,False,True,False,False,True,True,False,False,0
0,1,1,0,-0.670763452692513,1,1,0.6777703760876037,-0.4025123128407022,False,True,True,False,False,False,False,False,False,False,False,False,False,False,False,True,False,False,True,False,False,1
0,1,0,0,0.5088513284375793,1,1,1.233054621927854,1.072786820081759,False,True,True,False,False,False,False,False,False,True,False,False,False,True,False,True,True,False,False,False,False,0
1,0,0,1,-0.2233233632983401,1,0,-1.4921350250678969,-0.7826646115850964,False,False,False,True,True,False,True,False,True,False,True,False,True,False,True,False,False,True,True,False,False,0
0,0,0,0,-1.1588799138497925,1,0,-1.470650813175268,-0.972246828594774,False,False,False,True,True,False,True,False,True,False,True,False,True,False,True,False,False,False,False,False,True,1
1,0,1,1,1.1596732766472853,1,1,0.5339914195753963,1.1785102982103608,False,True,False,False,False,False,False,False,False,True,False,True,False,True,False,True,False,True,False,False,False,0
0,0,1,0,1.6071133660414583,1,1,1.1024967188880332,2.0740645528316897,False,True,True,False,False,True,False,False,False,True,False,True,False,True,False,False,False,True,False,False,False,0
0,0,0,1,-1.1588799138497925,1,0,-1.4689981814912199,-0.9647829617833693,False,False,False,True,True,False,True,False,True,False,True,False,True,False,True,False,False,False,True,False,False,0
1,0,1,1,0.9562914178317522,1,1,1.2677598872928695,1.5726024658525253,False,True,True,False,False,False,False,False,False,True,False,True,False,True,False,True,False,True,False,True,False,0
1,0,0,0,-1.2809090291391125,0,1,-1.3119981715066253,-0.9952311478640111,True,False,False,False,False,False,False,False,False,False,False,False,False,False,False,False,False,False,False,True,False,1
1,1,0,0,1.403731507225925,1,1,1.2082651466671286,1.997296487421449,False,True,True,False,False,False,False,False,False,True,False,False,False,True,False,True,False,False,True,False,False,0
0,0,0,1,-0.8334689397449395,1,1,0.6348019523023464,-0.5819085469077571,False,True,True,False,False,False,False,False,False,False,False,False,False,True,False,False,False,False,False,True,False,0
0,0,0,0,-0.5894107091662998,1,0,-1.4937876567519452,-0.8342970078804601,False,False,False,True,True,False,True,False,True,False,True,False,True,False,True,False,False,False,False,False,True,0
0,1,0,0,0.9562914178317522,1,0,1.5090441131639305,1.689280266154336,False,True,True,False,False,True,False,True,False,True,False,False,False,True,False,True,True,False,False,True,False,0
1,0,0,0,0.5902040719637925,1,0,0.9901177643727443,0.9851961477949811,False,True,True,False,False,True,False,True,False,False,False,False,False,True,False,False,True,False,False,False,False,0
1,0,1,1,1.5664369942783516,1,0,-1.3053876447704318,-0.1951046256814348,False,True,False,True,True,False,True,False,True,False,True,False,True,False,True,False,False,True,True,False,False,0
0,0,0,1,0.06141123904340631,1,1,1.6957914934613958,0.7266170678787012,False,True,True,False,False,True,False,True,False,True,False,True,False,True,False,True,False,True,True,False,False,0
0,0,0,0,-0.670763452692513,1,1,-0.4856823294824438,-0.6716066639412845,False,False,False,False,False,True,False,False,False,False,False,False,False,False,False,False,False,False,False,True,False,1
0,1,0,0,-0.9961744267973661,1,1,0.7356124850292963,-0.692966494551569,False,False,True,False,False,False,False,True,False,False,False,False,False,True,False,False,False,False,False,True,False,0
0,0,1,1,1.525760622515245,1,0,0.34724403927793107,1.3811762346894418,False,False,False,False,False,True,False,False,False,False,False,True,False,True,False,True,False,True,True,False,False,0
0,1,0,0,-0.01994150448280695,1,0,0.8628651247010206,0.2660745330655901,False,False,True,False,False,False,False,False,False,False,False,False,False,True,False,True,False,False,False,True,False,0
0,0,0,0,1.4850842507521385,1,0,1.2942019942376433,2.0795965952919078,False,True,True,False,False,False,False,False,False,True,False,True,False,True,False,True,False,True,False,True,False,0
0,0,0,0,-1.118203542086686,1,0,-0.35181916307452626,-0.8709358129046787,False,False,False,False,False,True,False,False,False,False,False,True,False,False,False,False,False,False,False,True,False,1
1,0,1,1,1.2817023919366053,1,1,-1.4921350250678969,-0.4469003678191145,False,False,False,True,True,False,True,False,True,False,True,False,True,False,True,False,False,True,False,False,False,0
0,0,0,0,-0.8741453115080462,1,0,-1.4723034448593166,-0.8981350216674151,False,False,False,True,True,False,True,False,True,False,True,False,True,False,True,False,False,False,False,False,False,0
1,0,0,0,-1.2809090291391125,1,0,-0.6757349731480056,-0.9867794163275676,False,False,False,False,False,False,False,False,False,False,False,False,False,False,False,False,False,False,False,False,True,1
0,0,1,0,1.6071133660414583,1,0,0.4744966789496553,1.365436256737156,False,True,False,False,False,True,False,True,False,True,False,True,False,True,False,False,False,True,True,False,False,0
1,1,1,0,1.6071133660414583,1,1,0.6364545839863945,1.6199760675554993,False,True,False,False,False,True,False,True,False,True,False,False,False,True,False,True,False,True,True,False,False,0
0,0,0,0,-0.14197061977212685,1,0,-1.5037034468562354,-0.7421402053090583,False,False,False,True,True,False,True,False,True,False,True,False,True,False,True,False,False,False,True,False,False,0
1,0,1,0,0.5902040719637925,1,1,1.2975072576057398,1.2483194054464393,False,True,True,False,False,False,False,True,False,True,False,False,False,True,False,True,False,False,False,True,False,0
1,0,1,1,0.5495277002006859,1,1,-1.47891397159551,-0.5949483612782699,False,False,False,True,True,False,True,False,True,False,True,False,True,False,True,False,False,True,False,False,True,0
0,0,1,1,0.8342623025424323,1,0,-1.4524718646507362,-0.5030988943991024,False,False,False,True,True,False,True,False,True,False,True,False,True,False,True,False,False,True,False,False,True,0
0,1,0,0,-1.2809090291391125,1,1,-0.2989349491849788,-0.9817742350540374,False,False,False,False,False,True,False,False,False,True,False,False,False,False,False,False,False,False,False,True,False,1
0,0,1,0,0.7935859307793257,1,0,0.9835072376365508,1.2003091798095515,False,True,True,False,False,False,False,True,False,True,False,False,False,True,False,False,False,False,False,False,False,0
0,0,1,1,0.10208761080651294,1,1,1.3900546319124485,0.6429998070415239,False,False,True,False,False,True,False,False,False,True,False,True,False,True,False,True,False,False,False,True,False,0
1,0,0,0,-0.5080579656400865,1,1,0.8546019662807788,-0.22416980114702226,False,True,True,False,False,False,False,False,False,True,False,False,False,True,False,False,False,False,True,False,False,0
0,0,1,0,-0.8334689397449395,1,0,-0.35181916307452626,-0.7031085723953011,False,False,False,False,False,True,False,False,False,False,False,True,False,False,False,False,False,False,False,False,False,0
1,1,1,0,0.9562914178317522,1,1,0.6876861661918943,1.1119062631932972,False,False,False,False,False,True,False,True,False,True,False,True,False,True,False,True,False,True,False,False,False,0
0,0,1,0,1.2410260201734986,1,1,1.4512020042222378,2.0107534002314225,False,True,True,False,False,False,False,True,False,True,False,True,False,True,False,True,False,False,False,True,False,0
1,0,0,0,0.9562914178317522,1,1,1.3388230497069489,1.5377857224322673,False,True,True,False,False,True,False,False,False,False,False,True,False,True,False,True,False,False,False,False,True,0
0,0,1,1,1.3223787636997117,1,1,1.5189599032682206,2.1750462802801054,False,True,True,False,False,False,False,True,False,True,False,True,False,True,False,True,False,True,True,False,False,0
0,0,0,0,-0.8334689397449395,1,1,1.1520756694094842,-0.4625305830241736,False,True,True,False,False,True,False,True,False,True,False,False,False,False,False,True,False,False,False,False,False,1
1,0,1,1,-1.2809090291391125,1,0,-1.483871866647655,-0.9975142130063233,False,False,False,True,True,False,True,False,True,False,True,False,True,False,True,False,False,False,False,False,False,1
0,0,0,0,0.427498584911366,1,1,0.8860019682776978,0.7297782349988254,False,False,True,False,False,False,False,True,False,True,False,False,False,True,False,False,False,False,False,True,False,0
1,0,1,1,1.200349648410392,1,0,1.4313704240136575,1.990535102192294,False,False,True,False,False,True,False,True,False,True,False,True,False,True,False,True,False,True,False,False,True,0
1,0,0,0,0.8342623025424323,1,1,-0.12375599067585219,0.46801603541297604,False,False,False,False,False,False,False,False,False,True,False,False,False,False,False,True,True,False,False,True,False,0
0,0,1,0,-0.6300870809294065,1,0,-1.5037034468562354,-0.8714846266408114,False,False,False,True,True,False,True,False,True,False,True,False,True,False,True,False,True,False,False,False,True,0
1,1,1,0,0.427498584911366,1,1,0.9735914475322608,0.7293611365593646,False,True,True,False,False,False,False,True,False,False,False,True,False,True,False,False,False,False,False,True,False,0
0,1,1,0,0.6308804437268991,1,1,0.1918966609773853,0.5501844279867629,False,False,True,False,False,False,False,False,False,False,False,False,False,False,False,False,False,False,False,False,False,0
1,0,1,1,0.5902040719637925,1,0,0.7389177483973933,0.7575921151460303,False,True,True,False,False,False,False,True,False,False,False,False,False,True,False,False,False,False,False,True,False,0
0,0,1,1,0.9969677895948588,1,1,-0.1832507313015934,0.43133332528986673,False,False,False,False,False,True,False,False,False,True,False,True,False,False,False,False,True,False,False,False,True,0
0,1,0,0,-1.2402326573760059,1,1,0.6843809028237973,-0.9239731723645424,False,True,True,False,False,False,False,False,False,False,False,False,False,True,False,False,False,False,False,True,False,1
0,0,1,0,-1.0775271703235794,1,1,-0.5187349631634111,-0.8873782724392143,False,False,False,False,False,False,False,False,False,False,False,True,False,False,False,False,False,False,False,True,False,1
0,0,1,0,0.3868222131482594,1,0,-1.470650813175268,-0.624342824985537,False,False,False,True,True,False,True,False,True,False,True,False,True,False,True,False,False,False,True,False,False,0
0,0,1,0,0.5902040719637925,1,0,-1.4937876567519452,-0.6016658414085341,False,False,False,True,True,False,True,False,True,False,True,False,True,False,True,False,False,True,False,False,False,0
1,0,1,1,0.7122331872531124,1,1,1.289244099185498,1.1968406769971927,False,True,True,False,False,False,False,True,False,True,False,False,False,True,False,True,False,False,False,False,False,1
0,0,0,0,-1.2809090291391125,1,1,-0.6740823414639571,-0.9867574637781225,False,False,False,False,False,False,False,False,False,False,False,False,False,False,False,False,False,False,False,False,True,1
0,0,0,0,-0.06061787624591358,0,1,-0.4955981195867339,-0.3388718719987552,True,False,False,False,False,True,False,True,False,False,False,True,False,False,False,True,False,True,False,False,False,0
0,0,1,1,1.4444078789890318,1,1,0.6463703740906851,1.5168429902614438,False,True,True,False,False,False,False,True,False,True,False,False,False,False,False,False,False,True,True,False,False,0
0,0,1,1,0.9562914178317522,1,0,0.542254577995638,1.0223179089069963,False,True,False,False,False,True,False,True,False,True,False,True,False,True,False,False,False,True,True,False,False,0
1,0,1,1,-0.6300870809294065,1,0,-1.4855244983317035,-0.8614962166431964,False,False,False,True,True,False,True,False,True,False,True,False,True,False,True,False,True,False,False,False,False,0
1,0,0,0,0.9969677895948588,1,1,-0.3369454779180911,0.3700198546891222,False,False,False,False,False,False,False,True,False,False,False,True,False,False,False,False,True,False,False,False,True,0
0,1,0,0,0.7935859307793257,0,1,-0.4741139076941052,0.12046327259486402,True,False,False,False,False,False,False,True,False,True,False,True,False,True,False,False,False,False,False,True,False,0
1,0,1,1,-0.06061787624591358,1,0,-0.1700296778292063,-0.20478569998681548,False,True,False,False,False,False,False,False,False,False,False,False,False,False,False,True,False,False,False,False,False,0
1,0,0,0,1.2817023919366053,1,1,0.6430651107225881,1.315889352639097,False,True,True,False,False,True,False,True,False,False,False,False,False,False,False,False,True,False,True,False,False,0
1,0,1,0,-0.5487343374031931,1,1,0.7918019622869408,-0.27202635893779314,False,True,True,False,False,True,False,True,False,False,False,True,False,False,False,False,False,False,True,False,False,0
1,1,1,0,1.6071133660414583,1,1,1.547054641897043,2.5161669461107428,False,True,True,False,False,False,False,True,False,True,False,True,False,True,False,True,False,True,False,False,False,0
1,0,1,0,1.403731507225925,1,1,0.9355809187991487,1.7896912273171734,False,True,True,False,False,False,False,True,False,True,False,False,False,False,False,True,False,True,False,True,False,0
1,0,1,1,-0.9554980550342594,1,1,0.4794545740018001,-0.7159508138208062,False,True,True,False,False,False,False,False,False,True,False,False,False,False,False,False,False,False,False,False,False,1
1,0,1,0,1.4850842507521385,1,1,-0.3699981115990584,0.6640523019595741,False,False,False,False,False,True,False,True,False,False,False,False,False,False,False,False,True,False,True,False,False,0
1,0,0,0,-0.01994150448280695,1,0,-1.4888297616998003,-0.7394619942767306,False,False,False,True,True,False,True,False,True,False,True,False,True,False,True,False,True,False,False,False,True,0
1,0,0,0,-0.9961744267973661,1,1,0.059686126253516256,-0.7775496675643396,False,False,False,False,False,False,False,True,False,False,False,True,False,True,False,False,False,False,False,True,False,0
0,0,1,1,0.6715568154900058,1,0,0.43483351853249447,0.6727455115399159,False,False,False,False,False,False,False,True,False,True,False,False,False,True,False,True,True,False,True,False,False,0
1,0,0,0,-1.2402326573760059,1,0,-1.4574297597028811,-0.986867226525349,False,False,False,True,True,False,True,False,True,False,True,False,True,False,True,False,False,False,False,False,True,0
1,0,1,1,-0.34535247858766,1,1,-0.2840612640285434,-0.36778337961822544,False,False,False,False,False,True,False,False,False,True,False,False,False,False,False,False,True,False,True,False,False,0
1,1,0,0,-0.14197061977212685,1,1,1.2099177783511768,0.28831246565368684,False,False,True,False,False,False,False,True,False,True,False,False,False,True,False,True,False,False,False,False,False,0
0,0,0,0,1.6071133660414583,1,0,1.6594335964123315,2.6839502815212297,False,True,True,False,False,True,False,True,False,True,False,True,False,True,False,True,False,True,True,False,False,0
0,0,1,0,-1.2402326573760059,0,0,-0.669124446411812,-0.9636414292122133,True,False,False,False,False,False,False,False,False,False,False,False,False,True,False,True,False,False,False,True,False,1
1,0,1,0,1.525760622515245,1,0,-1.3119981715066253,-0.1541411684164906,False,True,False,True,True,False,True,False,True,False,True,False,True,False,True,False,False,True,False,False,False,0
1,0,1,1,1.4850842507521385,1,1,1.3718756833879162,2.182005238454268,False,False,True,False,False,True,False,True,False,False,False,True,False,True,False,True,False,True,True,False,False,0
1,0,1,1,1.2410260201734986,1,0,0.31914930064910907,1.0460925199562647,False,False,False,False,False,True,False,True,False,True,False,True,False,True,False,False,False,True,True,False,False,0
0,0,0,0,-0.2233233632983401,1,0,-1.510313973592429,-0.7861550669469003,False,False,False,True,True,False,True,False,True,False,True,False,True,False,True,False,True,False,False,False,True,0
0,0,0,0,-0.792792567981833,1,1,0.4596229937932199,-0.5692638784272599,False,True,False,False,False,True,False,False,False,True,False,False,False,True,False,True,False,False,False,True,False,0
1,1,1,1,-0.18264699153523348,1,1,-0.45758759085362155,-0.39959262376447635,False,True,False,False,False,False,False,False,False,False,False,False,False,False,False,False,True,False,False,True,False,0
1,0,0,0,-0.46738159387697986,1,1,0.6364545839863945,-0.24344413956000238,False,True,True,False,False,False,False,False,False,False,False,False,False,False,False,True,False,False,False,True,False,0
1,0,0,0,0.26479309785893945,1,1,-0.3633875848628648,-0.04005376894922631,False,True,False,False,False,False,False,False,False,False,False,True,False,False,False,False,False,True,True,False,False,0
1,0,1,0,-1.2809090291391125,1,1,0.8562545979648271,-0.9664294029917674,False,False,True,False,False,False,False,False,False,False,False,False,False,True,False,True,False,False,False,True,False,1
0,0,1,0,-0.18264699153523348,1,0,-1.465692918123123,-0.7590656209313905,False,False,False,True,True,False,True,False,True,False,True,False,True,False,True,False,False,False,False,False,True,0
0,0,1,0,0.3868222131482594,1,1,0.05142296783327444,0.191370007303208,False,True,False,False,False,True,False,True,False,False,False,True,False,False,False,False,False,False,True,False,False,0
1,0,0,0,-0.46738159387697986,1,0,0.016717702468258443,-0.3808890516370741,False,False,False,False,False,True,False,False,False,True,False,False,False,True,False,False,False,False,False,False,False,0
0,0,0,0,-1.2402326573760059,1,0,0.13570718371974086,-0.953696924313489,False,False,True,False,False,False,False,False,False,False,False,False,False,False,False,False,False,False,False,True,False,1
0,0,0,1,-1.1995562856128992,1,1,-0.32207179276165576,-0.9383740448006641,False,False,False,False,False,True,False,False,False,False,False,True,False,False,False,False,False,False,False,False,True,1
0,0,1,0,0.3868222131482594,1,0,-1.3086929081385286,-0.5197169743292003,False,True,False,True,True,False,True,False,True,False,True,False,True,False,True,False,False,True,False,True,False,0
0,0,1,1,0.26479309785893945,1,1,0.8165914375476663,0.5191874281699883,False,True,True,False,False,False,False,True,False,True,False,True,False,False,False,False,True,False,False,True,False,1
1,0,1,0,-0.18264699153523348,1,0,-0.13036651741204572,-0.2222818818947257,False,False,False,False,False,True,False,True,False,False,False,True,False,False,False,False,False,False,False,False,True,0
0,0,0,0,0.427498584911366,1,0,1.6594335964123315,1.1429252155595173,False,True,True,False,False,True,False,True,False,True,False,True,False,True,False,True,False,True,True,False,False,0
0,1,1,0,1.6071133660414583,1,1,0.6364545839863945,1.6849556139136102,False,True,False,False,False,True,False,True,False,True,False,False,False,True,False,True,False,True,True,False,False,0
0,1,0,0,-0.8741453115080462,1,1,0.9967282911089379,-0.5144044573634358,False,False,True,False,False,False,False,True,False,False,False,False,False,True,False,True,False,False,False,True,False,1
0,0,1,0,1.2410260201734986,1,1,1.4098862121210287,2.01165345475868,False,True,True,False,False,False,False,True,False,True,False,False,False,True,False,True,True,False,False,True,False,1
1,0,1,1,-0.2233233632983401,0,1,-0.627808654310603,-0.4590401276623696,True,False,False,False,False,False,False,True,False,True,False,False,False,False,False,True,True,False,True,False,False,0
0,1,0,0,0.7935859307793257,1,0,-0.16507178277706125,0.3562117010880237,False,True,False,False,False,True,False,False,False,True,False,False,False,False,False,False,False,True,False,False,False,0
0,0,0,0,-1.2809090291391125,1,0,-1.4987455518040902,-0.9977117859513309,False,False,False,True,True,False,True,False,True,False,True,False,True,False,True,False,False,False,False,False,True,0
0,0,0,0,1.6071133660414583,1,1,1.7057072835656857,2.5120837719139155,False,True,True,False,False,True,False,True,False,True,False,True,False,True,False,True,False,True,False,False,False,0
1,1,0,0,0.3461458413851527,1,1,1.1091072456242268,0.8323624985567485,False,True,True,False,False,False,False,False,False,True,False,False,False,True,False,True,False,False,False,True,False,1
1,0,1,1,0.10208761080651294,1,1,0.28444403528409357,0.16208530634316737,False,True,False,False,False,False,False,False,False,False,False,True,False,True,False,True,True,False,False,False,False,0
1,0,1,1,-0.2233233632983401,1,1,0.6728124810354589,-0.06161117250451847,False,True,True,False,False,False,False,True,False,False,False,True,False,False,False,False,False,False,True,False,False,0
0,0,1,1,0.8342623025424323,0,1,-0.5336086483198462,0.08924674728363625,True,False,False,False,False,True,False,True,False,True,False,False,False,False,False,True,False,False,False,False,False,0
0,0,1,1,0.1834403543327262,1,0,0.33898088085768924,0.16107548906868333,False,False,False,False,False,True,False,True,False,False,False,False,False,True,False,True,True,False,False,False,False,0
1,1,1,0,1.525760622515245,1,0,0.8331177543881498,1.7744122529032393,False,True,False,False,False,True,False,True,False,True,False,True,False,True,False,True,False,True,True,False,False,0
0,1,0,0,-0.7521161962187263,1,1,0.46623352052941347,-0.5225049481087544,False,True,True,False,False,False,False,True,False,False,False,False,False,False,False,False,False,False,False,True,False,1
1,0,1,0,0.10208761080651294,1,0,-0.12706125404394897,-0.07089710091988367,False,False,False,False,False,True,False,True,False,True,False,False,False,False,False,False,False,False,False,False,True,0
1,0,0,0,0.4681749566744726,1,0,-1.4689981814912199,-0.6086906572310326,False,False,False,True,True,False,True,False,True,False,True,False,True,False,True,False,False,True,True,False,False,0
1,0,0,0,-1.2402326573760059,1,1,-1.4937876567519452,-0.992574889381129,False,False,False,True,True,False,True,False,True,False,True,False,True,False,True,False,False,False,False,True,False,0
0,0,0,0,-1.2809090291391125,1,1,-1.4739560765433648,-0.9973824977096513,False,False,False,True,True,False,True,False,True,False,True,False,True,False,True,False,False,False,False,False,True,1
1,1,0,0,-0.9554980550342594,1,0,-0.3402507412861879,-0.7893601391659152,False,True,False,False,False,True,False,False,False,False,False,False,False,False,False,False,False,False,False,True,False,1
0,0,1,1,0.3868222131482594,1,1,0.9025282851181814,0.6952249221719111,False,False,True,False,False,False,False,False,False,True,False,False,False,True,False,True,False,False,False,True,False,0
1,0,1,1,1.525760622515245,1,1,0.5058966809465743,1.4524781152878012,False,False,False,False,False,True,False,True,False,True,False,False,False,True,False,True,False,True,True,False,False,0
0,1,0,0,-0.34535247858766,1,1,-1.4723034448593166,-0.804331777887615,False,False,False,True,True,False,True,False,True,False,True,False,True,False,True,False,False,False,False,False,True,0
1,0,0,0,-1.2809090291391125,0,1,-0.9715560445926624,-0.9907089226782778,True,False,False,False,False,False,False,False,False,False,False,False,False,False,False,True,False,False,False,True,False,1
1,0,0,0,1.6071133660414583,1,0,1.466075689378673,2.452702125664358,False,True,True,False,False,False,False,True,False,True,False,True,False,True,False,True,False,True,False,False,False,0
0,0,1,1,0.7935859307793257,1,0,1.1719072496180643,1.296307678533882,False,False,True,False,False,True,False,False,False,True,False,False,False,True,False,True,True,False,False,True,False,0
0,0,0,0,-1.1995562856128992,0,1,-0.47080864432600844,-0.9380667091084298,True,False,False,False,False,False,False,True,False,False,False,False,False,True,False,True,False,False,False,True,False,1
0,0,1,1,-0.26399973506144675,0,0,-0.8591770900773738,-0.5561801589578563,True,False,False,False,False,True,False,True,False,False,False,True,False,False,False,False,False,False,True,False,False,0
0,0,0,1,-0.9148216832711529,1,1,0.8678230197531654,-0.5828744590833507,False,False,True,False,False,False,False,False,False,True,False,True,False,True,False,False,False,False,False,True,False,0
1,0,1,0,1.6071133660414583,1,1,1.6842230716730568,2.692687396200462,False,True,True,False,False,True,False,True,False,True,False,True,False,True,False,True,False,True,False,False,False,0
1,0,0,0,-1.2809090291391125,1,1,0.1654545540326111,-0.9756055686599061,False,False,True,False,False,False,False,False,False,False,False,False,False,False,False,False,False,False,False,True,False,1
0,0,1,1,1.3630551354628184,1,1,1.242970412032144,1.8981148690275484,False,True,True,False,False,False,False,True,False,True,False,False,False,True,False,True,True,False,True,False,False,1
1,1,1,0,0.1834403543327262,1,1,0.9140967069065198,0.5187264246316369,False,True,True,False,False,False,False,False,False,False,False,False,False,True,False,True,False,False,False,True,False,1
1,0,1,1,0.3054694696220461,1,1,1.4958230596915434,0.9558894942854953,False,True,True,False,False,True,False,True,False,False,False,True,False,True,False,True,False,False,True,False,False,0
0,0,1,1,-0.6300870809294065,1,1,0.6810756394557007,-0.36894686473882676,False,True,True,False,False,False,False,False,False,False,False,False,False,False,False,True,False,False,False,True,False,1
0,0,0,0,-1.2809090291391125,1,0,-1.4855244983317035,-0.9975361655557684,False,False,False,True,True,False,True,False,True,False,True,False,True,False,True,False,False,False,False,False,True,0
0,0,1,1,-0.10129424800902022,1,0,0.7141282731366679,0.10806008215826514,False,False,True,False,False,False,False,False,False,True,False,False,False,False,False,True,True,False,False,True,False,0
0,0,0,0,-0.7114398244556197,0,1,-0.8608297217614223,-0.7415255339245896,True,False,False,False,False,False,False,True,False,False,False,False,False,False,False,True,False,True,False,False,True,0
0,0,1,0,0.14276398256961956,1,1,1.361959893283626,0.6772238316267588,False,True,True,False,False,True,False,True,False,True,False,True,False,False,False,True,False,True,True,False,False,0
1,0,0,1,-1.2809090291391125,1,1,0.3141914055969638,-0.9736298392098284,False,True,True,False,False,False,False,False,False,False,False,False,False,False,False,False,False,False,False,True,False,1
1,0,1,0,1.525760622515245,1,0,1.6792651766209121,2.4924581927098104,False,True,True,False,False,True,False,True,False,True,False,True,False,True,False,True,True,False,True,False,False,1
0,0,1,1,1.6071133660414583,1,1,0.3951703581153337,1.3946551000488607,False,True,False,False,False,False,False,False,False,True,False,False,False,True,False,True,False,True,False,False,False,0
1,0,0,0,-1.2402326573760059,1,1,0.3274124590693509,-0.9426986970413896,False,False,True,False,False,False,False,True,False,False,False,False,False,False,False,False,False,False,False,True,False,0
0,0,0,0,1.1189969048841788,0,1,-0.6740823414639571,0.2116102578917817,True,False,False,False,False,True,False,False,False,True,False,False,False,False,False,True,True,False,False,True,False,0
0,0,0,0,-0.8741453115080462,1,1,0.3852545680110436,-0.6383705040810885,False,True,True,False,False,False,False,False,False,False,False,False,False,False,False,False,False,False,False,True,False,1
1,0,1,1,-0.5894107091662998,0,0,-1.2987771180342385,-0.8008632750752565,True,False,False,False,False,False,False,False,False,False,False,False,False,False,False,False,False,False,True,False,False,0
1,0,1,1,-0.18264699153523348,0,1,-0.16011388772491622,-0.2677675643454034,True,False,False,False,False,False,False,True,False,True,False,True,False,True,False,True,True,False,True,False,False,0
0,0,1,1,1.2817023919366053,1,1,1.5404441151608494,2.18428830359658,False,True,True,False,False,False,False,True,False,True,False,True,False,True,False,True,True,False,False,True,False,0
1,1,0,0,-0.5894107091662998,1,0,0.9603703940598741,-0.24061226068155767,False,True,True,False,False,False,False,False,False,True,False,True,False,True,False,False,False,False,False,False,False,0
0,0,0,1,-0.9148216832711529,1,0,0.28774929865219007,-0.7018792296263638,False,True,False,False,False,True,False,False,False,True,False,True,False,False,False,True,True,False,True,False,False,0
1,0,0,0,-1.2809090291391125,1,1,-0.6377244444148933,-0.9862745076903255,False,False,False,False,False,False,False,False,False,False,False,False,False,False,False,False,False,False,False,False,True,0
1,0,0,0,-1.1588799138497925,1,0,-0.3485138997064297,-0.9205266221016288,False,False,False,False,False,False,False,False,False,False,False,False,False,False,False,True,False,False,False,True,False,1
0,0,0,0,-1.2402326573760059,1,1,1.0016861861610833,-0.919824140519379,False,True,True,False,False,False,False,False,False,False,False,False,False,True,False,True,False,False,False,True,False,1
0,0,0,0,-1.2809090291391125,1,1,-0.6344191810467965,-0.9862306025914349,False,False,False,False,False,False,False,False,False,False,False,False,False,False,False,False,False,False,False,True,False,1
0,0,1,1,-1.0368507985604727,1,0,-1.460735023070978,-0.9474184951721308,False,False,False,True,True,False,True,False,True,False,True,False,True,False,True,False,True,False,False,False,True,0
0,0,1,1,-0.10129424800902022,1,0,0.048117704465177435,-0.16175870307401233,False,False,False,False,False,True,False,False,False,False,False,True,False,False,False,True,False,False,False,False,False,0
0,0,0,0,0.26479309785893945,0,1,-0.4658507492738634,-0.12316612114916128,True,False,False,False,False,False,False,False,False,True,False,False,False,True,False,True,False,False,False,True,False,1
1,0,0,0,-1.0775271703235794,1,1,0.6777703760876037,-0.7913797737148834,False,False,True,False,False,False,False,True,False,False,False,False,False,True,False,False,False,False,False,True,False,1
0,0,0,0,-0.670763452692513,1,1,-0.059303354997966164,-0.5377839225226886,False,True,False,False,False,False,False,False,False,False,False,False,False,False,False,True,False,False,False,False,False,0
1,0,0,0,-1.2402326573760059,1,0,-1.4805666032795584,-0.9914772619088636,False,False,False,True,True,False,True,False,True,False,True,False,True,False,True,False,False,False,False,False,True,0
1,1,1,0,-1.2809090291391125,1,1,0.28774929865219007,-0.9739810800009532,False,True,True,False,False,False,False,False,False,False,False,False,False,False,False,False,False,False,False,True,False,1
0,0,0,0,0.6308804437268991,1,1,1.289244099185498,1.1652948634442857,False,True,True,False,False,False,False,False,False,True,False,True,False,True,False,True,False,False,False,True,False,0
0,0,0,0,0.7122331872531124,1,0,-1.4904823933838485,-0.5720298996573686,False,False,False,True,True,False,True,False,True,False,True,False,True,False,True,False,True,False,False,False,False,0
0,0,1,1,-0.06061787624591358,1,1,0.5389493146275416,0.11144077477284246,False,False,False,False,False,True,False,False,False,True,False,True,False,True,False,True,True,False,False,False,True,0
1,0,0,0,1.200349648410392,1,0,0.8546019662807788,1.446463116739787,False,True,True,False,False,True,False,True,False,True,False,False,False,False,False,False,False,False,False,False,False,0
1,0,0,0,-1.2809090291391125,1,0,-1.4772613399114616,-0.9974264028085419,False,False,False,True,True,False,True,False,True,False,True,False,True,False,True,False,False,False,False,False,True,1
1,0,1,1,1.4444078789890318,1,0,0.19685455602953011,1.1274925732994656,False,True,False,False,False,False,False,True,False,False,False,True,False,False,False,True,False,True,True,False,False,0
0,0,1,0,1.0783205331210721,1,0,0.9421914455353417,1.3586748715080015,False,True,True,False,False,False,False,False,False,True,False,True,False,True,False,False,False,False,False,True,False,0
0,0,0,1,-1.1588799138497925,1,1,-1.4689981814912199,-0.9690637089252043,False,False,False,True,True,False,True,False,True,False,True,False,True,False,True,False,True,False,False,False,True,0
1,1,1,1,1.4444078789890318,1,0,-1.4987455518040902,-0.48224397242606,False,False,False,True,True,False,True,False,True,False,True,False,True,False,True,False,True,False,False,False,False,0
0,0,0,0,-0.14197061977212685,1,1,0.20346508276572364,-0.09300331821130853,False,True,False,False,False,False,False,False,False,False,False,False,False,True,False,True,True,False,True,False,False,0
0,0,0,0,-1.2809090291391125,1,0,-1.4871771300157517,-0.9975581181052138,False,False,False,True,True,False,True,False,True,False,True,False,True,False,True,False,False,False,False,False,True,0
0,0,0,0,-1.2809090291391125,0,0,-1.1335139496294022,-0.9928602725239178,True,False,False,False,False,False,False,False,False,False,False,True,False,False,False,False,False,False,False,False,True,0
0,0,1,0,0.7122331872531124,1,1,1.4809493745351086,1.3671485555938903,False,True,True,False,False,True,False,True,False,False,False,True,False,True,False,True,False,False,False,False,False,0
0,0,0,0,1.0376441613579654,1,1,0.0018440173118235501,0.6601227956088639,False,False,False,False,False,True,False,True,False,True,False,True,False,False,False,False,False,True,True,False,False,0
1,0,0,0,-1.2809090291391125,1,1,0.215033504554062,-0.9749469921765468,False,False,True,False,False,False,False,False,False,False,False,False,False,False,False,False,False,False,False,False,True,1
0,0,0,0,0.3461458413851527,1,1,0.32410719570125435,0.3506796586278062,False,True,False,False,False,True,False,False,False,True,False,True,False,False,False,True,False,False,False,False,False,0
0,1,0,0,-0.2233233632983401,1,0,0.7752756454464572,0.0771947976381624,False,True,True,False,False,False,False,False,False,True,False,False,False,False,False,True,False,False,True,False,False,1
0,0,0,0,1.6071133660414583,1,1,1.4280651606455605,2.421222169759787,False,True,True,False,False,False,False,True,False,True,False,True,False,True,False,True,False,True,True,False,False,0
0,0,1,1,-1.0775271703235794,1,0,-1.47891397159551,-0.9622145134982684,False,False,False,True,True,False,True,False,True,False,True,False,True,False,True,False,False,True,False,False,True,0
0,0,0,0,-0.26399973506144675,1,1,0.7918019622869408,-0.007717663616287975,False,False,True,False,False,False,False,False,False,False,False,False,False,True,False,True,False,False,False,False,False,1
1,0,0,0,-0.2233233632983401,1,1,-1.502050815172187,-0.8042000625909432,False,False,False,True,True,False,True,False,True,False,True,False,True,False,True,False,False,False,True,False,False,0
0,0,0,0,-0.792792567981833,1,1,0.5389493146275416,-0.5881650234996698,False,False,True,False,False,False,False,True,False,True,False,False,False,False,False,False,False,False,False,True,False,1
0,0,0,0,-0.792792567981833,0,1,-1.097156052580338,-0.8350653471110459,True,False,False,False,False,False,False,True,False,False,False,False,False,False,False,False,False,False,False,True,False,0
1,0,0,0,0.752909559016219,1,0,0.500938785894429,0.8563346825510247,False,True,True,False,False,False,False,False,False,True,False,False,False,False,False,False,False,False,True,False,False,1
1,0,1,1,-0.7114398244556197,1,1,-0.1716823095132548,-0.6255721677544742,False,True,False,False,False,False,False,False,False,True,False,True,False,False,False,False,False,False,False,False,False,0
1,0,0,0,1.4444078789890318,0,1,-0.8244718247123582,0.22146695259272478,True,False,False,False,False,False,False,False,False,True,False,False,False,False,False,True,False,False,False,False,False,0
0,1,1,0,-1.2402326573760059,1,1,0.14727560550807922,-0.9387472381412343,False,False,True,False,False,False,False,False,False,False,False,False,False,False,False,False,False,False,False,True,False,0
1,0,1,1,1.4444078789890318,1,1,1.2694125189769179,2.0997490356827,False,False,True,False,False,True,False,True,False,True,False,False,False,True,False,True,False,True,True,False,False,0
1,0,0,0,0.7935859307793257,1,1,0.6777703760876037,0.8985933402332421,False,False,True,False,False,False,False,True,False,False,False,False,False,False,False,True,False,False,False,True,False,1
0,0,1,1,1.2410260201734986,1,0,-1.5037034468562354,-0.4513786879059573,False,False,False,True,True,False,True,False,True,False,True,False,True,False,True,False,False,True,False,True,False,0
1,0,0,0,-0.9554980550342594,1,0,-1.4739560765433648,-0.9279026787152523,False,False,False,True,True,False,True,False,True,False,True,False,True,False,True,False,False,False,False,False,True,1
1,0,0,0,-0.7114398244556197,1,1,0.9421914455353417,-0.37199826911172446,False,True,True,False,False,False,False,False,False,False,False,False,False,True,False,True,False,False,False,True,False,1
0,0,0,0,-0.7114398244556197,1,0,-0.5286507532677012,-0.7290564858396548,False,True,False,False,False,False,False,False,False,False,False,False,False,False,False,False,False,False,False,False,True,0
0,0,1,0,-1.2809090291391125,1,1,-0.6559033929394251,-0.9865159857342239,False,False,False,False,False,False,False,False,False,False,False,False,False,False,False,False,False,False,False,True,False,0
0,0,0,0,0.10208761080651294,1,1,1.5982862241025422,0.712194242893134,False,True,True,False,False,True,False,True,False,True,False,True,False,True,False,True,False,True,False,False,True,0
1,0,0,0,-0.9148216832711529,1,1,1.3074230477100304,-0.5314615882824398,False,False,True,False,False,True,False,True,False,True,False,False,False,True,False,True,False,False,False,True,False,1
0,0,1,0,0.26479309785893945,0,0,-0.29562968581688204,-0.0472322526178419,True,False,False,False,False,True,False,False,False,True,False,False,False,True,False,True,False,False,False,True,False,1
1,1,0,0,-0.9554980550342594,1,1,0.6281914255661528,-0.6593571413508027,False,True,True,False,False,False,False,False,False,False,False,False,False,False,False,True,False,False,False,True,False,1
1,0,0,0,0.4681749566744726,1,0,-1.4805666032795584,-0.6351654318620736,False,False,False,True,True,False,True,False,True,False,True,False,True,False,True,False,False,True,False,False,True,0
0,0,1,0,1.1596732766472853,1,0,1.2000019882468869,1.796584327843,False,True,True,False,False,False,False,False,False,False,False,True,False,True,False,True,True,False,False,False,False,0
0,0,0,0,-1.2809090291391125,1,1,0.3323703541214962,-0.9733883611659299,False,False,True,False,False,False,False,False,False,True,False,False,False,False,False,False,False,False,False,True,False,1
1,0,0,0,-1.1588799138497925,1,1,0.17702297582094995,-0.9018010974247815,False,False,True,False,False,False,False,False,False,False,False,False,False,False,False,False,False,False,False,True,False,1
0,0,0,1,-0.42670522211387324,1,1,0.6579387958790235,-0.20862739613974435,False,True,True,False,False,False,False,False,False,False,False,False,False,False,False,True,False,False,False,True,False,0
1,1,1,0,1.4850842507521385,1,1,1.4396335824338995,2.2067896667780205,False,True,True,False,False,False,False,True,False,True,False,True,False,True,False,True,False,True,False,False,False,1
0,1,0,0,-1.1588799138497925,1,1,0.3323703541214962,-0.8650086245544456,False,True,True,False,False,False,False,False,False,False,False,False,False,False,False,False,False,False,False,True,False,1
1,0,0,0,0.9156150460686455,1,1,-0.021292826264853626,0.5862963718242942,False,False,False,False,False,False,False,True,False,False,False,True,False,False,False,True,True,False,False,True,False,0
0,0,1,1,0.3054694696220461,1,1,0.66124405924712,0.4439340886714735,False,True,True,False,False,False,False,False,False,True,False,True,False,False,False,False,False,False,False,True,False,1
0,0,0,0,-0.7114398244556197,1,0,-0.5286507532677012,-0.6827805116089462,False,False,False,False,False,False,False,True,False,False,False,False,False,False,False,False,False,False,False,True,False,0
0,0,1,1,0.14276398256961956,0,0,-0.7996823494516327,-0.3269077325510625,True,False,False,False,False,True,False,False,False,True,False,True,False,False,False,False,False,True,True,False,False,0
1,0,0,0,-0.46738159387697986,1,0,1.289244099185498,-0.03377533980786822,False,True,True,False,False,True,False,False,False,True,False,False,False,True,False,True,False,False,False,False,True,0
0,1,0,0,0.9969677895948588,0,1,-0.32537705612975254,0.3521724319900872,True,False,False,False,False,False,False,True,False,True,False,False,False,True,False,True,False,False,False,True,False,0
0,0,0,0,-1.2809090291391125,1,1,0.1687598174007081,-0.9755616635610155,False,False,True,False,False,False,False,False,False,False,False,False,False,False,False,False,False,False,False,False,True,1
0,0,0,0,0.874938674305539,1,1,0.9669809207960672,1.2157198695201574,False,False,True,False,False,False,False,False,False,True,False,False,False,True,False,True,True,False,True,False,False,0
1,1,1,0,-0.10129424800902022,1,1,1.2115704100352251,0.27472383754704144,False,True,True,False,False,False,False,False,False,False,False,True,False,True,False,True,False,False,False,True,False,0
1,0,1,1,-0.792792567981833,1,0,-0.6625139196756187,-0.7607559672386792,False,False,False,False,False,False,False,False,False,False,False,False,False,False,False,False,False,False,False,False,False,0
1,1,0,0,-1.2402326573760059,1,1,-0.6839981315682474,-0.9655952061128457,False,False,False,False,False,False,False,False,False,False,False,False,False,False,False,False,False,False,False,True,False,1
0,0,1,0,0.9969677895948588,0,1,-0.2014296798261253,0.5029425415804606,True,False,False,False,False,True,False,True,False,True,False,False,False,True,False,True,False,False,False,False,False,0
1,1,1,0,0.3461458413851527,0,1,-0.36008232149476804,-0.03359971941230572,True,False,False,False,False,False,False,True,False,True,False,False,False,True,False,True,False,False,False,True,False,0
0,1,0,0,0.9562914178317522,1,0,1.3189914694983687,1.558377213811966,False,True,True,False,False,False,False,True,False,True,False,False,False,True,False,True,False,False,False,True,False,0
0,1,1,0,0.3868222131482594,1,1,1.0149072396334697,0.7194605367595308,False,True,True,False,False,False,False,True,False,True,False,False,False,True,False,False,False,False,False,True,False,0
1,1,1,0,1.0376441613579654,0,1,-0.645987602835135,0.15773870155299638,True,False,False,False,False,False,False,True,False,True,False,False,False,False,False,True,False,False,False,True,False,1
1,1,0,0,-1.1588799138497925,1,0,0.34724403927793107,-0.8862367398680582,False,False,True,False,False,True,False,False,False,False,False,False,False,False,False,False,False,False,False,True,False,0
0,1,0,0,0.9562914178317522,1,1,1.1586861961456776,1.49908337776019,False,True,True,False,False,False,False,True,False,True,False,True,False,True,False,False,False,True,False,False,False,0
0,0,0,1,0.4681749566744726,1,0,-1.4855244983317035,-0.625133116765568,False,False,False,True,True,False,True,False,True,False,True,False,True,False,True,False,False,True,False,False,True,0
0,0,1,0,-0.26399973506144675,1,0,0.563738789888267,-0.09368384724411295,False,False,False,False,False,False,False,True,False,True,False,True,False,True,False,True,False,False,False,False,False,0
0,0,1,1,1.3223787636997117,1,1,1.1305914575168552,1.810985200279122,False,True,True,False,False,True,False,True,False,False,False,True,False,True,False,False,False,True,True,False,False,0
1,0,0,0,-0.42670522211387324,1,1,0.1604966589804663,-0.3519116863692679,False,False,True,False,False,False,False,False,False,False,False,False,False,False,False,False,False,False,False,False,True,0
0,1,0,0,-1.2809090291391125,1,1,-1.5003981834881386,-0.9977337385007763,False,False,False,True,True,False,True,False,True,False,True,False,True,False,True,False,False,False,False,True,False,1
0,0,0,0,-1.2402326573760059,1,1,-1.4805666032795584,-0.9890405289204344,False,False,False,True,True,False,True,False,True,False,True,False,True,False,True,False,False,False,False,False,True,0
0,0,1,0,1.200349648410392,1,0,1.6230756993632676,2.0194027047128738,False,True,True,False,False,True,False,True,False,True,False,True,False,True,False,True,False,True,False,False,True,0
0,0,0,0,-1.0775271703235794,1,1,0.8066756474433762,-0.7924334960882583,False,False,True,False,False,False,False,False,False,True,False,True,False,False,False,True,False,False,False,True,False,0
1,0,0,0,-0.18264699153523348,1,0,0.8645177563850689,0.14674047428089734,False,False,True,False,False,False,False,False,False,True,False,True,False,False,False,True,False,False,False,True,False,0
0,0,1,0,1.6071133660414583,1,1,0.9719388158482125,2.001116231024932,False,True,True,False,False,True,False,True,False,True,False,True,False,False,False,False,False,True,False,False,False,0
1,1,1,0,-0.14197061977212685,1,1,0.9785493425844061,0.1588143764758166,False,True,True,False,False,False,False,False,False,False,False,False,False,True,False,True,False,False,False,True,False,1
0,0,0,0,-1.1588799138497925,1,1,0.796759857339086,-0.8503223689755347,False,True,True,False,False,False,False,True,False,False,False,False,False,False,False,True,False,False,False,True,False,1
0,0,0,1,-1.1995562856128992,0,0,-1.1632613199422726,-0.9667367386840017,True,False,False,False,False,False,False,True,False,False,False,False,False,False,False,False,False,False,False,False,True,0
1,0,1,1,-1.2809090291391125,1,0,0.3224545640172056,-0.9735200764626019,False,False,True,False,False,False,False,True,False,False,False,False,False,False,False,False,False,False,True,False,False,0
0,0,0,0,0.14276398256961956,1,1,0.19354929266143356,0.09660085134781435,False,True,False,False,False,False,False,True,False,False,False,True,False,False,False,True,True,False,False,False,True,0
0,0,0,0,0.3461458413851527,1,0,-1.460735023070978,-0.6395998468500258,False,False,False,True,True,False,True,False,True,False,True,False,True,False,True,False,False,True,False,False,True,0
1,0,0,0,-1.1995562856128992,1,1,0.5125072076827674,-0.8948421392506188,False,False,True,False,False,False,False,False,False,False,False,False,False,False,False,True,False,False,False,True,False,0
0,0,1,0,1.403731507225925,1,1,-1.4541244963347844,-0.4234769975609711,False,False,False,True,True,False,True,False,True,False,True,False,True,False,True,False,True,False,False,False,False,0
1,0,0,0,-1.2809090291391125,1,0,-1.5185771320126706,-0.9979752165446746,False,False,False,True,True,False,True,False,True,False,True,False,True,False,True,False,False,False,False,False,True,0
0,1,0,0,-0.9554980550342594,1,1,0.529033524523251,-0.6762606044236897,False,False,True,False,False,False,False,False,False,False,False,False,False,True,False,False,False,False,False,True,False,1
1,1,1,0,0.5495277002006859,1,1,0.5141598393668161,0.576593344969468,False,False,True,False,False,False,False,False,False,False,False,False,False,False,False,True,False,False,False,True,False,1
1,0,1,0,0.9562914178317522,0,1,-0.35677705812667154,0.2932298367294359,True,False,False,False,False,False,False,False,False,True,False,True,False,True,False,True,True,False,False,False,False,0
0,0,0,0,1.2410260201734986,1,1,0.49598089084228375,1.128151149782825,False,True,False,False,False,True,False,True,False,True,False,True,False,True,False,False,False,True,True,False,False,0
1,0,1,1,0.9156150460686455,1,0,-1.4987455518040902,-0.5556532977711691,False,False,False,True,True,False,True,False,True,False,True,False,True,False,True,False,True,False,False,False,True,0
1,0,0,1,-1.2809090291391125,1,0,-0.6889560266203923,-0.9869550367231301,False,False,False,False,False,False,False,False,False,False,False,False,False,False,False,False,False,False,False,True,False,0
1,0,0,0,1.403731507225925,0,1,-0.5121244364272175,0.45196872176845604,True,False,False,False,False,True,False,False,False,True,False,True,False,True,False,False,True,False,False,False,False,0
1,0,0,0,1.6071133660414583,1,0,0.7835388038666989,1.7871227790320727,False,True,False,False,False,True,False,True,False,True,False,True,False,True,False,True,False,True,True,False,False,0
1,0,0,1,-0.46738159387697986,1,0,-0.6344191810467965,-0.5737861036129932,False,False,False,False,False,False,False,False,False,False,False,False,False,False,False,False,False,False,False,False,True,0
0,0,1,1,1.403731507225925,1,1,1.5701914854737198,2.237632998748678,False,True,True,False,False,False,False,True,False,True,False,True,False,True,False,True,True,False,True,False,False,0
1,1,0,0,0.752909559016219,1,1,0.9636756574279707,1.1476011085913675,False,False,True,False,False,False,False,False,False,True,False,False,False,True,False,True,True,False,False,False,False,0
1,0,1,1,-0.18264699153523348,0,0,-0.4641981175898151,-0.3973973688199456,True,False,False,False,False,True,False,False,False,True,False,True,False,True,False,False,True,False,False,False,True,0
0,0,0,0,-0.9554980550342594,1,1,-0.6972191850406342,-0.8281502940357739,False,False,False,False,False,False,False,False,False,False,False,False,False,False,False,False,False,False,False,True,False,0
1,0,1,1,-0.9148216832711529,1,1,-1.4805666032795584,-0.9103406391590061,False,False,False,True,True,False,True,False,True,False,True,False,True,False,True,False,False,False,True,False,False,0
0,0,1,0,0.427498584911366,1,1,0.00019138562777481135,0.27057480570187814,False,True,False,False,False,False,False,False,False,False,False,True,False,True,False,False,True,False,False,False,False,0
0,0,1,1,1.403731507225925,1,0,1.383444105176255,2.0712546265026908,False,True,True,False,False,True,False,False,False,False,False,True,False,True,False,True,False,True,True,False,False,0
1,0,0,1,-0.30467610682455337,1,0,-1.455777128018833,-0.8042220151403885,False,False,False,True,True,False,True,False,True,False,True,False,True,False,True,False,False,False,False,False,True,0
1,0,0,0,0.22411672609583283,1,0,0.9967282911089379,0.5767689653650305,False,True,True,False,False,False,False,False,False,True,False,True,False,True,False,False,True,False,False,False,False,0
1,0,1,0,1.403731507225925,1,1,1.5272230616884623,2.208040962096403,False,False,True,False,False,True,False,True,False,True,False,True,False,True,False,True,False,True,False,True,False,0
0,0,0,0,-0.2233233632983401,1,1,1.0165598713175181,0.1331737987236971,False,True,True,False,False,False,False,False,False,False,False,False,False,True,False,True,False,False,False,False,False,0
1,0,0,1,-0.34535247858766,0,0,-0.9616402544883723,-0.6415097186517676,True,False,False,False,False,True,False,False,False,False,False,True,False,False,False,False,False,True,False,False,True,0
1,0,1,0,1.0376441613579654,1,0,-0.4807244344302987,0.25755694388081085,False,False,False,False,False,False,False,False,False,True,False,False,False,False,False,False,True,False,True,False,False,0
0,1,0,0,-0.46738159387697986,0,1,-0.7583665573504237,-0.6374265444549404,True,False,False,False,False,True,False,False,False,False,False,False,False,True,False,False,False,False,False,True,False,1
1,0,0,0,-1.2809090291391125,1,1,0.3654229878024634,-0.9729493101770238,False,False,True,False,False,False,False,False,False,False,False,True,False,False,False,False,False,False,False,True,False,1
0,1,0,0,0.3461458413851527,1,1,1.3074230477100304,0.8087415553535973,False,True,True,False,False,False,False,True,False,True,False,False,False,True,False,True,False,False,False,True,False,0
0,0,1,1,-0.5487343374031931,1,0,-1.4772613399114616,-0.8360532118360847,False,False,False,True,True,False,True,False,True,False,True,False,True,False,True,False,False,True,False,False,True,0
1,0,0,1,1.525760622515245,1,0,0.0034966489958718192,0.9920672957713623,False,True,False,False,False,True,False,True,False,False,False,True,False,False,False,False,True,False,False,False,False,0
0,0,0,0,1.1189969048841788,0,0,-0.37165074328310665,0.4149567234036673,True,False,False,False,False,True,False,False,False,True,False,False,False,True,False,True,False,True,False,True,False,0
1,0,0,0,-1.2809090291391125,1,1,0.16710718571665986,-0.9755836161104606,False,False,True,False,False,False,False,False,False,False,False,False,False,False,False,False,False,False,False,True,False,1
1,0,1,0,0.7935859307793257,1,1,1.0182125030015667,1.2277937717150766,False,True,True,False,False,False,False,True,False,False,False,True,False,False,False,True,False,False,True,False,False,0
0,0,0,0,-1.1995562856128992,1,1,-0.35181916307452626,-0.9446305213925767,False,False,False,False,False,False,False,False,False,False,False,False,False,True,False,False,False,False,False,True,False,0
0,0,0,0,-0.5894107091662998,1,0,-1.47891397159551,-0.8275575752007507,False,False,False,True,True,False,True,False,True,False,True,False,True,False,True,False,True,False,False,False,True,0
0,0,0,0,-1.0775271703235794,1,0,-1.4756087082274132,-0.9519846254567549,False,False,False,True,True,False,True,False,True,False,True,False,True,False,True,False,False,False,False,False,True,0
1,0,1,0,1.2410260201734986,1,1,1.241317780348096,1.8229932448257056,False,True,True,False,False,False,False,True,False,True,False,False,False,True,False,True,False,False,False,True,False,0
0,0,0,0,-0.9148216832711529,1,1,-1.4640402864390747,-0.9240170774634329,False,False,False,True,True,False,True,False,True,False,True,False,True,False,True,False,False,False,False,False,True,0
0,0,1,1,0.6715568154900058,1,0,-1.3086929081385286,-0.47429714952685853,False,True,False,True,True,False,True,False,True,False,True,False,True,False,True,False,False,True,False,False,True,0
0,1,1,0,1.6071133660414583,1,1,1.0496125049984855,1.9913473465217704,False,True,True,False,False,True,False,True,False,True,False,True,False,False,False,False,False,True,False,False,False,0
1,0,1,0,-0.8741453115080462,1,1,-0.6261560226265547,-0.7771325691248787,False,False,False,False,False,False,False,False,False,False,False,False,False,False,False,False,False,False,False,False,False,0
1,0,1,1,0.874938674305539,1,1,0.19354929266143356,0.6489489479412024,False,True,False,False,False,False,False,True,False,False,False,True,False,True,False,False,True,False,False,True,False,0
0,0,1,0,1.2817023919366053,1,0,-0.21465073329851214,0.6429998070415239,False,True,False,False,False,False,False,False,False,True,False,True,False,False,False,False,True,False,False,False,False,0
0,0,1,1,1.1596732766472853,0,1,-0.11218756888751359,0.6406728368003214,True,False,False,False,False,False,False,True,False,True,False,True,False,True,False,True,False,True,False,False,False,0
1,0,1,0,1.5664369942783516,1,0,0.5141598393668161,1.508237590878883,False,True,False,False,False,True,False,True,False,True,False,True,False,False,False,True,False,True,True,False,False,0
0,0,0,0,-0.8334689397449395,1,1,1.1256335624647105,-0.5141190742206467,False,False,True,False,False,True,False,False,False,False,False,True,False,True,False,True,False,False,False,False,False,1
1,0,1,0,-0.6300870809294065,1,1,1.051265136682534,-0.3089505471048007,False,False,True,False,False,False,False,False,False,True,False,False,False,True,False,True,True,False,False,False,False,0
0,0,1,1,-0.670763452692513,1,0,0.11257034014306369,-0.5167972852529744,False,False,False,False,False,True,False,True,False,False,False,True,False,False,False,True,False,True,False,False,False,0
1,0,0,0,-1.2809090291391125,1,1,-0.6625139196756187,-0.9866037959320051,False,False,False,False,False,False,False,False,False,False,False,False,False,False,False,False,False,False,False,True,False,0
0,0,1,0,-0.30467610682455337,1,1,-1.2574613259330294,-0.6842074273228912,False,True,False,True,True,False,True,False,True,False,True,False,True,False,True,False,True,False,False,False,True,0
1,0,0,0,-1.1995562856128992,1,1,0.3158440372810125,-0.905489125731593,False,True,True,False,False,False,False,False,False,False,False,False,False,False,False,False,False,False,False,True,False,1
1,0,1,1,1.2410260201734986,1,1,0.8116335424955214,1.4513804878155359,False,True,False,False,False,True,False,True,False,True,False,True,False,True,False,True,False,True,True,False,False,0
1,0,0,1,-0.46738159387697986,1,0,0.5125072076827674,-0.2391633924181674,False,True,True,False,False,True,False,False,False,False,False,False,False,False,False,False,False,False,False,True,False,0
1,0,1,1,1.200349648410392,1,1,0.5488651047318316,1.1815397500338134,False,False,True,False,False,True,False,True,False,False,False,False,False,False,False,False,True,False,True,False,False,0
1,0,0,0,-0.5894107091662998,1,0,-0.318766529393559,-0.5417134288733987,False,False,False,False,False,False,False,False,False,True,False,True,False,False,False,False,False,False,True,False,False,0
1,0,0,0,0.10208761080651294,1,0,0.34724403927793107,0.1510870790710683,False,True,True,False,False,False,False,False,False,False,False,False,False,False,False,False,False,False,True,False,False,1
0,0,0,0,0.22411672609583283,1,0,-1.5053560785402837,-0.674570258116401,False,False,False,True,True,False,True,False,True,False,True,False,True,False,True,False,True,False,False,False,True,0
1,1,1,0,-0.14197061977212685,1,1,1.0264756614218087,0.19900949451017494,False,True,True,False,False,False,False,True,False,True,False,False,False,False,False,True,False,False,False,True,False,1
0,0,1,1,-0.670763452692513,1,0,1.1851283030904514,-0.3377303394275991,False,False,True,False,False,True,False,False,False,True,False,False,False,True,False,True,False,False,False,False,False,0
1,0,0,0,-1.118203542086686,1,0,1.2975072576057398,-0.7683515493467556,False,True,True,False,False,False,False,True,False,True,False,False,False,True,False,True,False,False,False,False,True,1
1,0,1,1,1.2817023919366053,1,1,-1.3235665932949638,-0.34117688969051246,False,True,False,True,True,False,True,False,True,False,True,False,True,False,True,False,False,True,False,False,True,0
1,0,0,0,-1.2809090291391125,1,0,-0.5236928582155561,-0.9847597817785994,False,False,False,False,False,False,False,False,False,False,False,True,False,False,False,False,False,False,True,False,False,0
1,0,1,1,1.2817023919366053,1,0,0.14562297382403094,0.9465157556723487,False,False,False,False,False,True,False,False,False,True,False,True,False,True,False,False,False,True,False,False,True,0
0,0,1,1,-0.5894107091662998,1,1,-0.11053493720346533,-0.528827282349003,False,False,False,False,False,True,False,True,False,False,False,True,False,False,False,False,True,False,False,False,True,0
1,0,0,0,-1.2809090291391125,1,0,-0.5583981235805716,-0.9852207853169509,False,False,False,False,False,True,False,False,False,False,False,False,False,False,False,False,False,False,False,True,False,0
0,0,1,1,-0.6300870809294065,1,1,1.3008125209738368,-0.24078788107712018,False,True,True,False,False,True,False,False,False,True,False,False,False,True,False,True,False,False,False,True,False,1
0,0,1,1,1.3630551354628184,1,1,-0.16837704614515803,0.7485257122251183,False,False,False,False,False,True,False,False,False,False,False,False,False,True,False,False,False,True,False,True,False,0
0,0,1,0,0.874938674305539,1,1,1.6462125429399448,1.649765677152782,False,True,True,False,False,True,False,True,False,True,False,True,False,True,False,True,True,False,False,False,True,0
0,1,1,1,1.5664369942783516,1,0,0.14397034213998267,1.181298271989915,False,True,False,False,False,True,False,True,False,False,False,False,False,True,False,False,True,False,False,True,False,0
1,0,1,1,0.6715568154900058,1,1,0.8446861761764887,0.9671072470520472,False,False,True,False,False,False,False,True,False,True,False,False,False,True,False,False,False,False,True,False,False,0
0,0,1,0,1.5664369942783516,1,0,-1.3549665952918826,-0.27213612168501966,False,True,False,True,True,False,True,False,True,False,True,False,True,False,True,False,False,True,False,False,True,0
1,0,1,1,0.3054694696220461,1,0,-1.4954402884359934,-0.6511029827593671,False,False,False,True,True,False,True,False,True,False,True,False,True,False,True,False,False,True,False,False,True,0
1,0,1,1,-0.7114398244556197,1,0,0.33898088085768924,-0.5006841139601185,False,False,True,False,False,True,False,False,False,False,False,False,False,False,False,False,False,False,False,False,True,0
0,0,0,0,-1.118203542086686,1,0,0.35385456601412457,-0.82465983867397,False,True,True,False,False,False,False,False,False,False,False,False,False,False,False,False,False,False,False,True,False,1
1,0,1,0,0.8342623025424323,1,1,0.9719388158482125,1.1310049812107148,False,False,True,False,False,False,False,True,False,False,False,False,False,True,False,True,True,False,False,False,False,1
0,0,1,0,1.3630551354628184,1,0,0.7984124890231343,1.5835128829268434,False,True,True,False,False,True,False,True,False,False,False,True,False,False,False,False,True,False,False,True,False,0
1,0,0,0,0.752909559016219,1,0,0.5339914195753963,0.7875792976883207,False,True,True,False,False,False,False,True,False,False,False,False,False,False,False,False,False,False,False,False,False,0
0,0,0,0,0.1834403543327262,1,1,-0.003113877740321727,0.023389098947713047,False,False,False,False,False,False,False,False,False,False,False,False,False,True,False,True,False,False,False,True,False,1
1,0,0,0,-0.7114398244556197,1,1,0.36872825117055996,-0.5097724694304759,False,True,True,False,False,False,False,False,False,False,False,False,False,False,False,False,False,False,False,False,True,1
0,0,0,0,-1.2809090291391125,1,0,0.692644061244039,-0.9686027053868528,False,True,True,False,False,False,False,False,False,False,False,False,False,False,False,True,False,False,False,False,True,1
1,0,0,0,1.4444078789890318,1,0,0.3935177264312854,1.2913903074581332,False,True,False,False,False,True,False,True,False,True,False,False,False,False,False,True,True,False,True,False,False,0
0,0,1,0,1.1596732766472853,1,1,1.271065150660966,1.8556147333014328,False,True,True,False,False,False,False,False,False,True,False,True,False,True,False,True,True,False,False,False,False,0
1,0,0,0,0.5088513284375793,1,1,1.4412862141179477,1.1734831643873853,False,True,True,False,False,True,False,False,False,True,False,True,False,True,False,True,False,False,True,False,False,0
1,0,0,0,-0.34535247858766,1,1,0.6976019562961843,-0.08112698896139696,False,False,True,False,False,False,False,True,False,True,False,True,False,False,False,False,False,False,False,True,False,0
0,1,0,0,1.1189969048841788,1,1,1.2082651466671286,1.7055690578427545,False,True,True,False,False,True,False,False,False,False,False,False,False,True,False,True,True,False,False,False,False,0
1,0,1,0,1.1189969048841788,1,0,-1.483871866647655,-0.4538812785427223,False,False,False,True,True,False,True,False,True,False,True,False,True,False,True,False,False,True,False,False,True,0
0,0,1,1,0.06141123904340631,1,1,-0.1336717807801425,-0.1097092083391877,False,False,False,False,False,True,False,True,False,True,False,False,False,False,False,False,True,False,False,False,True,0
0,0,0,0,0.7935859307793257,1,0,-0.227871786770899,0.32942959076474826,False,False,False,False,False,True,False,False,False,True,False,True,False,False,False,False,True,False,True,False,False,0
0,0,1,0,0.1834403543327262,1,1,0.46623352052941347,0.24047786041236138,False,True,True,False,False,False,False,False,False,True,False,False,False,False,False,False,False,False,True,False,False,1
1,0,0,0,-0.9148216832711529,1,0,-0.6228507592584579,-0.7902162885942823,False,False,False,False,False,False,False,False,False,False,False,False,False,False,False,False,False,False,False,False,True,0
0,0,0,0,0.7935859307793257,1,0,0.30262298380862546,0.69621278689695,False,True,False,False,False,True,False,False,False,True,False,True,False,True,False,False,True,False,True,False,False,0
1,0,1,1,0.3054694696220461,1,1,0.5406019463115899,0.43921429054073235,False,True,True,False,False,False,False,False,False,True,False,False,False,False,False,False,False,False,False,True,False,0
1,0,0,0,-0.6300870809294065,1,1,0.19685455602953011,-0.4763387366252722,False,False,True,False,False,False,False,False,False,False,False,False,False,False,False,False,False,False,False,True,False,0
0,0,0,0,-0.8334689397449395,0,1,-1.0327034169024518,-0.8150885271158158,True,False,False,False,False,True,False,False,False,False,False,True,False,False,False,False,True,False,False,False,True,0
1,1,0,0,-1.0775271703235794,1,1,0.4910229957901389,-0.7878015081552984,False,False,True,False,False,False,False,False,False,False,False,False,False,True,False,False,False,False,False,True,False,0
1,0,0,0,-1.1995562856128992,1,0,-0.477419171062202,-0.9460135320076312,False,True,False,False,False,False,False,False,False,False,False,False,False,False,False,False,False,False,False,False,False,0
1,0,1,0,1.0783205331210721,1,1,0.14066507877188567,0.7924747162146242,False,True,False,False,False,True,False,False,False,False,False,True,False,False,False,True,True,False,False,False,True,0
1,0,0,0,0.7935859307793257,0,0,-0.031208616369143946,0.4579398152175797,True,False,False,False,False,True,False,True,False,True,False,True,False,True,False,True,False,True,True,False,False,0
1,0,1,1,0.5088513284375793,1,1,1.0281282931058568,0.9504233094736133,False,True,True,False,False,False,False,True,False,True,False,False,False,False,False,True,False,False,False,False,False,0
1,0,0,0,0.10208761080651294,0,0,-0.5170823314793626,-0.2591621649628427,True,False,False,False,False,False,False,False,False,True,False,False,False,True,False,True,False,False,False,True,False,0
0,1,0,0,-0.792792567981833,1,1,1.188433566458548,-0.43195068164685996,False,True,True,False,False,True,False,False,False,False,False,False,False,True,False,True,False,False,False,True,False,1
1,0,0,0,-0.2233233632983401,1,0,0.5571282631520734,-0.03485101473068822,False,False,False,False,False,True,False,False,False,True,False,True,False,True,False,True,True,False,False,True,False,0
1,0,1,1,1.3223787636997117,1,0,1.4478967408541412,2.0398405282464553,False,True,True,False,False,True,False,False,False,True,False,True,False,True,False,True,False,True,False,False,False,1
0,0,0,0,-1.2402326573760059,1,1,-1.4822192349636067,-0.9883160947887392,False,False,False,True,True,False,True,False,True,False,True,False,True,False,True,False,False,False,False,False,True,0
0,0,0,0,-1.2402326573760059,1,0,0.48606510073799364,-0.939647292668492,False,True,True,False,False,False,False,True,False,False,False,False,False,False,False,False,False,False,False,True,False,0
0,0,0,0,-0.10129424800902022,1,0,0.6777703760876037,0.10470134209313302,False,False,False,False,False,True,False,True,False,True,False,True,False,True,False,True,True,False,False,False,False,1
1,0,0,0,-0.670763452692513,1,0,-1.4904823933838485,-0.8814291315395358,False,False,False,True,True,False,True,False,True,False,True,False,True,False,True,False,False,True,False,False,True,0
0,0,1,0,1.4850842507521385,1,1,-0.11218756888751359,0.8075341651341054,False,False,False,False,False,False,False,True,False,False,False,False,False,False,False,True,False,True,True,False,False,0
0,0,1,1,1.2817023919366053,1,0,-1.4888297616998003,-0.4194157759135892,False,False,False,True,True,False,True,False,True,False,True,False,True,False,True,False,True,False,False,False,False,0
0,0,1,0,0.02073486728029968,1,0,-1.4805666032795584,-0.7123505957117756,False,False,False,True,True,False,True,False,True,False,True,False,True,False,True,False,False,False,False,False,True,0
0,0,0,0,0.3461458413851527,1,1,-1.3219139616109155,-0.5837964661600535,False,True,False,True,True,False,True,False,True,False,True,False,True,False,True,False,True,False,False,False,True,0
1,0,1,0,1.6071133660414583,1,1,0.6810756394557007,1.7279167531780777,False,True,False,False,False,False,False,True,False,True,False,True,False,True,False,True,False,True,True,False,False,0
1,0,0,0,0.427498584911366,1,1,0.34228614422578624,0.3980752128802255,False,False,True,False,False,True,False,False,False,False,False,False,False,False,False,False,False,False,False,True,False,1
0,0,0,1,-1.2402326573760059,1,0,-1.465692918123123,-0.9894795799093405,False,False,False,True,True,False,True,False,True,False,True,False,True,False,True,False,True,False,False,False,False,0
1,0,0,0,-0.9554980550342594,1,1,1.0264756614218087,-0.6429805394646032,False,False,True,False,False,False,False,False,False,False,False,True,False,True,False,True,False,False,False,False,False,0
1,0,0,0,0.26479309785893945,0,0,-0.9682507812245659,-0.4314896781085084,True,False,False,False,False,False,False,False,False,True,False,True,False,False,False,False,True,False,False,False,True,0
1,1,0,0,-1.2809090291391125,1,1,-0.627808654310603,-0.9861427923936538,False,False,False,False,False,False,False,False,False,False,False,False,False,False,False,False,False,False,False,False,True,0
0,0,0,0,-0.792792567981833,1,1,0.6480230057747334,-0.5414939033789455,False,True,True,False,False,False,False,True,False,True,False,False,False,False,False,False,False,False,False,True,False,1
0,0,0,0,0.10208761080651294,1,0,0.5025914175784773,0.23883141920396328,False,True,True,False,False,False,False,False,False,False,False,True,False,False,False,False,False,False,True,False,False,0
0,0,0,0,0.427498584911366,1,1,1.3140335744462235,1.0835435693099598,False,True,True,False,False,False,False,True,False,True,False,False,False,True,False,True,False,True,False,True,False,1
1,1,1,0,1.6071133660414583,1,0,1.107454613940178,2.0360866422913073,False,True,True,False,False,False,False,True,False,False,False,False,False,True,False,True,False,True,False,False,False,0
0,0,0,0,1.200349648410392,0,1,-0.7021770800927792,0.20054617297134647,True,False,False,False,False,False,False,True,False,True,False,False,False,False,False,True,False,True,True,False,False,0
0,1,1,1,-1.1995562856128992,1,1,0.7752756454464572,-0.886083072021941,False,False,True,False,False,True,False,False,False,False,False,True,False,True,False,False,False,False,False,False,True,1
1,0,0,0,0.5088513284375793,1,0,1.5652335904215748,1.202965438292434,False,False,True,False,False,True,False,True,False,True,False,True,False,True,False,True,True,False,True,False,False,0
0,0,0,0,-0.10129424800902022,1,1,0.4778019423177518,0.05934737493912716,False,True,False,False,False,True,False,False,False,True,False,False,False,True,False,True,True,False,True,False,False,0
1,0,1,1,-0.9554980550342594,1,1,1.2115704100352251,-0.6081198909454546,False,False,True,False,False,False,False,True,False,False,False,True,False,True,False,True,False,False,False,True,False,0
0,0,0,0,-1.118203542086686,0,1,-0.45924022253766983,-0.905554983379929,True,False,False,False,False,False,False,True,False,False,False,False,False,True,False,True,False,False,True,False,False,0
1,1,1,1,0.9562914178317522,1,1,1.312380942762175,1.5378735326300483,False,True,True,False,False,True,False,False,False,True,False,False,False,True,False,True,True,False,False,False,False,1
1,0,0,0,-1.1995562856128992,0,0,-0.7765455058749556,-0.9591850616748159,True,False,False,False,False,True,False,False,False,True,False,True,False,False,False,False,False,False,False,False,True,0
0,1,0,0,-0.26399973506144675,1,1,0.9967282911089379,0.09012484926144856,False,True,True,False,False,True,False,True,False,False,False,False,False,False,False,True,False,False,False,True,False,1
1,0,1,0,-0.5894107091662998,1,1,0.27452824517980345,-0.43289464127300814,False,True,True,False,False,False,False,False,False,False,False,False,False,False,False,False,False,False,False,True,False,0
0,1,0,0,-0.26399973506144675,1,1,0.8033703840752796,-0.006268795352897585,False,True,True,False,False,False,False,True,False,False,False,False,False,True,False,False,False,False,False,True,False,1
1,0,0,0,-1.2809090291391125,1,1,-0.5022086463229274,-0.9844743986358103,False,False,False,False,False,False,False,False,False,True,False,False,False,False,False,False,False,False,False,False,True,1
1,1,0,0,1.3223787636997117,1,1,1.4611177943265279,2.114588959107728,False,True,True,False,False,True,False,False,False,True,False,True,False,True,False,True,False,True,False,True,False,0
1,0,1,0,-0.34535247858766,1,1,0.8066756474433762,-0.03588278455461784,False,False,True,False,False,True,False,False,False,False,False,True,False,False,False,True,False,False,False,True,False,0
1,0,1,1,-0.792792567981833,1,1,1.051265136682534,-0.49572283778547893,False,False,True,False,False,False,False,False,False,True,False,False,False,True,False,True,False,False,False,False,True,1
0,1,0,0,-0.01994150448280695,1,1,0.48441246905394536,0.1637976051999014,False,False,True,False,False,False,False,False,False,False,False,False,False,False,False,True,False,False,False,True,False,0
1,0,1,0,0.6308804437268991,1,1,1.0595282951027758,0.9577993660872368,False,True,True,False,False,True,False,True,False,True,False,False,False,True,False,False,False,True,False,False,False,0
0,0,1,0,-1.2402326573760059,1,1,0.18363350255714347,-0.9383081871523281,False,False,True,False,False,False,False,False,False,False,False,False,False,False,False,False,False,False,True,False,False,0
1,0,1,0,0.5902040719637925,1,1,0.6116651087256691,0.7784689896685181,False,True,True,False,False,False,False,True,False,True,False,False,False,False,False,False,False,False,False,False,False,1
1,0,0,0,0.7935859307793257,1,0,-0.3666928482309616,0.21896436195595978,False,False,False,False,False,True,False,False,False,True,False,False,False,False,False,False,True,False,False,True,False,0
0,1,0,0,0.22411672609583283,1,1,-0.254313893715673,-0.01812317205336376,False,False,False,False,False,True,False,True,False,False,False,False,False,False,False,False,False,False,True,False,False,1
1,0,0,0,-0.46738159387697986,0,1,-0.9533770960681305,-0.6637476512398642,True,False,False,False,False,False,False,True,False,False,False,True,False,False,False,False,False,False,False,False,True,0
1,0,0,0,-0.5894107091662998,1,0,-1.4937876567519452,-0.8257135610473448,False,False,False,True,True,False,True,False,True,False,True,False,True,False,True,False,True,False,False,False,True,0
0,0,0,0,-1.1995562856128992,1,0,-1.4756087082274132,-0.9773178675166401,False,False,False,True,True,False,True,False,True,False,True,False,True,False,True,False,False,False,False,True,False,0
0,0,1,1,1.2410260201734986,1,0,-1.4822192349636067,-0.47535087190023334,False,False,False,True,True,False,True,False,True,False,True,False,True,False,True,False,False,True,True,False,False,0
0,1,0,0,1.2410260201734986,1,1,0.8182440692317146,1.4255423371184088,False,True,True,False,False,False,False,False,False,True,False,False,False,False,False,True,False,False,False,False,False,0
0,0,1,1,1.3223787636997117,1,1,-1.3070402764544802,-0.2385706735831441,False,True,False,True,True,False,True,False,True,False,True,False,True,False,True,False,False,True,False,False,False,0
0,0,0,0,-1.2402326573760059,0,1,-1.1219455278410635,-0.9803473193400924,True,False,False,False,False,False,False,False,False,False,False,True,False,False,False,False,False,False,False,True,False,1
1,0,1,1,1.5664369942783516,1,0,0.7273493266090546,1.7438543040753711,False,True,False,False,False,True,False,True,False,True,False,True,False,True,False,True,False,True,False,False,False,0
0,1,0,0,-0.46738159387697986,1,1,0.9719388158482125,-0.13969639088147803,False,True,True,False,False,False,False,False,False,False,False,False,False,True,False,True,False,False,False,True,False,1
0,0,0,1,-0.5487343374031931,1,0,-0.5303033849517497,-0.5875723046646465,False,False,False,False,False,False,False,False,False,False,False,True,False,False,False,False,False,False,False,False,True,0
1,0,1,1,-0.10129424800902022,1,0,0.09108612825043479,-0.12808349222491022,False,True,False,False,False,True,False,True,False,True,False,True,False,False,False,False,False,False,False,True,False,0
1,0,0,0,0.9562914178317522,1,1,0.9785493425844061,1.2436874175134798,False,True,True,False,False,False,False,True,False,False,False,True,False,False,False,True,False,False,False,True,False,1
0,0,1,1,0.7935859307793257,1,0,-1.3814087022366566,-0.45522038405888615,False,True,False,True,True,False,True,False,True,False,True,False,True,False,True,False,False,True,False,False,True,0
1,1,1,0,0.7935859307793257,1,1,1.3305598912867072,1.3542404565200492,False,True,True,False,False,False,False,True,False,True,False,False,False,True,False,True,True,False,False,False,False,0
0,0,1,1,-1.1588799138497925,1,1,-0.2096928382463671,-0.9075526653794521,False,True,False,False,False,False,False,True,False,False,False,True,False,False,False,False,False,False,False,False,True,0
1,1,1,0,-0.5080579656400865,1,0,1.3950125269645934,-0.05263257978138748,False,True,True,False,False,False,False,True,False,False,False,True,False,True,False,True,False,False,False,True,False,0
1,0,0,0,-0.7521161962187263,1,1,0.8298124910200534,-0.4888955949079882,False,True,True,False,False,False,False,False,False,False,False,True,False,True,False,False,False,False,False,True,False,1
1,0,1,1,0.22411672609583283,1,0,-1.3153034348747221,-0.5830500794789131,False,True,False,True,True,False,True,False,True,False,True,False,True,False,True,False,False,True,True,False,False,0
1,1,0,0,-0.5080579656400865,1,1,0.6447177424066364,-0.2400414943959797,False,True,True,False,False,False,False,False,False,False,False,False,False,True,False,False,False,False,False,True,False,0
1,0,1,0,-0.9961744267973661,1,1,0.3356756174895927,-0.7173338244358606,False,False,True,False,False,True,False,False,False,False,False,False,False,False,False,False,False,False,False,False,True,0
1,0,0,0,-0.8334689397449395,1,0,0.9818546059525025,-0.49102499220418305,False,True,True,False,False,False,False,False,False,False,False,False,False,True,False,True,False,False,False,True,False,0
1,0,0,0,-1.0368507985604727,1,0,-1.4987455518040902,-0.9498113230616695,False,False,False,True,True,False,True,False,True,False,True,False,True,False,True,False,True,False,False,False,True,0
0,0,1,1,1.6071133660414583,1,1,1.0000335544770345,1.9982184944981516,False,True,True,False,False,True,False,True,False,False,False,False,False,True,False,False,False,True,False,True,False,0
1,0,0,0,1.6071133660414583,0,1,0.024980860888500257,0.9986530606049546,True,False,False,False,False,True,False,True,False,True,False,True,False,True,False,True,False,True,False,False,False,0
0,1,0,0,-1.2809090291391125,1,1,0.15884402729641803,-0.9756933788576873,False,False,True,False,False,False,False,False,False,False,False,False,False,False,False,False,False,False,False,True,False,1
1,0,1,1,1.3223787636997117,1,1,0.15553876392832103,0.9515209369458787,False,True,False,False,False,True,False,True,False,False,False,False,False,False,False,True,False,True,False,False,True,0
0,0,0,0,-0.670763452692513,1,0,-1.5037034468562354,-0.8765117604637869,False,False,False,True,True,False,True,False,True,False,True,False,True,False,True,False,True,False,True,False,False,0
1,1,1,0,-0.792792567981833,1,0,0.18528613424119175,-0.633475085554785,False,False,True,False,False,False,False,False,False,False,False,False,False,False,False,False,False,False,False,False,False,0
0,1,1,0,0.3868222131482594,1,1,0.30758087886077073,0.4115979833385352,False,False,True,False,False,True,False,False,False,False,False,False,False,False,False,False,False,False,True,False,False,1
0,0,1,1,1.6071133660414583,1,0,1.4826020062191567,2.562903923879803,False,True,True,False,False,True,False,True,False,True,False,False,False,True,False,True,False,True,True,False,False,0
0,0,0,0,-0.8741453115080462,1,1,0.8050230157593279,-0.5714810859212359,False,True,True,False,False,False,False,False,False,True,False,False,False,True,False,False,False,False,False,True,False,0
1,0,1,0,0.3054694696220461,1,1,1.3603072615995777,0.8283671345577024,False,True,True,False,False,False,False,True,False,True,False,False,False,True,False,True,True,False,False,False,False,0
1,0,0,0,-0.10129424800902022,1,1,0.8281598593360051,0.18932842020479435,False,True,True,False,False,False,False,False,False,False,False,True,False,False,False,True,False,False,True,False,False,0
0,1,0,0,1.5664369942783516,1,0,0.8265072276519564,1.7568721658964384,False,True,False,False,False,True,False,True,False,True,False,True,False,True,False,True,False,True,False,False,True,0
1,0,1,0,1.3630551354628184,1,1,1.3272546279186106,2.1255871863798275,False,True,True,False,False,False,False,True,False,True,False,False,False,True,False,True,False,False,True,False,False,1
1,0,0,0,-1.1588799138497925,1,0,-1.3086929081385286,-0.9615339844654637,False,True,False,True,True,False,True,False,True,False,True,False,True,False,True,False,False,False,False,False,True,0
1,0,0,0,-1.0368507985604727,1,0,-0.017987562896757087,-0.8104784917323012,False,False,False,False,False,False,False,False,False,True,False,True,False,True,False,False,False,False,False,False,False,0
1,0,1,1,1.6071133660414583,1,0,0.8215493325998116,1.7770026537377859,False,True,False,False,False,True,False,True,False,True,False,True,False,True,False,True,False,True,True,False,False,0
0,0,1,0,-1.2809090291391125,1,1,-0.37330337496715515,-0.9827620997790762,False,False,False,False,False,True,False,True,False,False,False,False,False,False,False,False,False,False,False,False,True,0
1,0,0,0,-0.8334689397449395,1,0,-1.4673455498071712,-0.8941616102178144,False,False,False,True,True,False,True,False,True,False,True,False,True,False,True,False,False,False,False,False,True,0
0,0,0,0,0.3461458413851527,1,1,0.5191177344189609,0.42674524245579754,False,True,False,False,False,False,False,True,False,True,False,False,False,True,False,True,True,False,False,True,False,0
0,0,1,1,0.6715568154900058,1,0,-0.10227177878322351,0.3214827678655469,False,False,False,False,False,True,False,False,False,True,False,True,False,False,False,False,False,False,False,False,False,0
0,0,0,0,-0.7521161962187263,1,1,0.20346508276572364,-0.6049806763747755,False,False,True,False,False,False,False,False,False,False,False,False,False,False,False,False,False,False,True,False,False,1
0,0,1,1,0.5088513284375793,1,1,-1.328524488347109,-0.4920128569292219,False,True,False,True,True,False,True,False,True,False,True,False,True,False,True,False,False,True,True,False,False,0
1,0,0,0,0.3054694696220461,0,0,-0.9533770960681305,-0.39910966767667955,True,False,False,False,False,False,False,True,False,False,False,True,False,False,False,False,True,False,True,False,False,0
0,0,1,1,0.9562914178317522,1,1,-1.3351350150833023,-0.39781446725940645,False,True,False,True,True,False,True,False,True,False,True,False,True,False,True,False,False,True,False,False,True,0
1,0,0,0,-1.2809090291391125,0,1,-1.3351350150833023,-0.9955384835562455,True,False,False,False,False,False,False,False,False,False,False,False,False,False,False,False,False,False,False,False,True,1
0,0,1,0,0.02073486728029968,0,0,-0.17498757288135158,-0.12101477130352119,True,False,False,False,False,True,False,False,False,True,False,True,False,True,False,True,False,True,False,False,False,0
1,0,0,0,0.3461458413851527,1,1,0.8050230157593279,0.5943968625696127,False,True,True,False,False,False,False,True,False,False,False,False,False,True,False,False,False,False,False,True,False,0
1,0,1,1,-0.30467610682455337,1,1,-1.3037350130863834,-0.7661782469516702,False,True,False,True,True,False,True,False,True,False,True,False,True,False,True,False,False,False,False,False,False,0
0,0,1,1,1.6071133660414583,1,0,-1.47891397159551,-0.36488564309144483,False,False,False,True,True,False,True,False,True,False,True,False,True,False,True,False,False,True,False,False,False,0
0,0,1,0,1.1189969048841788,0,0,-0.48898759285054055,0.27202367396526855,True,False,False,False,False,True,False,True,False,True,False,False,False,False,False,True,True,False,False,True,False,0
1,1,1,0,-0.3860288503507666,1,1,0.846338807860537,-0.07669257397344484,False,False,True,False,False,False,False,False,False,False,False,False,False,True,False,True,False,False,False,True,False,0
0,0,1,1,-0.01994150448280695,1,0,0.8182440692317146,0.2677648793728789,False,True,True,False,False,True,False,False,False,False,False,False,False,True,False,False,False,False,False,True,False,0
1,0,0,0,0.10208761080651294,1,1,1.4578125309584313,0.7611264756067249,False,True,True,False,False,True,False,False,False,True,False,True,False,True,False,True,False,True,False,True,False,0
0,0,1,0,1.4444078789890318,1,0,0.7141282731366679,1.5239556162817234,False,True,True,False,False,False,False,True,False,True,False,False,False,False,False,False,True,False,True,False,False,0
0,0,0,0,0.3461458413851527,1,1,0.12413876193140204,0.2568983673974516,False,True,False,False,False,False,False,False,False,True,False,True,False,False,False,True,True,False,False,True,False,0
0,0,0,0,-0.7521161962187263,1,0,-0.48733496116649205,-0.6947666036060841,False,False,False,False,False,True,False,False,False,False,False,False,False,False,False,False,False,False,False,False,False,0
1,0,1,0,0.1834403543327262,1,0,0.9735914475322608,0.5132602398197552,False,True,True,False,False,False,False,False,False,True,False,True,False,True,False,False,False,True,False,False,True,0
0,0,1,0,0.5088513284375793,1,1,1.0033388178451315,0.8754114480189971,False,False,True,False,False,False,False,False,False,False,False,True,False,True,False,True,False,True,True,False,False,0
0,0,1,1,-0.9961744267973661,1,0,-0.2824086323444952,-0.8299943081891799,False,False,False,False,False,False,False,True,False,False,False,True,False,False,False,False,False,False,False,False,False,0
1,0,1,1,1.6071133660414583,1,1,0.5273808928392028,1.5088522622633518,False,False,False,False,False,True,False,False,False,True,False,True,False,True,False,True,False,True,False,True,False,0
0,0,1,1,1.4850842507521385,0,1,-0.6906086583044406,0.29336155202610764,True,False,False,False,False,True,False,False,False,True,False,False,False,False,False,True,False,True,True,False,False,0
1,0,0,0,-1.1995562856128992,1,0,-1.4425560745464459,-0.9834206762624355,False,False,False,True,True,False,True,False,True,False,True,False,True,False,True,False,True,False,False,False,True,0
0,0,0,0,-1.2809090291391125,1,1,0.5769598433606536,-0.9701393838480243,False,False,True,False,False,False,False,True,False,True,False,False,False,False,False,False,False,False,False,True,False,1
1,1,1,0,0.427498584911366,1,1,1.1950440931947415,0.9204580794807683,False,True,True,False,False,False,False,True,False,False,False,False,False,True,False,True,False,False,False,True,False,1
1,0,0,0,-0.9554980550342594,1,0,0.0034966489958718192,-0.7657611485122094,False,False,False,False,False,True,False,False,False,False,False,True,False,False,False,True,False,False,False,False,True,0
1,0,1,1,-1.0775271703235794,1,0,-1.497092920120042,-0.9523139136984344,False,False,False,True,True,False,True,False,True,False,True,False,True,False,True,False,False,False,False,False,True,0
0,0,0,0,-1.2809090291391125,1,1,0.4910229957901389,-0.9712809164191805,False,False,True,False,False,False,False,False,False,False,False,False,False,False,False,True,False,False,False,True,False,1
0,0,1,1,-0.5487343374031931,1,0,-1.29712448635019,-0.7929384047255004,False,True,False,True,True,False,True,False,True,False,True,False,True,False,True,False,False,True,False,False,True,0
1,0,0,1,-1.2809090291391125,0,1,-1.3268718566630604,-0.995428720809019,True,False,False,False,False,False,False,False,False,False,False,False,False,False,False,False,False,False,False,True,False,0
0,1,1,1,1.525760622515245,1,1,1.4231072655934158,2.276006055179076,False,True,True,False,False,False,False,True,False,True,False,True,False,True,False,True,True,False,False,True,False,0
0,0,1,0,0.8342623025424323,1,0,-1.455777128018833,-0.557650979770692,False,False,False,True,True,False,True,False,True,False,True,False,True,False,True,False,True,False,False,False,False,1
0,0,1,0,-0.8741453115080462,1,1,0.9636756574279707,-0.5325811683041506,False,True,True,False,False,False,False,False,False,False,False,False,False,True,False,True,False,False,False,True,False,1
1,0,1,1,1.5664369942783516,1,0,-1.3533139636078344,-0.29220075187803085,False,True,False,True,True,False,True,False,True,False,True,False,True,False,True,False,False,True,True,False,False,0
1,0,0,0,-0.8334689397449395,1,1,1.5900230656823005,-0.3982974233472032,False,True,True,False,False,False,False,True,False,True,False,True,False,True,False,True,False,False,False,False,True,1
1,0,1,1,1.0783205331210721,0,0,-0.9930402564852913,-0.13682060690414274,True,False,False,False,False,True,False,False,False,True,False,False,False,False,False,False,True,False,False,False,True,0
1,0,1,0,1.6071133660414583,1,0,-1.3037350130863834,-0.21725474807175033,False,True,False,True,True,False,True,False,True,False,True,False,True,False,True,False,False,True,False,False,True,0
0,0,1,1,-0.18264699153523348,1,0,-1.4855244983317035,-0.767868593258959,False,False,False,True,True,False,True,False,True,False,True,False,True,False,True,False,True,False,False,False,True,0
0,0,1,1,1.5664369942783516,1,0,-1.302082381402335,-0.2101201695020253,False,True,False,True,True,False,True,False,True,False,True,False,True,False,True,False,False,True,False,False,False,0
0,0,1,1,1.0783205331210721,1,1,0.3836019363269953,0.9780176641263654,False,True,False,False,False,True,False,False,False,True,False,True,False,True,False,False,False,True,False,False,True,0
1,0,1,0,-0.8741453115080462,1,1,-0.32372442444570426,-0.7392644213317229,False,False,False,False,False,False,False,False,False,False,False,False,False,True,False,False,False,False,False,False,False,0
1,0,1,1,-0.2233233632983401,1,1,-0.3336402145499943,-0.34317457169003546,False,False,False,False,False,True,False,True,False,False,False,False,False,False,False,False,False,False,True,False,False,0
1,0,1,1,0.9156150460686455,1,1,0.8446861761764887,1.2325135698458178,False,True,True,False,False,False,False,False,False,True,False,False,False,True,False,False,False,False,True,False,False,0
1,0,1,1,0.5495277002006859,1,1,-1.4756087082274132,-0.6350117640159565,False,False,False,True,True,False,True,False,True,False,True,False,True,False,True,False,True,False,False,False,False,0
0,0,1,1,0.9156150460686455,1,1,1.2842862041333531,1.4773284012598897,False,False,True,False,False,False,False,True,False,True,False,True,False,True,False,True,True,False,False,False,False,0
1,0,0,0,0.7122331872531124,1,1,0.8347703860721981,0.9911672412441046,False,False,True,False,False,True,False,True,False,True,False,True,False,False,False,False,True,False,True,False,False,0
0,1,0,0,0.22411672609583283,1,1,1.1471177743573389,0.6332528750878074,False,True,True,False,False,False,False,False,False,False,False,True,False,True,False,True,False,False,False,True,False,1
1,0,0,0,-0.5894107091662998,0,0,-1.0327034169024518,-0.7646415684904987,True,False,False,False,False,True,False,False,False,True,False,False,False,False,False,False,False,False,False,False,True,0
1,0,1,0,0.752909559016219,1,1,0.84303354449244,1.0197494606218955,False,True,True,False,False,False,False,True,False,False,False,False,False,False,False,True,True,False,True,False,False,0
0,0,0,0,-1.1588799138497925,1,0,-0.6344191810467965,-0.9223925888044799,False,False,False,False,False,False,False,False,False,False,False,False,False,False,False,False,False,False,False,False,True,1
1,0,1,1,1.0376441613579654,1,1,-1.497092920120042,-0.5194535437358566,False,False,False,True,True,False,True,False,True,False,True,False,True,False,True,False,True,False,False,True,False,0
1,0,0,0,0.22411672609583283,1,0,0.19024402929333656,0.18276460792064722,False,False,False,False,False,True,False,True,False,False,False,True,False,True,False,False,True,False,False,False,True,0
0,0,0,0,-1.2809090291391125,1,1,-0.2840612640285434,-0.9815766621090297,False,False,False,False,False,False,False,False,False,False,False,False,False,False,False,True,False,False,False,True,False,1
0,0,1,0,1.2817023919366053,1,1,1.0595282951027758,1.7660483315645774,False,False,True,False,False,True,False,False,False,False,False,True,False,True,False,True,True,False,False,False,True,0
0,0,0,0,-1.0368507985604727,1,1,0.4778019423177518,-0.776583755388746,False,False,True,False,False,False,False,False,False,False,False,False,False,False,False,True,False,False,False,True,False,1
0,0,0,1,-0.792792567981833,0,0,-1.146735003101789,-0.8384679922750686,True,False,False,False,False,False,False,True,False,False,False,False,False,False,False,False,False,False,False,True,False,0
1,0,1,1,-0.3860288503507666,1,0,0.7256966949250063,-0.15416312096593587,False,False,True,False,False,False,False,True,False,True,False,True,False,False,False,False,True,False,False,False,True,0
0,0,0,0,-1.1588799138497925,1,1,0.5058966809465743,-0.8658428214333674,False,True,True,False,False,True,False,False,False,False,False,False,False,False,False,False,False,False,False,True,False,0
1,0,0,0,-0.9961744267973661,1,1,-0.6509454978872801,-0.8137933266985427,False,False,False,False,False,False,False,False,False,False,False,False,False,False,False,False,False,False,False,False,True,1
0,0,1,1,0.3054694696220461,0,1,-0.4625454859057666,-0.11212398877817155,True,False,False,False,False,False,False,True,False,False,False,False,False,True,False,True,False,False,False,True,False,0
0,0,1,1,0.7935859307793257,1,0,1.2033072516149832,1.321179917055416,False,True,True,False,False,False,False,False,False,True,False,False,False,True,False,True,True,False,False,False,False,0
0,0,1,1,1.1596732766472853,1,1,-1.343398173503544,-0.3717567910678261,False,True,False,True,True,False,True,False,True,False,True,False,True,False,True,False,False,True,False,False,True,0
1,0,1,0,-1.2809090291391125,1,1,0.5191177344189609,-0.9709077230786101,False,False,True,False,False,False,False,False,False,False,False,False,False,True,False,False,False,False,False,True,False,1
0,0,1,0,-1.2402326573760059,1,0,0.84303354449244,-0.9226340668483785,False,False,True,False,False,True,False,True,False,False,False,False,False,True,False,False,False,False,False,True,False,0
0,0,1,0,1.5664369942783516,1,0,1.4677283210627214,2.377800026956968,False,True,True,False,False,False,False,True,False,True,False,True,False,True,False,True,False,True,False,True,False,0
0,0,0,0,0.22411672609583283,1,1,0.8017177523912309,0.46103512468936814,False,False,True,False,False,False,False,False,False,False,False,False,False,True,False,True,True,False,False,False,True,0
1,0,1,1,-0.5487343374031931,1,0,-1.4888297616998003,-0.8550202145568306,False,False,False,True,True,False,True,False,True,False,True,False,True,False,True,False,True,False,False,False,True,0
1,0,1,1,0.06141123904340631,0,1,-0.6608612879915702,-0.3728983236389822,True,False,False,False,False,False,False,False,False,True,False,True,False,True,False,False,False,False,False,True,False,0
1,0,0,0,-1.0368507985604727,1,0,-0.33033495118189754,-0.8436487939441611,False,False,False,False,False,False,False,False,False,False,False,False,False,True,False,False,False,False,False,False,True,0
1,1,0,0,1.403731507225925,1,1,0.35881246106626985,1.2156979169707123,False,True,True,False,False,False,False,False,False,False,False,False,False,False,False,False,False,False,False,False,True,0
1,0,0,0,1.1189969048841788,0,0,-0.8343876148166482,0.058205842367971196,True,False,False,False,False,True,False,True,False,True,False,False,False,False,False,False,False,True,False,False,False,0
1,0,1,0,1.6071133660414583,1,1,1.320644101182417,2.2734815119928657,False,True,True,False,False,False,False,True,False,True,False,False,False,True,False,True,False,True,False,False,False,0
0,0,1,1,0.752909559016219,1,0,-1.483871866647655,-0.5545995753977943,False,False,False,True,True,False,True,False,True,False,True,False,True,False,True,False,False,True,False,False,True,0
0,1,0,0,-0.5080579656400865,1,1,0.5488651047318316,-0.27235564717947275,False,False,True,False,False,False,False,False,False,False,False,False,False,False,False,True,False,False,False,True,False,0
1,0,0,0,1.4850842507521385,1,1,1.2958546259216916,2.1821150012014945,False,False,True,False,False,False,False,True,False,True,False,True,False,True,False,True,True,False,False,False,False,1
0,0,1,1,0.5902040719637925,1,0,-1.4739560765433648,-0.6228061465243654,False,False,False,True,True,False,True,False,True,False,True,False,True,False,True,False,False,True,True,False,False,0
1,0,1,0,1.6071133660414583,0,1,-0.004766509424369996,1.0774846656630548,True,False,False,False,False,True,False,True,False,True,False,True,False,True,False,True,False,True,False,True,False,0
1,0,0,1,-0.9148216832711529,1,0,1.0033388178451315,-0.5977802401567145,False,True,True,False,False,False,False,False,False,False,False,False,False,True,False,True,False,False,False,True,False,1
0,1,0,0,-1.2809090291391125,1,1,0.23982297981478745,-0.9746177039348672,False,True,True,False,False,False,False,False,False,False,False,False,False,False,False,False,False,False,False,True,False,0
0,1,0,0,-1.1588799138497925,1,1,0.793454593970989,-0.8427487394169035,False,True,True,False,False,False,False,False,False,True,False,False,False,False,False,True,False,False,False,True,False,1
1,0,0,1,-1.2809090291391125,0,0,-1.0327034169024518,-0.9915211670077542,True,False,False,False,False,False,False,True,False,False,False,True,False,False,False,False,False,False,False,False,True,0
1,0,1,0,1.5664369942783516,1,0,0.6067072136735243,1.6833969829029938,False,True,False,False,False,True,False,False,False,True,False,True,False,True,False,True,False,True,False,True,False,0
0,0,0,0,-1.2809090291391125,1,0,0.8512967029126818,-0.9664952606401034,False,False,True,False,False,False,False,False,False,False,False,False,False,True,False,True,False,False,False,True,False,1
0,0,1,0,1.1596732766472853,1,0,-1.4739560765433648,-0.44481487562181027,False,False,False,True,True,False,True,False,True,False,True,False,True,False,True,False,False,True,True,False,False,0
1,0,1,1,-1.1995562856128992,1,1,-0.2873665273966402,-0.932446856450431,False,False,False,False,False,False,False,True,False,True,False,False,False,False,False,False,False,False,False,False,True,1
0,0,0,1,0.752909559016219,0,0,-0.15515599267277116,0.34468661262923717,True,False,False,False,False,True,False,False,False,True,False,True,False,True,False,True,True,False,False,False,False,0
0,0,0,0,0.1834403543327262,1,0,-1.4871771300157517,-0.6619475421853491,False,False,False,True,True,False,True,False,True,False,True,False,True,False,True,False,False,True,False,False,True,0
0,0,0,0,0.3868222131482594,1,0,-0.1716823095132548,0.10740150567490592,False,False,False,False,False,True,False,True,False,True,False,False,False,False,False,False,False,False,False,False,False,0
0,0,0,0,1.1596732766472853,1,1,1.776770445979765,2.2276445887510627,False,True,True,False,False,True,False,True,False,True,False,True,False,True,False,True,True,False,False,True,False,0
1,0,1,1,-0.9961744267973661,1,1,0.9884651326886961,-0.6727921016113312,False,False,True,False,False,False,False,False,False,True,False,False,False,True,False,True,False,False,False,True,False,0
0,1,0,0,-0.5894107091662998,1,1,0.3257598273853026,-0.43787786999709305,False,False,True,False,False,False,False,True,False,False,False,False,False,False,False,False,False,False,False,True,False,0
0,0,1,1,0.02073486728029968,1,1,-1.333482383399254,-0.6812438331477746,False,True,False,True,True,False,True,False,True,False,True,False,True,False,True,False,False,True,False,False,True,1
1,1,1,0,0.9969677895948588,1,1,0.2067703461338202,0.8114417189353704,False,True,False,False,False,False,False,True,False,True,False,False,False,True,False,False,True,False,True,False,False,0
1,0,1,1,1.1189969048841788,1,0,-1.4937876567519452,-0.4962057938732757,False,False,False,True,True,False,True,False,True,False,True,False,True,False,True,False,False,True,True,False,False,0
1,0,1,0,1.4850842507521385,0,0,-0.15185072930467441,0.7742980052739096,True,False,False,False,False,True,False,False,False,True,False,True,False,True,False,True,False,True,False,False,False,0
0,0,1,0,0.9562914178317522,1,0,1.4859072695872533,1.676174594135487,False,True,True,False,False,True,False,True,False,True,False,False,False,True,False,True,True,False,False,False,False,0
0,0,1,1,0.7122331872531124,1,1,0.6463703740906851,0.8009264477510677,False,True,True,False,False,False,False,False,False,False,False,False,False,True,False,False,False,False,False,False,False,1
0,0,1,1,1.0376441613579654,1,1,0.9438440772193905,1.3802322750632938,False,True,True,False,False,True,False,True,False,False,False,False,False,False,False,True,False,False,False,False,False,1
1,1,0,0,-0.9961744267973661,0,1,-1.1715244783625145,-0.9088478657967252,True,False,False,False,False,False,False,False,False,True,False,False,False,False,False,False,False,False,False,True,False,1
0,0,1,1,0.9969677895948588,1,0,-0.3766086383352517,0.33414938889548945,False,False,False,False,False,True,False,True,False,False,False,False,False,False,False,False,True,False,False,True,False,0
1,1,1,0,1.5664369942783516,1,0,-1.3516613319237858,-0.23521193351801198,False,True,False,True,True,False,True,False,True,False,True,False,True,False,True,False,False,True,False,False,False,0
1,0,0,0,0.5495277002006859,1,0,-1.5086613419083803,-0.6075491246598764,False,False,False,True,True,False,True,False,True,False,True,False,True,False,True,False,False,True,True,False,False,0
0,0,1,1,-0.9148216832711529,1,1,0.021675597520403718,-0.735422725178794,False,False,False,False,False,False,False,True,False,False,False,True,False,False,False,True,False,False,False,True,False,0
0,0,1,1,-0.7114398244556197,1,0,-1.470650813175268,-0.8587741005119782,False,False,False,True,True,False,True,False,True,False,True,False,True,False,True,False,True,False,True,False,False,0
0,0,1,0,1.0376441613579654,1,1,1.474338847798915,1.6914974736483122,False,True,True,False,False,True,False,True,False,True,False,False,False,True,False,True,False,True,False,False,False,1
1,0,0,0,-1.2809090291391125,0,0,-1.1616086882582242,-0.9932334658644882,True,False,False,False,False,True,False,False,False,False,False,False,False,False,False,False,False,False,False,False,True,1
0,0,0,0,-0.30467610682455337,1,0,0.3125387739129155,-0.18797004711170978,False,False,False,False,False,True,False,True,False,True,False,True,False,True,False,False,True,False,False,False,True,1
1,0,0,0,-1.2809090291391125,1,0,-1.4805666032795584,-0.9974703079074324,False,False,False,True,True,False,True,False,True,False,True,False,True,False,True,False,False,False,False,False,True,0
0,0,0,0,0.02073486728029968,1,1,0.18363350255714347,0.05012730417209791,False,False,True,False,False,False,False,False,False,False,False,False,False,False,False,False,False,False,False,False,False,0
0,0,0,0,-1.1995562856128992,1,0,-1.4689981814912199,-0.9785472102855772,False,False,False,True,True,False,True,False,True,False,True,False,True,False,True,False,False,False,False,False,True,0
0,0,0,0,-0.06061787624591358,1,0,-1.4508192329666876,-0.7062916920648707,False,False,False,True,True,False,True,False,True,False,True,False,True,False,True,False,True,False,False,False,True,0
0,0,1,1,0.1834403543327262,1,0,-1.2690297477213677,-0.6060343987481503,False,True,False,True,True,False,True,False,True,False,True,False,True,False,True,False,False,False,False,False,True,0
0,1,1,0,-1.2809090291391125,1,1,-0.5055139096910242,-0.9845183037347008,False,False,False,False,False,True,False,False,False,False,False,False,False,False,False,False,False,False,False,True,False,1
0,1,0,0,0.5495277002006859,1,1,1.3090756793940785,1.1292048721561998,False,True,True,False,False,False,False,True,False,True,False,False,False,True,False,True,False,False,False,True,False,0
0,0,0,0,-0.18264699153523348,0,1,-0.9616402544883723,-0.5841696595006237,True,False,False,False,False,False,False,False,False,True,False,True,False,False,False,False,False,False,False,False,True,0
1,0,0,0,-1.2809090291391125,1,1,0.1489282371921275,-0.9758250941543591,False,False,True,False,False,False,False,False,False,False,False,False,False,False,False,False,False,False,False,True,False,1
1,0,1,0,0.6715568154900058,1,1,0.9901177643727443,1.0531612408776536,False,False,True,False,False,False,False,True,False,False,False,False,False,True,False,True,False,True,False,True,False,0
0,0,1,0,0.9156150460686455,1,1,0.4265703601122527,0.9510818859569726,False,True,True,False,False,False,False,False,False,True,False,False,False,False,False,False,False,False,False,True,False,1
1,0,0,0,-0.9148216832711529,1,0,1.1140651406763715,-0.5634684053736986,False,True,True,False,False,True,False,False,False,False,False,False,False,True,False,True,False,False,False,True,False,1
0,1,1,0,1.1189969048841788,1,1,1.1785177763542578,1.640765131880206,False,True,True,False,False,False,False,False,False,True,False,False,False,True,False,True,True,False,True,False,False,0
0,0,0,0,1.525760622515245,1,0,-1.2822508011937548,-0.19121902442961528,False,True,False,True,True,False,True,False,True,False,True,False,True,False,True,False,True,False,True,False,False,0
0,0,0,0,1.6071133660414583,1,0,-1.4739560765433648,-0.3183242857179471,False,False,False,True,True,False,True,False,True,False,True,False,True,False,True,False,False,True,True,False,False,0
0,0,1,0,0.874938674305539,1,0,-1.4805666032795584,-0.522263470064856,False,False,False,True,True,False,True,False,True,False,True,False,True,False,True,False,False,True,True,False,False,0
1,0,0,0,-0.8741453115080462,1,0,-1.470650813175268,-0.9117675548729511,False,False,False,True,True,False,True,False,True,False,True,False,True,False,True,False,False,False,False,False,True,0
1,0,0,0,0.752909559016219,1,1,1.128938825832807,1.2057314595225423,False,False,True,False,False,False,False,True,False,True,False,False,False,True,False,True,False,False,False,True,False,0
0,0,0,0,-0.9554980550342594,1,1,0.8579072296488753,-0.6507517419682421,False,False,True,False,False,False,False,False,False,False,False,False,False,True,False,True,False,False,False,False,False,1
0,1,0,0,1.403731507225925,1,0,-0.3286823194978493,0.6294111789348785,False,True,False,False,False,False,False,True,False,False,False,False,False,False,False,False,False,False,False,True,False,0
1,0,1,1,-1.118203542086686,1,0,-1.4640402864390747,-0.9626096593882839,False,False,False,True,True,False,True,False,True,False,True,False,True,False,True,False,True,False,False,True,False,0
0,0,1,0,-0.8741453115080462,1,1,1.1454651426732907,-0.5422183375106406,False,True,True,False,False,False,False,False,False,True,False,False,False,True,False,True,False,False,False,True,False,1
0,0,1,0,-0.2233233632983401,1,0,0.836423017756247,0.05772288628017447,False,True,True,False,False,False,False,False,False,True,False,False,False,False,False,True,False,False,False,False,False,0
0,0,1,0,-1.1995562856128992,1,1,-1.4855244983317035,-0.9861866974925444,False,False,False,True,True,False,True,False,True,False,True,False,True,False,True,False,False,False,False,False,True,0
0,1,0,0,1.3630551354628184,1,1,1.2561914655045308,2.056875706616014,False,True,True,False,False,False,False,False,False,True,False,True,False,True,False,True,True,False,True,False,False,0
0,0,0,0,-0.34535247858766,1,0,-0.28075600066044665,-0.39985605435782,False,False,False,False,False,True,False,False,False,False,False,True,False,False,False,False,False,False,True,False,False,0
1,0,0,1,-0.2233233632983401,1,0,-0.2857138957125917,-0.3180389025751581,False,False,False,False,False,True,False,True,False,False,False,False,False,False,False,False,True,False,False,False,True,0
0,0,1,0,0.4681749566744726,1,1,1.0330861881580018,0.9097891404503491,False,True,True,False,False,False,False,False,False,False,False,False,False,True,False,True,False,False,False,True,False,1
0,0,1,0,1.4444078789890318,1,0,1.776770445979765,2.5017660736746206,False,True,True,False,False,True,False,True,False,True,False,True,False,True,False,True,False,True,False,False,True,0
0,0,0,0,-0.7521161962187263,1,0,-0.30224021255307537,-0.6571618864062719,False,False,False,False,False,True,False,False,False,False,False,True,False,False,False,False,True,False,False,False,True,0
1,0,0,1,-0.2233233632983401,1,1,-1.2888613279299481,-0.6600596229330526,False,True,False,True,True,False,True,False,True,False,True,False,True,False,True,False,False,True,True,False,False,0
0,0,0,0,-1.2809090291391125,1,0,-1.4855244983317035,-0.9975361655557684,False,False,False,True,True,False,True,False,True,False,True,False,True,False,True,False,False,False,False,False,True,0
1,0,1,1,0.3868222131482594,1,0,-1.4590823913869295,-0.6423658680801346,False,False,False,True,True,False,True,False,True,False,True,False,True,False,True,False,False,True,False,False,True,0
1,0,0,0,1.0783205331210721,1,1,-0.006419141108418265,0.6337797362744947,False,False,False,False,False,False,False,False,False,True,False,True,False,True,False,False,False,False,False,True,False,0
1,1,1,1,1.1189969048841788,1,1,0.532338787891348,1.1271193799588957,False,True,True,False,False,True,False,False,False,False,False,False,False,False,False,False,False,False,False,True,False,0
0,0,0,0,-1.118203542086686,1,1,0.500938785894429,-0.8251647473112121,False,False,True,False,False,False,False,False,False,False,False,False,False,False,False,True,False,False,False,True,False,1
0,0,0,0,-1.1588799138497925,1,0,0.34724403927793107,-0.8578301408858301,False,True,True,False,False,False,False,False,False,False,False,False,False,False,False,False,False,False,False,True,False,1
1,0,1,0,-0.34535247858766,1,0,-0.37165074328310665,-0.4287675619772904,False,False,False,False,False,True,False,False,False,False,False,True,False,False,False,False,False,False,False,False,True,0
0,1,1,0,-1.118203542086686,1,1,0.3141914055969638,-0.8592790091492204,False,True,True,False,False,False,False,False,False,False,False,False,False,False,False,False,False,False,False,True,False,1
1,1,1,1,-0.9148216832711529,0,1,-1.001303414905533,-0.8470733916576293,True,False,False,False,False,False,False,False,False,False,False,False,False,False,False,True,False,False,False,False,False,0
0,0,1,0,-0.792792567981833,1,1,0.3753387779067535,-0.5753666871730554,False,True,False,False,False,True,False,True,False,False,False,True,False,True,False,False,False,False,False,True,False,0
0,0,0,0,1.2410260201734986,1,1,-1.4623876547550263,-0.4360777609425778,False,False,False,True,True,False,True,False,True,False,True,False,True,False,True,False,False,True,False,False,True,0
0,0,1,1,0.6715568154900058,1,1,1.0165598713175181,1.0939271251975902,False,True,True,False,False,False,False,False,False,False,False,False,False,True,False,True,False,False,False,True,False,1
1,0,0,0,-0.9554980550342594,1,0,-0.6575560246234734,-0.8170423040164483,False,False,False,False,False,False,False,False,False,False,False,False,False,False,False,False,False,False,False,False,True,1
1,0,1,1,-1.118203542086686,1,0,-0.01468229952866008,-0.8671380218506405,False,True,False,False,False,True,False,True,False,False,False,True,False,False,False,False,False,False,True,False,False,0
1,0,0,0,-0.5894107091662998,1,0,-1.4805666032795584,-0.8488735007121445,False,False,False,True,True,False,True,False,True,False,True,False,True,False,True,False,False,False,False,False,True,0
0,0,0,1,-1.1995562856128992,1,1,-1.4640402864390747,-0.9810717534717877,False,False,False,True,True,False,True,False,True,False,True,False,True,False,True,False,True,False,True,False,False,0
0,0,0,0,0.5495277002006859,1,1,0.3290650907533992,0.551611343700708,False,False,True,False,False,False,False,False,False,True,False,False,False,False,False,False,False,False,True,False,False,0
0,0,1,1,1.5664369942783516,1,0,-0.026250721316998904,0.9663389078214615,False,False,False,False,False,True,False,True,False,True,False,True,False,False,False,False,False,True,True,False,False,0
1,0,0,0,-1.2809090291391125,1,0,-0.6360718127308447,-0.9862525551408803,False,False,False,False,False,False,False,False,False,False,False,False,False,False,False,False,False,False,False,False,True,0
1,1,1,0,0.7122331872531124,1,1,1.2247914635076123,1.3055497018503568,False,True,True,False,False,True,False,True,False,True,False,False,False,True,False,False,True,False,False,False,False,0
1,0,0,0,-1.1995562856128992,0,1,-0.9252823574393083,-0.958548437740902,True,False,False,False,False,False,False,True,False,False,False,True,False,False,False,False,False,False,False,False,True,1
0,0,1,0,-0.5080579656400865,1,0,0.5802651067287506,-0.3071504380502855,False,True,True,False,False,True,False,False,False,False,False,False,False,False,False,False,False,False,False,True,False,1
0,0,0,0,0.9156150460686455,1,1,-0.003113877740321727,0.5818180517374513,False,False,False,False,False,False,False,True,False,True,False,False,False,False,False,True,False,True,False,False,True,0
0,0,1,0,-0.30467610682455337,1,1,1.3256019962345622,0.12055108279264516,False,True,True,False,False,False,False,False,False,True,False,True,False,True,False,True,False,False,False,False,False,1
0,0,0,0,-1.2809090291391125,1,0,0.36872825117055996,-0.9729054050781332,False,True,True,False,False,False,False,False,False,False,False,False,False,False,False,False,False,False,False,True,False,1
1,0,1,1,-1.2809090291391125,1,0,-1.4904823933838485,-0.9976020232041044,False,False,False,True,True,False,True,False,True,False,True,False,True,False,True,False,False,False,False,True,False,0
0,0,0,0,-0.7114398244556197,1,1,-0.5203875948474593,-0.7079161807238236,False,True,False,False,False,False,False,False,False,False,False,False,False,False,False,False,False,False,False,True,False,1
1,0,0,0,-1.2809090291391125,1,1,0.3323703541214962,-0.9733883611659299,False,True,True,False,False,False,False,False,False,False,False,False,False,False,False,False,False,False,False,True,False,1
0,0,1,1,1.4850842507521385,1,0,-0.11384020057156209,0.7762078770756513,False,True,False,False,False,True,False,False,False,False,False,True,False,False,False,False,False,True,True,False,False,0
0,0,1,1,0.874938674305539,1,1,-1.470650813175268,-0.5266759325033629,False,False,False,True,True,False,True,False,True,False,True,False,True,False,True,False,False,True,False,False,False,0
1,0,1,1,-0.3860288503507666,1,0,-0.2526612620316245,-0.38135005517542564,False,False,False,False,False,True,False,False,False,False,False,True,False,False,False,False,True,False,True,False,False,0
0,0,0,0,-0.2233233632983401,1,1,-1.4954402884359934,-0.7598998178103121,False,False,False,True,True,False,True,False,True,False,True,False,True,False,True,False,False,True,False,False,True,0
0,0,1,1,-1.118203542086686,1,1,0.619928267145911,-0.8288088705191332,False,False,True,False,False,False,False,True,False,False,False,False,False,False,False,True,False,False,False,True,False,1
1,0,0,0,-0.26399973506144675,1,0,-0.1782928362494481,-0.34462343995342576,False,False,False,False,False,False,False,False,False,False,False,True,False,True,False,False,True,False,True,False,False,0
1,0,1,1,-1.2809090291391125,1,1,0.20346508276572364,-0.9751006600226639,False,False,True,False,False,False,False,False,False,False,False,False,False,False,False,False,False,False,False,True,False,1
1,0,0,0,-0.2233233632983401,1,0,-0.5236928582155561,-0.4393047857110381,False,True,False,False,False,False,False,False,False,False,False,False,False,False,False,False,False,False,False,False,True,0
0,0,0,0,0.7122331872531124,1,1,1.1686019862499677,1.2058631748192143,False,False,True,False,False,False,False,True,False,False,False,True,False,True,False,True,False,True,False,False,True,0
0,0,1,1,-0.6300870809294065,1,0,0.9768967109003578,-0.30063053086502906,False,True,True,False,False,True,False,False,False,True,False,False,False,True,False,False,False,False,False,True,False,1
1,0,1,1,1.3630551354628184,1,1,0.6331493206182981,1.5025738331219938,False,True,False,False,False,True,False,False,False,True,False,True,False,True,False,True,False,True,False,False,True,0
0,0,1,1,1.2410260201734986,1,0,-0.04277703815748254,0.7561651994320853,False,False,False,False,False,True,False,True,False,True,False,True,False,False,False,False,False,True,False,False,True,0
1,0,1,0,-0.6300870809294065,0,0,-0.3385981096021394,-0.5958484158055275,True,False,False,False,False,False,False,False,False,True,False,True,False,True,False,True,True,False,False,True,False,0
0,0,1,1,1.5664369942783516,1,0,0.2067703461338202,1.287746184250212,False,True,False,False,False,True,False,True,False,True,False,True,False,False,False,False,False,True,False,False,True,0
1,0,1,1,0.874938674305539,1,1,1.3338651546548042,1.4690303375695637,False,True,True,False,False,False,False,True,False,False,False,True,False,True,False,True,True,False,False,True,False,0
0,0,1,1,-0.670763452692513,1,1,1.5900230656823005,-0.17973784106971938,False,True,True,False,False,True,False,False,False,True,False,True,False,True,False,True,False,False,False,True,False,0
0,0,0,0,-0.14197061977212685,1,0,-1.3119981715066253,-0.6980594860228804,False,True,False,True,True,False,True,False,True,False,True,False,True,False,True,False,False,False,False,True,False,0
0,0,0,1,-1.118203542086686,1,1,-0.45758759085362155,-0.8803534566167158,False,False,False,False,False,False,False,False,False,False,False,True,False,False,False,False,False,False,False,False,True,0
0,0,0,0,-1.2809090291391125,1,0,-1.4937876567519452,-0.9976459283029949,False,False,False,True,True,False,True,False,True,False,True,False,True,False,True,False,False,False,False,False,True,1
1,0,0,0,0.3461458413851527,1,1,1.1504230377254359,0.8466755607950893,False,False,True,False,False,False,False,True,False,False,False,True,False,True,False,True,False,True,True,False,False,0
0,0,1,0,1.4850842507521385,1,0,1.3388230497069489,2.172741262588348,False,True,True,False,False,False,False,False,False,True,False,True,False,True,False,True,False,True,False,False,False,0
0,0,1,1,-0.5894107091662998,1,0,-1.3136508031906735,-0.8181618840381589,False,True,False,True,True,False,True,False,True,False,True,False,True,False,True,False,False,True,False,False,True,0
0,0,0,0,0.427498584911366,1,1,-1.2938192229820933,-0.4845928952167079,False,True,False,True,True,False,True,False,True,False,True,False,True,False,True,False,False,True,True,False,False,0
0,1,0,0,1.5664369942783516,1,1,1.1504230377254359,2.045636001300016,False,True,True,False,False,False,False,True,False,False,False,False,False,True,False,True,False,False,True,False,False,0
0,0,0,0,0.5088513284375793,1,1,0.8083282791274244,0.7573286845526866,False,True,True,False,False,False,False,True,False,False,False,False,False,True,False,False,False,False,True,False,False,1
1,1,1,0,-1.2809090291391125,1,0,0.3125387739129155,-0.9736517917592735,False,True,True,False,False,False,False,False,False,False,False,False,False,False,False,False,False,False,False,True,False,0
1,0,1,1,-1.2809090291391125,0,0,-1.1450823714177405,-0.9930139403700351,True,False,False,False,False,False,False,True,False,False,False,False,False,False,False,False,False,False,False,True,False,1
0,0,1,0,0.9562914178317522,1,0,0.5108545759987191,0.9754492158412642,False,False,True,False,False,True,False,False,False,True,False,False,False,False,False,False,False,True,False,False,False,0
0,0,1,1,1.4850842507521385,1,1,-1.29712448635019,-0.2715653553994416,False,True,False,True,True,False,True,False,True,False,True,False,True,False,True,False,False,True,False,False,False,0
1,0,1,0,0.7122331872531124,1,1,0.9768967109003578,1.1516184251398587,False,True,True,False,False,True,False,True,False,False,False,False,False,False,False,True,False,False,True,False,False,0
0,1,0,0,-0.5894107091662998,1,1,1.2809809407652561,-0.2131935264243684,False,True,True,False,False,False,False,True,False,False,False,True,False,True,False,True,False,False,True,False,False,0
1,0,1,1,-0.792792567981833,1,0,0.6348019523023464,-0.5253807320860897,False,False,True,False,False,True,False,False,False,False,False,False,False,False,False,True,False,False,False,True,False,1
0,0,0,0,-0.9554980550342594,1,1,0.31088614222886723,-0.7254343151811791,False,False,True,False,False,True,False,False,False,False,False,False,False,False,False,False,False,False,True,False,False,1
0,0,1,1,0.1834403543327262,1,1,0.7918019622869408,0.4603985007554543,False,True,True,False,False,False,False,True,False,False,False,False,False,True,False,False,False,False,False,True,False,0
1,0,0,0,-0.18264699153523348,1,1,1.3503914714952878,0.30187914121088705,False,True,True,False,False,False,False,True,False,True,False,False,False,True,False,True,False,False,False,True,False,1
1,0,1,0,1.3630551354628184,1,1,0.041507177728983886,0.9380420715864599,False,True,False,False,False,True,False,True,False,True,False,False,False,False,False,False,False,True,True,False,False,0
1,0,0,0,-1.2809090291391125,1,0,-1.4822192349636067,-0.9974922604568779,False,False,False,True,True,False,True,False,True,False,True,False,True,False,True,False,False,False,False,False,True,0
1,0,1,0,0.3868222131482594,1,1,0.9768967109003578,0.7563408198276478,False,True,True,False,False,True,False,False,False,True,False,False,False,False,False,True,False,False,False,True,False,0
1,0,1,0,1.0783205331210721,1,0,1.616465172627074,1.8744500207255068,False,True,True,False,False,True,False,True,False,True,False,True,False,True,False,True,False,True,False,True,False,0
1,0,0,0,0.10208761080651294,1,1,1.0545704000506306,0.4879928554082061,False,True,True,False,False,True,False,True,False,True,False,True,False,False,False,False,False,False,False,False,True,0
1,0,0,0,0.4681749566744726,1,1,0.8446861761764887,0.7775908876907057,False,True,True,False,False,False,False,False,False,True,False,False,False,False,False,True,False,False,False,False,True,0
0,0,1,0,-0.46738159387697986,1,0,0.4744966789496553,-0.24124888461547161,False,False,True,False,False,False,False,False,False,True,False,True,False,False,False,False,True,False,False,True,False,0
1,0,1,0,0.9562914178317522,1,1,-1.3119981715066253,-0.42358676030819764,False,True,False,True,True,False,True,False,True,False,True,False,True,False,True,False,False,True,True,False,False,1
0,0,1,1,-0.42670522211387324,1,0,-1.4855244983317035,-0.8305211693758672,False,False,False,True,True,False,True,False,True,False,True,False,True,False,True,False,False,False,False,False,True,0
1,0,1,1,0.9156150460686455,1,0,-0.1782928362494481,0.37981069174172954,False,False,False,False,False,True,False,False,False,False,False,False,False,False,False,True,True,False,True,False,False,0
0,0,0,0,-1.2809090291391125,1,1,0.5653914215723153,-0.9702930516941416,False,False,True,False,False,False,False,False,False,False,False,False,False,False,False,True,False,False,False,True,False,1
0,1,1,0,1.4850842507521385,1,0,0.7422230117654899,1.6524219356356644,False,False,True,False,False,True,False,True,False,False,False,False,False,False,False,True,True,False,True,False,False,0
0,0,0,1,-0.5894107091662998,1,0,-1.3070402764544802,-0.8066587481288177,False,True,False,True,True,False,True,False,True,False,True,False,True,False,True,False,False,True,True,False,False,0
1,0,1,0,-0.7521161962187263,1,0,-0.4840296977983953,-0.7126140263051194,False,False,False,False,False,False,False,False,False,True,False,False,False,False,False,False,False,False,True,False,False,0
0,1,0,0,0.8342623025424323,1,1,1.0545704000506306,1.279667646054339,False,False,True,False,False,True,False,True,False,False,False,True,False,False,False,True,True,False,False,False,True,0
0,0,1,1,-1.0368507985604727,1,0,-1.4673455498071712,-0.9400863436573981,False,False,False,True,True,False,True,False,True,False,True,False,True,False,True,False,False,False,False,False,True,0
1,1,0,0,-0.10129424800902022,1,1,0.3274124590693509,-0.07930492735743638,False,False,False,False,False,True,False,True,False,False,False,False,False,True,False,True,False,False,False,True,False,0
1,0,0,1,-0.5894107091662998,1,1,-0.6344191810467965,-0.6782143813243221,False,False,False,False,False,False,False,False,False,False,False,False,False,False,False,False,False,False,True,False,False,0
0,0,1,1,0.02073486728029968,1,1,1.2842862041333531,0.5159164983026375,False,True,True,False,False,True,False,False,False,True,False,False,False,True,False,True,True,False,False,False,True,1
1,0,0,0,0.02073486728029968,1,1,-0.3369454779180911,-0.27516557350847204,False,True,False,False,False,False,False,True,False,False,False,False,False,False,False,False,False,False,False,False,False,0
1,0,0,0,0.7935859307793257,1,1,0.4926756274741872,0.8455559807733786,False,True,False,False,False,True,False,False,False,False,False,True,False,True,False,True,False,True,True,False,False,0
1,0,1,1,-1.0775271703235794,1,0,-1.3037350130863834,-0.9389667636356873,False,True,False,True,True,False,True,False,True,False,True,False,True,False,True,False,False,True,False,False,True,0
0,0,1,1,1.6071133660414583,1,0,0.9190546019586651,1.9498570280701388,False,True,False,False,False,True,False,True,False,True,False,True,False,True,False,True,False,True,False,False,False,0
0,0,1,0,0.427498584911366,1,1,0.4612756254772682,0.5129748566769663,False,False,False,False,False,True,False,False,False,True,False,True,False,True,False,True,False,True,False,True,False,0
0,1,1,0,-0.14197061977212685,1,1,1.1305914575168552,0.290178432356538,False,True,True,False,False,False,False,False,False,True,False,False,False,True,False,True,False,False,False,False,False,1
0,0,1,1,0.9156150460686455,1,1,0.6695072176673619,1.0137783671727716,False,True,True,False,False,True,False,True,False,False,False,False,False,False,False,False,False,False,False,True,False,0
0,0,0,0,-1.2402326573760059,1,1,-0.19316652140588347,-0.9561556098513634,False,False,False,False,False,False,False,True,False,False,False,False,False,True,False,False,False,False,False,True,False,0
0,0,1,1,1.525760622515245,1,0,-1.3483560685556895,-0.2314580475628644,False,True,False,True,True,False,True,False,True,False,True,False,True,False,True,False,False,True,False,False,True,0
0,0,0,0,-1.2809090291391125,0,1,-1.3119981715066253,-0.9952311478640111,True,False,False,False,False,False,False,False,False,False,False,False,False,False,False,False,False,False,False,False,True,0
1,1,1,0,1.4444078789890318,1,1,0.5125072076827674,1.4477144120581698,False,True,True,False,False,False,False,False,False,True,False,False,False,False,False,False,False,False,True,False,False,0
0,0,1,0,1.6071133660414583,1,0,-1.2690297477213677,-0.1657101619741677,False,True,False,True,True,False,True,False,True,False,True,False,True,False,True,False,False,True,True,False,False,0
0,0,0,0,-1.2809090291391125,0,0,-1.3086929081385286,-0.9951872427651205,True,False,False,False,False,False,False,False,False,False,False,False,False,False,False,False,False,False,False,False,False,0
1,0,1,1,-0.5894107091662998,0,0,-0.609629705786071,-0.6495882568476408,True,False,False,False,False,False,False,True,False,True,False,False,False,True,False,False,True,False,True,False,False,0
1,0,1,0,0.5088513284375793,1,1,0.6513282691428299,0.6243401400130123,False,True,True,False,False,True,False,False,False,True,False,False,False,False,False,False,False,False,False,False,True,0
1,0,1,1,-0.18264699153523348,1,0,0.6810756394557007,-0.0008904207387971896,False,False,True,False,False,False,False,False,False,True,False,False,False,True,False,False,False,False,False,True,False,0
0,1,0,0,-1.2809090291391125,1,1,0.3455914075938828,-0.9732127407703675,False,False,True,False,False,False,False,False,False,True,False,False,False,False,False,False,False,False,False,False,False,1
1,0,1,1,1.6071133660414583,1,1,1.4396335824338995,2.403945513346329,False,True,True,False,False,True,False,True,False,True,False,False,False,True,False,True,False,True,True,False,False,0
0,0,0,0,-0.8741453115080462,1,1,-0.19481915308993175,-0.7421402053090583,False,True,False,False,False,False,False,False,False,False,False,False,False,False,False,True,False,False,False,False,True,0
0,0,0,0,1.3630551354628184,1,1,0.7951072256550378,1.628076558300818,False,True,True,False,False,False,False,True,False,False,False,False,False,True,False,False,True,False,False,False,False,0
1,0,1,1,0.752909559016219,1,0,-1.502050815172187,-0.568210156053885,False,False,False,True,True,False,True,False,True,False,True,False,True,False,True,False,True,False,False,False,True,0
1,0,1,1,1.403731507225925,1,0,-1.273987642773513,-0.26476006507139616,False,True,False,True,True,False,True,False,True,False,True,False,True,False,True,False,False,True,False,False,True,0
0,0,0,0,-0.5894107091662998,1,1,0.16380192234856286,-0.469906639637797,False,False,True,False,False,False,False,False,False,False,False,False,False,False,False,False,False,False,False,True,False,0
0,1,0,0,-0.8741453115080462,1,1,-0.3055454759211721,-0.7512724658783063,False,True,False,False,False,True,False,False,False,False,False,False,False,False,False,False,False,False,False,True,False,0
0,0,1,0,1.525760622515245,1,0,-1.5003981834881386,-0.43397031619582827,False,False,False,True,True,False,True,False,True,False,True,False,True,False,True,False,False,True,False,False,False,0
1,0,1,1,0.5088513284375793,1,1,1.484254637903205,1.145361948547946,False,True,True,False,False,False,False,True,False,True,False,True,False,True,False,True,False,True,False,False,False,0
1,1,0,0,-1.2809090291391125,1,1,0.17206508076880467,-0.9755177584621247,False,False,True,False,False,False,False,False,False,False,False,False,False,False,False,False,False,False,False,True,False,0
1,0,0,0,-0.14197061977212685,1,1,0.9702861841641642,0.13859607843668809,False,False,True,False,False,False,False,False,False,False,False,True,False,True,False,True,False,False,False,True,False,0
1,0,1,0,1.6071133660414583,1,1,1.4396335824338995,2.3829808286260605,False,True,True,False,False,False,False,True,False,True,False,True,False,True,False,True,False,True,False,True,False,0
1,0,1,0,0.874938674305539,1,1,0.32080193233315735,0.8339869872157012,False,False,False,False,False,True,False,True,False,False,False,False,False,True,False,True,False,True,False,False,False,0
1,0,1,0,1.525760622515245,1,0,0.48110720568584886,1.4211957323282378,False,True,False,False,False,True,False,True,False,True,False,True,False,True,False,False,True,False,False,False,False,0
0,1,0,0,-1.2402326573760059,1,1,-0.6790402365161023,-0.9670660269256812,False,False,False,False,False,False,False,False,False,False,False,False,False,False,False,False,False,False,False,True,False,0
0,0,0,0,-0.18264699153523348,1,1,-0.163419151093013,-0.2797756088919867,False,False,False,False,False,True,False,True,False,False,False,True,False,False,False,False,True,False,False,True,False,0
0,0,0,0,-0.34535247858766,1,1,-0.513777068111266,-0.4648136481664856,False,False,False,False,False,False,False,False,False,True,False,False,False,False,False,False,False,False,True,False,False,0
1,1,1,1,0.3461458413851527,1,1,1.5569704320013331,0.98477904935552,False,True,True,False,False,False,False,True,False,True,False,True,False,True,False,True,True,False,False,True,False,1
0,0,0,1,-0.5487343374031931,1,1,0.3654229878024634,-0.40231473989569455,False,True,False,False,False,True,False,True,False,False,False,True,False,True,False,False,False,False,False,False,True,0
1,0,0,0,-1.2809090291391125,1,0,-1.4673455498071712,-0.9972946875118701,False,False,False,True,True,False,True,False,True,False,True,False,True,False,True,False,False,False,False,False,True,0
1,0,0,0,1.4850842507521385,1,0,-1.3516613319237858,-0.2541350311398673,False,True,False,True,True,False,True,False,True,False,True,False,True,False,True,False,False,True,False,False,False,0
1,0,1,0,-0.9554980550342594,1,1,0.7670124870262154,-0.6544617228244992,False,True,True,False,False,True,False,False,False,False,False,False,False,False,False,True,False,False,False,True,False,0
1,0,0,0,0.8342623025424323,0,0,-0.3286823194978493,0.3309662692259198,True,False,False,False,False,False,False,False,False,True,False,True,False,True,False,True,True,False,True,False,False,0
0,0,0,0,-0.5894107091662998,1,1,0.8314651227041017,-0.33568875232918555,False,True,True,False,False,False,False,True,False,False,False,False,False,True,False,False,False,False,True,False,False,1
0,0,0,1,-0.792792567981833,1,0,0.796759857339086,-0.4962057938732757,False,True,False,False,False,True,False,True,False,True,False,True,False,True,False,True,False,True,True,False,False,0
0,0,0,0,0.752909559016219,1,0,-1.460735023070978,-0.5581119833090435,False,False,False,True,True,False,True,False,True,False,True,False,True,False,True,False,False,True,False,False,False,0
1,0,1,1,-0.14197061977212685,1,0,0.35385456601412457,-0.10428692862619662,False,False,False,False,False,False,False,False,False,True,False,True,False,True,False,True,False,True,False,False,True,0
1,0,0,0,-0.792792567981833,1,1,-1.483871866647655,-0.8934371760861192,False,False,False,True,True,False,True,False,True,False,True,False,True,False,True,False,True,False,False,False,True,0
0,0,1,1,-0.5894107091662998,1,0,-1.5037034468562354,-0.8704967619157726,False,False,False,True,True,False,True,False,True,False,True,False,True,False,True,False,False,True,False,False,True,0
1,0,0,0,-1.1995562856128992,0,0,-1.1384718446815472,-0.9702052414963603,True,False,False,False,False,False,False,False,False,False,False,True,False,False,False,False,False,False,False,True,False,0
0,0,1,0,-0.5487343374031931,1,1,-0.16672441446110978,-0.5097724694304759,False,False,False,False,False,False,False,True,False,False,False,False,False,False,False,True,False,False,False,False,True,0
1,0,1,0,1.2410260201734986,1,0,0.500938785894429,1.2066315140498,False,True,False,False,False,True,False,True,False,True,False,True,False,False,False,True,True,False,True,False,False,0
0,0,1,1,-1.0368507985604727,1,0,-1.460735023070978,-0.9364861255483677,False,False,False,True,True,False,True,False,True,False,True,False,True,False,True,False,False,False,False,False,True,0
1,1,0,0,-0.9148216832711529,1,1,0.4761493106337036,-0.6578643679885219,False,False,True,False,False,False,False,False,False,False,False,False,False,False,False,True,False,False,False,True,False,1
0,0,1,1,0.3461458413851527,1,1,0.9735914475322608,0.7032156501700031,False,True,True,False,False,True,False,True,False,False,False,False,False,True,False,False,False,False,False,False,False,0
0,0,1,1,0.874938674305539,1,0,-0.16011388772491622,0.4311577048943043,False,True,False,False,False,True,False,False,False,False,False,True,False,False,False,False,False,True,False,False,False,0
1,0,0,0,-1.2402326573760059,1,1,0.2778335085479,-0.9487356481388493,False,True,True,False,False,False,False,False,False,False,False,False,False,False,False,False,False,False,True,False,False,1
1,0,1,0,0.14276398256961956,1,0,-1.4541244963347844,-0.6901346156731243,False,False,False,True,True,False,True,False,True,False,True,False,True,False,True,False,True,False,False,False,False,0
0,0,1,1,1.1596732766472853,1,0,1.6610862280963796,2.070661907667667,False,True,True,False,False,True,False,True,False,True,False,True,False,True,False,True,False,True,True,False,False,0
0,0,0,0,-1.2809090291391125,1,1,0.48937036410609064,-0.9713028689686257,False,False,True,False,False,False,False,False,False,False,False,False,False,True,False,False,False,False,False,True,False,1
0,0,0,0,-1.2809090291391125,1,0,-0.47246127601005694,-0.9840792527457948,False,False,False,False,False,False,False,True,False,False,False,False,False,False,False,False,False,False,False,True,False,1
1,1,0,0,-1.1995562856128992,1,1,0.4976335225263325,-0.8917248772293851,False,False,True,False,False,False,False,False,False,False,False,False,False,True,False,False,False,False,False,True,False,1
1,1,1,1,-0.14197061977212685,1,1,1.292549362553595,0.2954250916739667,False,True,True,False,False,False,False,False,False,True,False,False,False,True,False,True,False,False,False,True,False,0
0,0,1,0,0.1834403543327262,1,0,0.23982297981478745,0.16089986867312084,False,True,False,False,False,False,False,True,False,False,False,True,False,False,False,True,True,False,False,False,True,0
0,1,1,1,-0.06061787624591358,1,1,1.1256335624647105,0.2719358637674874,False,False,True,False,False,False,False,False,False,True,False,True,False,True,False,True,False,False,False,True,False,1
0,0,1,1,-0.7521161962187263,1,1,0.8612124930169723,-0.45350808520215213,False,True,True,False,False,False,False,True,False,False,False,False,False,False,False,True,False,False,False,False,False,1
1,0,0,0,-1.118203542086686,1,1,0.3654229878024634,-0.8492027889538241,False,True,True,False,False,False,False,False,False,False,False,False,False,False,False,False,False,False,False,False,False,1
1,0,0,1,0.9969677895948588,1,0,0.8165914375476663,1.194403944008764,False,True,False,False,False,True,False,True,False,True,False,True,False,True,False,True,False,True,False,False,True,0
1,0,0,0,-1.2402326573760059,1,1,-0.6228507592584579,-0.9691734716724308,False,False,False,False,False,False,False,False,False,False,False,False,False,False,False,False,False,False,True,False,False,1
0,0,0,0,-0.26399973506144675,1,1,1.0248230297377598,0.08053158515384913,False,False,True,False,False,True,False,False,False,True,False,True,False,False,False,True,True,False,False,False,False,0
0,1,0,0,1.3223787636997117,0,1,-0.37495600665120343,0.5382641936379609,True,False,False,False,False,False,False,True,False,True,False,False,False,True,False,True,False,True,False,False,False,0
0,0,0,0,-1.1588799138497925,1,1,-0.6228507592584579,-0.9212730087827694,False,False,False,False,False,False,False,False,False,False,False,False,False,False,False,False,False,False,False,False,True,1
0,0,0,0,-1.1995562856128992,1,0,0.692644061244039,-0.8867636010547456,False,False,True,False,False,False,False,False,False,False,False,True,False,False,False,True,False,False,False,True,False,1
1,0,0,1,0.10208761080651294,1,1,0.23982297981478745,0.08922479473419107,False,False,False,False,False,False,False,False,False,False,False,True,False,True,False,True,True,False,False,False,True,0
0,0,1,0,0.9969677895948588,1,1,-1.4954402884359934,-0.5082796960681949,False,False,False,True,True,False,True,False,True,False,True,False,True,False,True,False,False,True,False,False,False,0
1,1,0,0,-0.5080579656400865,1,0,0.21338087287001373,-0.3963436464465708,False,False,True,False,False,False,False,False,False,False,False,False,False,False,False,False,False,False,True,False,False,1
1,0,1,1,0.10208761080651294,1,0,-1.465692918123123,-0.6728799118091123,False,False,False,True,True,False,True,False,True,False,True,False,True,False,True,False,False,True,False,False,False,0
1,0,0,0,-0.5487343374031931,1,1,0.755444065237877,-0.24849322593242318,False,False,True,False,False,False,False,False,False,False,False,True,False,False,False,True,True,False,True,False,False,0
0,0,1,1,-0.8334689397449395,0,0,-1.0475771020588873,-0.8110053529189887,True,False,False,False,False,True,False,False,False,False,False,True,False,False,False,False,True,False,True,False,False,0
1,0,1,1,-0.3860288503507666,1,1,-1.4822192349636067,-0.8107638748750903,False,False,False,True,True,False,True,False,True,False,True,False,True,False,True,False,True,False,True,False,False,0
0,0,1,1,-0.6300870809294065,1,1,-0.31380863434141393,-0.6021268449468855,False,False,False,False,False,True,False,False,False,False,False,True,False,False,False,False,False,False,True,False,False,0
1,1,1,0,0.22411672609583283,0,1,-1.3219139616109155,-0.5866502975879435,True,False,False,False,False,False,False,False,False,False,False,False,False,False,False,False,False,False,False,True,False,0
1,1,1,0,0.3054694696220461,1,0,1.2231388318235634,0.7878207757322192,False,True,True,False,False,True,False,False,False,False,False,False,False,True,False,True,False,False,False,True,False,1
0,0,1,1,1.525760622515245,1,0,0.30592824717672196,1.286582699129611,False,False,False,False,False,True,False,True,False,True,False,True,False,False,False,True,True,False,True,False,False,0
0,0,0,0,-1.118203542086686,1,0,-0.47246127601005694,-0.8988155507002196,False,False,False,False,False,False,False,True,False,False,False,False,False,False,False,False,False,False,False,False,False,0
0,0,0,0,-0.06061787624591358,1,1,0.49598089084228375,0.04927115474373099,False,True,True,False,False,False,False,False,False,False,False,True,False,False,False,False,False,False,True,False,False,1
0,0,1,1,0.26479309785893945,1,0,-1.4904823933838485,-0.6734945831935809,False,False,False,True,True,False,True,False,True,False,True,False,True,False,True,False,False,True,False,False,True,0
0,1,0,0,0.7935859307793257,1,0,1.429717792329609,1.5574771592847085,False,True,True,False,False,True,False,True,False,True,False,False,False,True,False,True,False,False,True,False,False,0
0,0,1,1,-0.670763452692513,0,1,-0.9699034129086141,-0.7636097986665692,True,False,False,False,False,False,False,False,False,False,False,False,False,False,False,True,False,False,True,False,False,0
0,0,1,1,-0.26399973506144675,1,0,0.5653914215723153,-0.09741578064981526,False,False,True,False,False,True,False,True,False,False,False,False,False,False,False,False,False,False,False,True,False,0
1,0,0,0,0.1834403543327262,0,0,-0.959987622804324,-0.42808703294448575,True,False,False,False,False,False,False,False,False,False,False,False,False,True,False,False,False,True,True,False,False,0
1,0,0,0,-0.34535247858766,1,1,0.8496440712286335,-0.004117445507257387,False,True,True,False,False,False,False,True,False,False,False,False,False,True,False,False,False,False,True,False,False,1
0,0,1,1,1.2410260201734986,1,1,1.1801704080383062,1.722582283662868,False,True,True,False,False,True,False,True,False,True,False,False,False,True,False,False,False,False,False,True,False,1
1,0,1,1,0.7122331872531124,0,1,-0.8393455098687933,-0.11879756380954512,True,False,False,False,False,True,False,False,False,False,False,False,False,True,False,False,False,False,True,False,False,0
0,0,1,0,1.403731507225925,1,1,-1.3086929081385286,-0.24533205881229883,False,True,False,True,True,False,True,False,True,False,True,False,True,False,True,False,False,True,True,False,False,0
0,0,1,1,1.0376441613579654,0,1,-0.30885073928926887,0.3841572965319005,True,False,False,False,False,False,False,False,False,True,False,True,False,True,False,True,False,True,True,False,False,0
1,0,0,0,0.9969677895948588,1,0,-1.4574297597028811,-0.5150630338467951,False,False,False,True,True,False,True,False,True,False,True,False,True,False,True,False,False,True,False,False,True,0
1,1,0,0,-0.5487343374031931,1,1,1.0264756614218087,-0.22568452705874842,False,False,True,False,False,False,False,False,False,True,False,False,False,True,False,True,False,False,True,False,False,1
1,0,1,0,1.0376441613579654,1,0,-1.4574297597028811,-0.4855807599417467,False,False,False,True,True,False,True,False,True,False,True,False,True,False,True,False,False,True,False,False,True,0
0,0,0,0,1.525760622515245,1,0,0.4877177324220419,1.4477802697065054,False,False,False,False,False,True,False,False,False,True,False,True,False,True,False,True,False,True,False,False,False,0
0,0,1,1,-1.2809090291391125,1,1,-0.632766549362748,-0.9862086500419898,False,False,False,False,False,False,False,False,False,False,False,False,False,False,False,False,False,False,False,True,False,1
0,0,0,0,-1.0368507985604727,1,1,0.32410719570125435,-0.7774838099160037,False,True,False,False,False,False,False,False,False,False,False,True,False,True,False,True,False,False,False,True,False,1
1,0,0,0,-1.2809090291391125,1,1,0.4761493106337036,-0.9714784893641881,False,False,True,False,False,False,False,False,False,False,False,False,False,False,False,True,False,False,False,True,False,1
1,1,1,0,1.525760622515245,1,1,1.2594967288726278,2.1116473174820567,False,True,True,False,False,False,False,True,False,True,False,False,False,True,False,True,False,False,False,True,False,1
1,1,0,0,-1.2809090291391125,1,0,0.3257598273853026,-0.9734761713637112,False,False,True,False,False,False,False,False,False,False,False,True,False,False,False,False,False,False,False,True,False,0
1,1,1,0,0.9969677895948588,1,1,0.8529493345967305,1.2767040518792225,False,False,True,False,False,False,False,True,False,True,False,False,False,True,False,False,True,False,False,True,False,0
1,1,1,0,1.6071133660414583,1,1,1.6412546478877996,2.6518776067816354,False,True,True,False,False,True,False,True,False,True,False,True,False,True,False,True,False,True,False,False,True,0
1,0,1,0,0.26479309785893945,1,1,-1.4673455498071712,-0.6594229989991387,False,False,False,True,True,False,True,False,True,False,True,False,True,False,True,False,False,True,False,False,False,0
0,0,0,0,-1.2809090291391125,1,1,0.5075493126306225,-0.9710613909247274,False,True,True,False,False,False,False,True,False,False,False,False,False,False,False,False,False,False,False,False,True,1
0,1,0,0,-1.118203542086686,1,0,0.5240756294711062,-0.8417169695929742,False,False,True,False,False,True,False,True,False,False,False,False,False,False,False,False,False,False,False,True,False,0
1,0,0,0,1.3630551354628184,1,0,1.1454651426732907,1.9399783808197504,False,False,True,False,False,False,False,True,False,True,False,False,False,True,False,True,False,False,False,True,False,1
1,0,0,0,-0.5894107091662998,1,0,0.15388613224427275,-0.47967552414095893,False,True,False,False,False,True,False,False,False,True,False,False,False,True,False,False,False,False,False,False,True,0
0,0,0,1,-0.9554980550342594,1,1,0.2662650867595616,-0.7202754660615317,False,False,False,False,False,False,False,False,False,True,False,True,False,True,False,True,False,False,False,False,True,1
0,0,1,1,1.4444078789890318,1,1,0.8000651207071826,1.709608326940691,False,True,False,False,False,True,False,True,False,True,False,True,False,True,False,True,False,True,False,False,False,0
0,0,0,0,0.5902040719637925,1,1,-1.4640402864390747,-0.5910627600264504,False,False,False,True,True,False,True,False,True,False,True,False,True,False,True,False,False,True,False,False,True,0
1,0,1,1,-0.9961744267973661,1,0,-1.4921350250678969,-0.9490868889299743,False,False,False,True,True,False,True,False,True,False,True,False,True,False,True,False,False,True,False,False,True,0
1,0,1,1,1.5664369942783516,1,1,1.3603072615995777,2.3848248427794663,False,True,True,False,False,False,False,True,False,True,False,False,False,True,False,True,False,True,False,False,False,1
1,0,0,0,0.3054694696220461,1,1,0.8182440692317146,0.5252024267180027,False,False,True,False,False,False,False,True,False,False,False,True,False,False,False,True,True,False,True,False,False,0
0,0,1,0,-0.792792567981833,1,0,0.9669809207960672,-0.4725628981206793,False,True,True,False,False,False,False,True,False,True,False,False,False,True,False,False,False,False,False,True,False,1
0,0,1,1,1.403731507225925,1,1,1.3487388398112394,1.9432273581376558,False,True,True,False,False,False,False,False,False,True,False,True,False,True,False,True,False,True,False,False,False,0
1,0,1,1,0.22411672609583283,1,0,0.5339914195753963,0.34815511544159583,False,False,False,False,False,True,False,False,False,True,False,True,False,True,False,True,False,True,True,False,False,0
1,0,1,1,1.525760622515245,1,0,-1.470650813175268,-0.3660930333109368,False,False,False,True,True,False,True,False,True,False,True,False,True,False,True,False,False,True,True,False,False,0
0,0,0,0,-1.1995562856128992,1,0,-0.31380863434141393,-0.9337420568677043,False,False,False,False,False,True,False,True,False,False,False,False,False,False,False,False,False,False,False,True,False,1
1,0,0,0,-1.2402326573760059,0,1,-1.320261329926867,-0.9844524460863652,True,False,False,False,False,False,False,False,False,False,False,False,False,False,False,False,False,False,True,False,False,0
1,0,0,0,-0.9554980550342594,1,1,0.682728271139749,-0.6586766123179982,False,True,True,False,False,False,False,False,False,False,False,False,False,True,False,False,False,False,False,True,False,0
1,1,1,1,0.5495277002006859,1,1,1.1851283030904514,0.9875450705856288,False,True,True,False,False,True,False,True,False,True,False,False,False,True,False,False,False,False,False,True,False,1
1,0,1,0,0.6308804437268991,1,1,-1.4805666032795584,-0.5514164557282246,False,False,False,True,True,False,True,False,True,False,True,False,True,False,True,False,False,True,False,False,True,0
1,0,0,0,-1.2402326573760059,1,0,-1.5037034468562354,-0.9859232668992007,False,False,False,True,True,False,True,False,True,False,True,False,True,False,True,False,False,False,False,False,True,0
1,0,0,0,0.3461458413851527,0,1,-0.446019169065283,-0.09519857315583931,True,False,False,False,False,False,False,False,False,True,False,False,False,True,False,True,True,False,False,True,False,0
0,0,0,0,-1.1588799138497925,1,0,-1.4772613399114616,-0.9691734716724308,False,False,False,True,True,False,True,False,True,False,True,False,True,False,True,False,False,False,False,False,True,0
1,0,0,1,-0.2233233632983401,1,0,-1.4805666032795584,-0.7635219884687879,False,False,False,True,True,False,True,False,True,False,True,False,True,False,True,False,True,False,True,False,False,0
0,0,1,0,-1.1995562856128992,1,1,0.34063351254173796,-0.9111089783895919,False,True,True,False,False,False,False,False,False,False,False,False,False,False,False,False,False,False,True,False,False,1
0,0,0,0,0.06141123904340631,1,1,1.3305598912867072,0.5895892542410903,False,False,True,False,False,False,False,True,False,True,False,True,False,True,False,True,False,False,False,True,False,0
0,1,0,0,-0.26399973506144675,1,1,0.039854546044935615,-0.28078542616647084,False,True,False,False,False,False,False,False,False,False,False,True,False,False,False,True,False,False,False,True,False,0
0,0,0,0,-1.0775271703235794,1,1,0.8232019642838598,-0.7636317512160145,False,True,True,False,False,False,False,True,False,False,False,False,False,True,False,False,False,False,False,True,False,0
1,0,0,0,0.874938674305539,1,0,0.8248545959679081,1.0427776849900232,False,False,True,False,False,True,False,False,False,True,False,False,False,True,False,False,False,False,False,False,True,0
1,0,1,1,-0.9554980550342594,1,1,0.84303354449244,-0.6691260258539646,False,True,True,False,False,False,False,False,False,True,False,False,False,True,False,False,True,False,False,True,False,0
0,0,0,0,0.10208761080651294,0,1,-1.037661311954597,-0.4900151749296989,True,False,False,False,False,False,False,False,False,True,False,True,False,False,False,False,False,False,False,False,True,0
1,0,0,0,0.752909559016219,1,1,0.7438756434495382,0.9576017931422292,False,True,True,False,False,False,False,True,False,True,False,True,False,False,False,False,False,False,False,True,False,0
0,0,1,0,1.2817023919366053,0,0,-0.5617033869486684,0.37563970734712104,True,False,False,False,False,True,False,False,False,True,False,True,False,False,False,True,False,True,False,True,False,1
1,0,1,1,1.6071133660414583,1,1,0.8579072296488753,1.8527389493240976,False,True,True,False,False,False,False,False,False,True,False,False,False,False,False,True,False,True,True,False,False,0
0,0,1,0,-1.2809090291391125,1,1,0.13570718371974086,-0.9760007145499217,False,False,True,False,False,False,False,False,False,False,False,False,False,False,False,False,False,False,False,True,False,1
1,0,0,0,-0.8334689397449395,1,1,0.8165914375476663,-0.5576729323201374,False,True,True,False,False,False,False,False,False,True,False,False,False,True,False,False,False,False,False,True,False,0
1,0,0,0,-0.34535247858766,1,1,0.8165914375476663,-0.04600290984890459,False,False,True,False,False,False,False,True,False,True,False,False,False,False,False,True,False,False,False,True,False,0
1,0,1,1,1.6071133660414583,1,0,-0.013029667844611811,1.0660473874020493,False,True,False,False,False,True,False,True,False,True,False,False,False,False,False,False,False,True,True,False,False,0
1,0,1,0,1.6071133660414583,1,0,0.46292825716131647,1.5240434264795044,False,True,False,False,False,True,False,True,False,True,False,True,False,False,False,True,False,True,False,False,False,0
1,0,1,0,-1.118203542086686,1,0,-1.5037034468562354,-0.95093090308338,False,False,False,True,True,False,True,False,True,False,True,False,True,False,True,False,False,False,False,False,True,1
1,0,0,0,-1.0368507985604727,1,1,0.15553876392832103,-0.7773740471687772,False,False,True,False,False,False,False,False,False,False,False,False,False,False,False,False,False,False,False,True,False,0
1,0,0,0,-1.2809090291391125,1,1,-0.664166551359667,-0.9866257484814505,False,False,False,False,False,False,False,False,False,False,False,False,False,False,False,False,False,False,False,True,False,0
1,0,1,1,-0.792792567981833,1,0,1.0628335584708724,-0.42038168808918275,False,False,True,False,False,False,False,False,False,True,False,False,False,True,False,True,False,False,False,True,False,0
1,0,0,0,-0.9961744267973661,1,1,0.06133875793756453,-0.7520627576583373,False,False,False,False,False,True,False,False,False,True,False,False,False,False,False,True,False,False,False,True,False,0
1,0,0,0,0.26479309785893945,1,0,-1.4855244983317035,-0.6589180903618966,False,False,False,True,True,False,True,False,True,False,True,False,True,False,True,False,True,False,False,False,True,0
0,1,0,0,0.5495277002006859,1,1,1.4925177963234468,1.1340124804847223,False,True,True,False,False,True,False,True,False,True,False,False,False,True,False,True,True,False,False,True,False,1
0,0,1,1,0.5088513284375793,1,1,0.5339914195753963,0.5451572941637873,False,False,False,False,False,True,False,False,False,True,False,True,False,True,False,True,False,True,False,False,True,0
1,0,1,1,-0.34535247858766,1,1,0.6595914275630718,-0.13234228681729995,False,True,False,False,False,True,False,False,False,True,False,True,False,True,False,True,True,False,False,False,True,0
1,0,0,0,-1.2809090291391125,1,1,0.17206508076880467,-0.9755177584621247,False,False,True,False,False,False,False,False,False,False,False,False,False,False,False,False,False,False,False,True,False,1
1,0,0,0,-0.7114398244556197,1,1,-0.20638757487827034,-0.5936970659598874,False,True,False,False,False,False,False,True,False,False,False,True,False,False,False,False,False,False,True,False,False,1
0,0,1,1,0.6715568154900058,1,0,0.4778019423177518,0.7071012514218225,False,True,False,False,False,False,False,True,False,False,False,True,False,True,False,True,False,True,False,False,False,0
0,0,0,0,1.5664369942783516,1,1,1.3850967368603033,2.1914448347157505,False,True,True,False,False,True,False,True,False,True,False,False,False,True,False,True,False,True,True,False,False,0
1,0,1,1,-0.30467610682455337,1,1,0.35220193433007635,-0.17161539777495552,False,False,True,False,False,False,False,True,False,False,False,False,False,False,False,False,False,False,False,True,False,0
0,0,1,1,0.7122331872531124,1,0,-1.4772613399114616,-0.5975607146622615,False,False,False,True,True,False,True,False,True,False,True,False,True,False,True,False,False,True,False,False,False,0
0,0,1,1,-0.5894107091662998,1,1,-0.34520863633833293,-0.5860575787529203,False,False,False,False,False,False,False,False,False,True,False,True,False,False,False,False,True,False,True,False,False,0
0,0,1,0,0.5902040719637925,1,1,0.039854546044935615,0.32029733019550016,False,False,False,False,False,True,False,False,False,True,False,False,False,True,False,False,True,False,True,False,False,0
1,0,1,0,-0.9554980550342594,0,0,-0.7996823494516327,-0.8618474574343213,True,False,False,False,False,False,False,False,False,False,False,True,False,True,False,False,False,False,False,False,True,1
1,0,0,0,-0.792792567981833,1,0,-1.4904823933838485,-0.8895954799331903,False,False,False,True,True,False,True,False,True,False,True,False,True,False,True,False,False,True,False,False,True,0
0,0,0,0,0.5902040719637925,1,0,0.3174966689650608,0.5349274061222741,False,False,False,False,False,False,False,False,False,True,False,True,False,True,False,True,False,True,False,False,True,0
1,0,0,0,-0.30467610682455337,1,0,-1.4855244983317035,-0.7820060351017372,False,False,False,True,True,False,True,False,True,False,True,False,True,False,True,False,True,False,True,False,False,0
0,0,1,1,1.5664369942783516,1,0,0.8281598593360051,1.7784954271000666,False,True,False,False,False,True,False,True,False,True,False,True,False,True,False,True,False,True,False,False,False,0
0,1,1,0,-1.2809090291391125,1,0,-0.6228507592584579,-0.9860769347453178,False,False,False,False,False,False,False,False,False,False,False,False,False,False,False,False,False,False,False,True,False,1
0,0,1,1,1.4444078789890318,1,0,1.5503599052651396,2.291570412735799,False,True,True,False,False,True,False,False,False,True,False,True,False,True,False,True,False,True,True,False,False,0
1,0,0,0,-1.118203542086686,1,1,0.5042440492625255,-0.831289508606453,False,False,True,False,False,False,False,False,False,False,False,False,False,True,False,False,False,False,False,False,True,0
0,0,1,1,0.5088513284375793,1,1,-1.328524488347109,-0.5062820140686719,False,True,False,True,True,False,True,False,True,False,True,False,True,False,True,False,False,True,False,False,False,0
0,1,1,0,-1.2402326573760059,1,0,0.4744966789496553,-0.9303833168025721,False,True,True,False,False,False,False,False,False,True,False,False,False,False,False,False,False,False,False,True,False,1
1,0,0,0,-1.2809090291391125,1,0,-1.497092920120042,-0.9976898334018856,False,False,False,True,True,False,True,False,True,False,True,False,True,False,True,False,False,False,False,False,True,0
0,0,1,1,1.403731507225925,1,1,-1.5070087102243321,-0.4035001775657411,False,False,False,True,True,False,True,False,True,False,True,False,True,False,True,False,False,True,False,False,False,0
0,0,0,0,-0.2233233632983401,1,1,0.9818546059525025,0.18996504413870818,False,True,True,False,False,False,False,False,False,False,False,False,False,True,False,True,False,False,False,False,True,1
0,0,1,1,0.02073486728029968,1,1,-0.2113454699304154,-0.14775297652790595,False,False,False,False,False,True,False,True,False,True,False,False,False,False,False,False,True,False,False,False,True,0
0,0,0,0,0.10208761080651294,1,0,-1.4574297597028811,-0.6987400150556848,False,False,False,True,True,False,True,False,True,False,True,False,True,False,True,False,True,False,False,False,True,0
1,0,0,0,1.0783205331210721,1,0,-0.35347179475857476,0.3618754588449132,False,True,False,False,False,False,False,False,False,True,False,False,False,False,False,False,False,True,True,False,False,0
1,1,1,0,0.1834403543327262,1,1,0.24478087486693273,0.12448058914335518,False,False,True,False,False,False,False,False,False,False,False,False,False,False,False,False,False,False,False,False,False,0
1,0,0,0,-0.5080579656400865,1,0,-1.502050815172187,-0.8238914994433842,False,False,False,True,True,False,True,False,True,False,True,False,True,False,True,False,False,False,False,False,True,0
1,0,1,0,-0.6300870809294065,1,0,0.8380756494402951,-0.367827284717116,False,True,True,False,False,True,False,True,False,True,False,False,False,False,False,False,False,False,True,False,False,1
1,0,1,0,0.3054694696220461,1,1,1.2049598832990316,0.7995873422349042,False,True,True,False,False,False,False,True,False,False,False,False,False,True,False,True,False,False,False,True,False,1
0,1,1,1,0.5902040719637925,1,0,0.18859139760928828,0.4466562048026916,False,False,True,False,False,False,False,False,False,False,False,False,False,False,False,False,False,False,False,False,False,1
0,0,1,1,-0.26399973506144675,1,1,0.8579072296488753,0.030677345363555375,False,False,True,False,False,False,False,False,False,False,False,False,False,True,False,True,False,False,False,True,False,1
0,0,1,1,1.2817023919366053,1,0,-1.4756087082274132,-0.44527587916016176,False,False,False,True,True,False,True,False,True,False,True,False,True,False,True,False,False,True,False,False,True,0
1,0,0,0,-0.9148216832711529,1,0,0.33732824917364096,-0.6610474876580915,False,True,True,False,False,False,False,False,False,False,False,False,False,False,False,False,False,False,False,True,False,0
1,0,0,1,-1.2809090291391125,1,0,-1.497092920120042,-0.9976898334018856,False,False,False,True,True,False,True,False,True,False,True,False,True,False,True,False,False,False,False,False,True,0
0,0,0,0,0.22411672609583283,1,1,0.6414124790385398,0.42700867304914114,False,False,True,False,False,False,False,True,False,True,False,True,False,False,False,False,False,False,True,False,False,1
0,0,0,0,0.5088513284375793,1,0,0.5554756314680251,0.5825205333197011,False,False,False,False,False,True,False,False,False,True,False,True,False,True,False,True,False,True,False,False,False,0
0,0,0,0,-1.0368507985604727,1,1,0.2976650887564802,-0.7818084621567293,False,True,True,False,False,False,False,False,False,False,False,False,False,False,False,False,False,False,False,True,False,1
1,0,1,1,-0.7114398244556197,1,1,-1.4987455518040902,-0.9010108056447503,False,False,False,True,True,False,True,False,True,False,True,False,True,False,True,False,True,False,False,False,True,0
0,0,1,1,1.6071133660414583,0,1,-0.03451387973724072,1.0503732670980996,True,False,False,False,False,True,False,True,False,True,False,True,False,True,False,True,False,True,False,False,False,0
0,0,0,0,-0.6300870809294065,1,0,-1.4921350250678969,-0.8568422761607912,False,False,False,True,True,False,True,False,True,False,True,False,True,False,True,False,False,False,True,False,False,0
0,0,1,1,1.403731507225925,1,0,-0.47246127601005694,0.5004399509436955,False,False,False,False,False,False,False,True,False,False,False,False,False,False,False,False,True,False,True,False,False,0
1,0,1,1,1.2410260201734986,1,0,0.35881246106626985,1.0470364795824127,False,True,False,False,False,True,False,False,False,True,False,True,False,False,False,True,False,True,False,False,True,0
1,1,0,0,0.752909559016219,1,1,1.0892756654156461,1.150915943557609,False,True,True,False,False,False,False,False,False,True,False,False,False,True,False,True,False,False,False,True,False,1
0,0,1,1,0.3868222131482594,1,1,0.9702861841641642,0.8317258746228346,False,True,True,False,False,False,False,False,False,False,False,False,False,True,False,True,False,False,False,True,False,1
0,0,0,0,-0.792792567981833,1,0,-1.4937876567519452,-0.8987935981507743,False,False,False,True,True,False,True,False,True,False,True,False,True,False,True,False,True,False,False,True,False,0
1,0,0,1,-0.6300870809294065,1,1,-0.4807244344302987,-0.6344849028292692,False,False,False,False,False,True,False,False,False,False,False,False,False,False,False,False,False,False,False,False,True,0
0,0,1,0,1.3223787636997117,1,0,-1.5037034468562354,-0.42674792742832196,False,False,False,True,True,False,True,False,True,False,True,False,True,False,True,False,False,True,False,False,False,0
1,0,1,1,1.4444078789890318,1,0,-1.3037350130863834,-0.29492286800924905,False,True,False,True,True,False,True,False,True,False,True,False,True,False,True,False,False,True,False,False,False,0
1,0,0,1,0.1834403543327262,1,0,-0.11218756888751359,0.004575764073084357,False,False,False,False,False,True,False,True,False,False,False,True,False,False,False,False,False,True,True,False,False,0
1,0,0,0,0.874938674305539,1,0,-1.4937876567519452,-0.5634025477253627,False,False,False,True,True,False,True,False,True,False,True,False,True,False,True,False,False,True,True,False,False,0
1,0,0,0,-1.2809090291391125,0,1,-0.978166571328856,-0.990796732876059,True,False,False,False,False,False,False,False,False,False,False,False,False,False,False,True,False,False,False,False,False,1
0,0,1,1,0.8342623025424323,1,1,-1.4871771300157517,-0.5499017298164984,False,False,False,True,True,False,True,False,True,False,True,False,True,False,True,False,True,False,False,False,False,0
0,0,0,0,-1.2402326573760059,1,0,-1.47891397159551,-0.9887990508765359,False,False,False,True,True,False,True,False,True,False,True,False,True,False,True,False,False,False,False,False,True,0
0,0,0,0,-1.118203542086686,0,0,-0.837692878184745,-0.9137432843230289,True,False,False,False,False,False,False,False,False,True,False,False,False,False,False,True,False,False,False,True,False,1
1,0,0,1,-1.1995562856128992,1,0,0.19354929266143356,-0.9072014245883271,False,False,False,False,False,False,False,False,False,False,False,True,False,True,False,True,False,False,False,False,True,0
1,0,1,1,-0.9961744267973661,1,1,-0.7071349751449243,-0.8545811635679245,False,False,False,False,False,False,False,False,False,False,False,False,False,False,False,False,True,False,False,False,True,0
0,0,0,0,-0.42670522211387324,0,1,-0.4790718027462502,-0.5238221010754729,True,False,False,False,False,False,False,True,False,False,False,False,False,True,False,True,False,False,False,True,False,0
0,0,0,0,-0.8334689397449395,1,1,0.6711598493514106,-0.5764204095464301,False,False,True,False,False,True,False,False,False,False,False,False,False,True,False,False,True,False,True,False,False,0
1,1,0,0,-1.2809090291391125,1,1,0.3257598273853026,-0.9734761713637112,False,True,True,False,False,False,False,False,False,False,False,False,False,False,False,False,False,False,False,True,False,1
0,0,0,0,-0.7114398244556197,1,0,-1.4954402884359934,-0.8606839723137201,False,False,False,True,True,False,True,False,True,False,True,False,True,False,True,False,False,True,False,False,True,0
1,0,1,1,-0.8334689397449395,1,1,-1.5086613419083803,-0.90134009388643,False,False,False,True,True,False,True,False,True,False,True,False,True,False,True,False,False,False,False,True,False,0
1,0,0,0,-1.1588799138497925,1,0,0.02332822920445199,-0.9021303856664611,False,True,False,False,False,False,False,False,False,False,False,True,False,False,False,True,False,False,False,False,True,0
0,0,0,0,-0.9554980550342594,1,1,0.6761177444035554,-0.6631988375037315,False,False,True,False,False,False,False,False,False,True,False,False,False,False,False,True,False,False,True,False,False,0
0,0,1,1,-0.7521161962187263,1,1,-1.4987455518040902,-0.8868514112525269,False,False,False,True,True,False,True,False,True,False,True,False,True,False,True,False,True,False,False,False,True,0
0,1,1,1,-0.3860288503507666,1,1,0.7802335404986025,-0.0708531958209929,False,False,True,False,False,False,False,True,False,True,False,False,False,False,False,True,False,False,False,False,False,0
0,0,1,1,-1.0368507985604727,1,0,0.1522335005602245,-0.7968240059773198,False,False,False,False,False,True,False,True,False,True,False,False,False,True,False,False,True,False,False,True,False,0
1,0,1,1,0.26479309785893945,1,1,-1.3566192269759312,-0.6094589964616183,False,True,False,True,True,False,True,False,True,False,True,False,True,False,True,False,False,True,False,False,True,0
1,0,1,1,-0.3860288503507666,1,0,-1.4524718646507362,-0.8069441312716067,False,False,False,True,True,False,True,False,True,False,True,False,True,False,True,False,False,True,False,False,True,0
0,0,1,1,-1.118203542086686,1,1,1.1338967208849522,-0.8020926178441937,False,False,True,False,False,False,False,True,False,False,False,True,False,True,False,True,False,False,False,False,True,1
1,0,0,0,-0.2233233632983401,1,0,-1.470650813175268,-0.7728737745324892,False,False,False,True,True,False,True,False,True,False,True,False,True,False,True,False,False,True,True,False,False,0
1,0,0,1,0.9562914178317522,1,1,-1.3235665932949638,-0.38097686183485535,False,True,False,True,True,False,True,False,True,False,True,False,True,False,True,False,False,True,False,False,True,0
1,0,1,1,-0.5487343374031931,1,0,-0.48733496116649205,-0.6065393073853923,False,True,False,False,False,False,False,False,False,False,False,False,False,False,False,False,False,False,True,False,False,0
0,0,1,1,0.752909559016219,1,1,0.16214929066451458,0.5578458677431752,False,False,False,False,False,True,False,True,False,False,False,True,False,False,False,True,True,False,True,False,False,0
0,0,1,1,1.525760622515245,1,1,0.7984124890231343,1.756762403149212,False,True,False,False,False,True,False,True,False,True,False,True,False,True,False,True,False,True,False,False,False,0
1,0,1,1,-1.2809090291391125,1,0,-1.4921350250678969,-0.9976239757535498,False,False,False,True,True,False,True,False,True,False,True,False,True,False,True,False,False,False,False,False,True,0
1,0,0,0,0.7122331872531124,1,1,0.947149340587487,1.0781212895969685,False,False,True,False,False,True,False,True,False,False,False,True,False,False,False,True,False,False,True,False,False,0
0,0,1,0,1.0376441613579654,1,1,1.2314019902438054,1.577717409873282,False,True,True,False,False,False,False,False,False,True,False,True,False,True,False,True,False,False,True,False,False,1
1,0,1,1,1.6071133660414583,1,0,-1.502050815172187,-0.4077370196086855,False,False,False,True,True,False,True,False,True,False,True,False,True,False,True,False,False,True,True,False,False,0
0,1,1,0,1.3223787636997117,1,1,1.3553493665474325,1.9465641456533427,False,False,True,False,False,False,False,True,False,True,False,True,False,True,False,True,False,True,True,False,False,0
1,1,0,0,0.752909559016219,1,0,-1.3169560665587703,-0.45276169852101167,False,True,False,True,True,False,True,False,True,False,True,False,True,False,True,False,True,False,False,False,False,0
0,0,0,0,-1.0368507985604727,1,1,-0.3699981115990584,-0.8287430128707973,False,True,False,False,False,True,False,False,False,False,False,False,False,False,False,False,False,False,False,True,False,0
0,0,1,1,0.9156150460686455,1,0,-1.502050815172187,-0.5307810592496354,False,False,False,True,True,False,True,False,True,False,True,False,True,False,True,False,False,True,True,False,False,0
1,0,1,0,0.1834403543327262,1,1,-0.32372442444570426,-0.11467048451382722,False,True,False,False,False,True,False,False,False,False,False,False,False,False,False,False,False,False,False,False,True,0
0,0,1,1,-1.0775271703235794,1,0,-1.5152718686445739,-0.9599534009054016,False,False,False,True,True,False,True,False,True,False,True,False,True,False,True,False,True,False,True,False,False,0
0,0,0,0,-1.118203542086686,1,1,0.6331493206182981,-0.8197863726971117,False,True,True,False,False,False,False,False,False,False,False,False,False,True,False,False,False,False,False,True,False,0
0,1,0,0,-1.2402326573760059,1,1,0.18198087087309475,-0.9452232402276001,False,False,True,False,False,False,False,False,False,False,False,False,False,False,False,False,False,False,False,True,False,1
0,1,0,0,0.9969677895948588,1,0,1.2049598832990316,1.531265815247011,False,True,True,False,False,True,False,False,False,True,False,True,False,False,False,True,False,True,True,False,False,0
1,0,0,0,-0.06061787624591358,1,0,-1.4689981814912199,-0.7388473228922622,False,False,False,True,True,False,True,False,True,False,True,False,True,False,True,False,False,True,False,False,False,0
0,0,1,0,0.9156150460686455,1,1,1.282633572449305,1.486065515939122,False,True,True,False,False,False,False,True,False,True,False,False,False,True,False,True,False,False,True,False,False,0
1,0,1,1,-1.0368507985604727,1,1,-1.4739560765433648,-0.9295710724730958,False,False,False,True,True,False,True,False,True,False,True,False,True,False,True,False,False,False,False,False,False,0
0,0,1,0,-1.2402326573760059,1,1,-0.669124446411812,-0.9709077230786101,False,False,False,False,False,False,False,False,False,False,False,False,False,False,False,False,False,False,True,False,False,1
1,0,1,0,1.525760622515245,1,1,0.9967282911089379,1.892736494413448,False,True,True,False,False,False,False,True,False,True,False,False,False,True,False,False,True,False,False,False,False,0
1,1,1,0,-0.5080579656400865,1,1,0.9818546059525025,-0.17223006915942407,False,True,True,False,False,False,False,False,False,False,False,False,False,True,False,True,False,False,False,True,False,1
0,0,1,1,-0.6300870809294065,1,0,-1.3467034368716408,-0.826306279882368,False,True,False,True,True,False,True,False,True,False,True,False,True,False,True,False,False,False,False,False,True,1
1,0,0,0,-1.0775271703235794,1,1,0.66124405924712,-0.776430087542629,False,False,True,False,False,False,False,True,False,False,False,False,False,True,False,False,False,False,False,True,False,1
1,0,1,1,0.3461458413851527,1,1,-0.15019809762062614,0.09631546820502551,False,False,False,False,False,True,False,True,False,True,False,False,False,False,False,False,True,False,False,False,False,0
1,0,0,0,0.14276398256961956,1,1,0.6579387958790235,0.3328980935771069,False,True,True,False,False,False,False,False,False,False,False,False,False,False,False,True,False,False,False,True,False,1
0,0,1,1,0.7122331872531124,1,1,0.16214929066451458,0.5557384229964256,False,False,True,False,False,False,False,False,False,False,False,False,False,False,False,False,False,False,False,False,False,0
0,0,1,1,-1.2809090291391125,1,1,-0.6773876048320538,-0.986801368877013,False,False,False,False,False,False,False,False,False,False,False,False,False,False,False,False,False,False,False,False,False,1
1,0,1,1,1.6071133660414583,1,0,0.5339914195753963,1.5182699059753888,False,True,False,False,False,True,False,True,False,True,False,True,False,False,False,True,False,True,True,False,False,0
1,0,0,0,-1.1588799138497925,0,1,-0.8195139296602132,-0.9349494470871962,True,False,False,False,False,False,False,False,False,False,False,True,False,False,False,True,False,False,False,True,False,0
0,0,1,0,-0.9961744267973661,1,0,-1.4772613399114616,-0.9376715632184143,False,False,False,True,True,False,True,False,True,False,True,False,True,False,True,False,False,False,False,False,False,1
1,0,0,1,-0.06061787624591358,1,1,0.4827598373698971,0.12985896375745556,False,True,False,False,False,False,False,True,False,False,False,True,False,True,False,True,True,False,False,False,True,1
0,0,0,0,-0.01994150448280695,1,1,1.2958546259216916,0.4938980912089938,False,True,True,False,False,False,False,True,False,True,False,False,False,True,False,True,True,False,True,False,False,0
0,1,0,0,-1.0775271703235794,1,1,0.8099809108114727,-0.7569801287340863,False,False,True,False,False,False,False,False,False,False,False,False,False,True,False,True,False,False,False,True,False,0
1,0,1,0,0.9562914178317522,1,0,-0.17664020456539986,0.48178028391518396,False,True,False,False,False,False,False,True,False,True,False,False,False,False,False,False,False,True,True,False,False,0
1,0,0,0,-1.2809090291391125,1,0,-0.669124446411812,-0.9866916061297865,False,False,False,False,False,False,False,False,False,False,False,False,False,False,False,False,False,False,False,False,True,0
1,1,0,0,-1.2402326573760059,1,0,-1.5086613419083803,-0.9899405834476921,False,False,False,True,True,False,True,False,True,False,True,False,True,False,True,False,False,False,False,True,False,0
0,0,0,0,-0.46738159387697986,1,1,0.12579139361545078,-0.3506823436003307,False,False,True,False,False,False,False,False,False,False,False,False,False,False,False,False,False,False,False,True,False,0
0,0,1,0,1.4444078789890318,1,1,0.6562861641949752,1.501168869957494,False,True,True,False,False,True,False,True,False,False,False,False,False,False,False,False,False,True,False,False,False,0
1,0,0,0,-1.1995562856128992,1,1,-1.4888297616998003,-0.980742465230108,False,False,False,True,True,False,True,False,True,False,True,False,True,False,True,False,False,False,False,False,True,1
1,0,1,0,-0.9961744267973661,1,1,-0.3336402145499943,-0.8105223968311919,False,False,False,False,False,False,False,True,False,True,False,False,False,False,False,False,False,False,False,False,True,0
1,1,0,0,-0.9554980550342594,1,1,1.1438125109892423,-0.6026098010346822,False,True,True,False,False,False,False,True,False,False,False,False,False,True,False,True,False,False,True,False,False,1
0,0,1,0,1.525760622515245,1,0,-1.4871771300157517,-0.4230598991215103,False,False,False,True,True,False,True,False,True,False,True,False,True,False,True,False,False,True,True,False,False,0
0,1,1,0,-0.5080579656400865,1,0,0.8579072296488753,-0.14968480087909306,False,True,True,False,False,False,False,False,False,True,False,False,False,True,False,False,False,False,False,True,False,1
0,0,0,0,-1.2402326573760059,1,1,-0.6426823394670382,-0.9707321026830478,False,False,False,False,False,False,False,False,False,False,False,False,False,False,False,False,False,False,False,True,False,0
1,0,1,0,1.6071133660414583,1,1,1.7503283390349913,2.806796748217171,False,True,True,False,False,True,False,True,False,True,False,True,False,True,False,True,True,False,False,False,False,1
0,0,0,0,0.7935859307793257,1,1,-0.49890338295483067,0.10696245468599976,False,False,False,False,False,True,False,False,False,False,False,False,False,False,False,False,False,False,False,False,False,0
0,0,1,0,1.6071133660414583,1,0,-1.502050815172187,-0.3492554278863857,False,False,False,True,True,False,True,False,True,False,True,False,True,False,True,False,False,True,False,False,False,0
0,0,1,0,-0.5487343374031931,1,0,-0.6592086563075219,-0.6376241173999481,False,False,False,False,False,False,False,False,False,False,False,False,False,False,False,False,False,False,False,False,True,0
1,0,1,1,1.1189969048841788,1,0,0.40012825316747896,0.9887524608051208,False,False,False,False,False,False,False,True,False,False,False,True,False,True,False,True,False,True,False,False,False,0
1,1,1,1,1.3630551354628184,1,1,1.6990967568294921,2.4456553572924142,False,True,True,False,False,True,False,True,False,True,False,True,False,True,False,True,True,False,False,True,False,0
0,0,1,0,-0.26399973506144675,1,1,0.2860966669681418,-0.16957381067654184,False,False,False,False,False,False,False,True,False,True,False,False,False,True,False,True,False,True,True,False,False,0
1,0,0,0,-1.2809090291391125,1,1,-0.6542507612553768,-0.9864940331847786,False,False,False,False,False,False,False,False,False,False,False,False,False,False,False,False,False,False,False,False,True,1
1,0,0,0,-1.1995562856128992,0,1,-1.164913951626321,-0.971390679166407,True,False,False,False,False,False,False,True,False,False,False,False,False,False,False,False,False,False,False,True,False,1
1,0,0,0,1.6071133660414583,1,1,-1.455777128018833,-0.3383889159109583,False,False,False,True,True,False,True,False,True,False,True,False,True,False,True,False,False,True,False,False,True,0
1,0,1,0,1.1596732766472853,1,1,-1.4640402864390747,-0.4565814421244952,False,False,False,True,True,False,True,False,True,False,True,False,True,False,True,False,True,False,True,False,False,0
1,1,0,0,-1.1995562856128992,1,1,0.37038088285460824,-0.9045012610065541,False,True,True,False,False,False,False,False,False,False,False,False,False,False,False,False,False,False,False,True,False,1
0,1,0,0,-1.2402326573760059,1,1,0.1571913956123693,-0.9484722175455056,False,False,True,False,False,False,False,False,False,False,False,False,False,False,False,False,False,False,False,True,False,1
1,0,0,1,-0.01994150448280695,1,0,0.623233530514008,0.14987968885157638,False,True,False,False,False,False,False,True,False,True,False,True,False,True,False,True,True,False,True,False,False,0
0,0,0,0,-0.34535247858766,1,1,0.6447177424066364,-0.1553705111854278,False,True,True,False,False,True,False,False,False,False,False,True,False,False,False,False,False,False,False,True,False,0
0,0,0,0,-0.01994150448280695,1,0,-1.4640402864390747,-0.7188924554464774,False,False,False,True,True,False,True,False,True,False,True,False,True,False,True,False,True,False,False,False,False,0
0,0,1,0,1.5664369942783516,0,1,-0.11384020057156209,0.8861901497966432,True,False,False,False,False,False,False,True,False,True,False,True,False,True,False,True,False,True,True,False,False,0
0,0,0,0,-1.118203542086686,1,0,-1.4640402864390747,-0.9640804802011195,False,False,False,True,True,False,True,False,True,False,True,False,True,False,True,False,False,False,True,False,False,0
1,0,0,1,-1.2809090291391125,1,1,-0.4955981195867339,-0.9843865884380292,False,False,False,False,False,False,False,False,False,True,False,False,False,False,False,False,False,False,False,True,False,0
1,0,0,0,0.3054694696220461,1,0,1.320644101182417,0.807863453375785,False,True,True,False,False,False,False,False,False,True,False,True,False,True,False,True,False,False,False,False,False,1
0,0,0,0,-0.30467610682455337,1,1,1.170254617934016,0.04207071852567001,False,True,True,False,False,False,False,True,False,False,False,False,False,True,False,True,False,False,False,True,False,1
0,0,1,1,1.5664369942783516,1,0,0.8661703880691172,1.7570038811931104,False,True,False,False,False,True,False,True,False,True,False,True,False,True,False,True,False,True,False,False,True,0
0,0,1,1,0.9156150460686455,1,1,0.36046509275031813,0.8659498992080693,False,True,False,False,False,True,False,True,False,False,False,True,False,False,False,True,True,False,False,False,False,0
0,0,0,0,-0.42670522211387324,1,1,0.36872825117055996,-0.22318193642198342,False,True,True,False,False,False,False,False,False,False,False,False,False,False,False,False,True,False,True,False,False,0
1,0,1,0,-0.5894107091662998,1,1,0.9884651326886961,-0.26344291210467774,False,True,True,False,False,False,False,False,False,False,False,False,False,True,False,True,False,False,False,True,False,0
1,0,0,0,-1.2809090291391125,1,0,-0.5220402265315078,-0.984737829229154,False,False,False,False,False,False,False,False,False,False,False,True,False,False,False,False,False,False,False,False,True,0
0,0,1,1,-0.5487343374031931,0,1,-1.3219139616109155,-0.8153739102586048,True,False,False,False,False,False,False,False,False,False,False,False,False,False,False,False,False,False,False,False,True,0
0,0,1,0,0.8342623025424323,1,1,1.4578125309584313,1.5043080845281729,False,True,True,False,False,False,False,True,False,True,False,True,False,True,False,True,True,False,False,False,False,0
0,0,0,0,-0.9961744267973661,1,1,-1.5086613419083803,-0.9351689725816492,False,False,False,True,True,False,True,False,True,False,True,False,True,False,True,False,True,False,False,False,True,0
0,0,0,0,-0.6300870809294065,1,0,-1.4772613399114616,-0.8510028980083393,False,False,False,True,True,False,True,False,True,False,True,False,True,False,True,False,True,False,False,False,True,0
0,0,0,0,0.3054694696220461,1,0,-1.4937876567519452,-0.6417511966956659,False,False,False,True,True,False,True,False,True,False,True,False,True,False,True,False,False,True,True,False,False,0
0,0,1,0,0.5902040719637925,1,1,0.6761177444035554,0.7699733530331839,False,False,True,False,False,False,False,False,False,True,False,False,False,False,False,True,False,False,False,True,False,1
0,0,1,0,0.3868222131482594,0,0,-1.0343560485865004,-0.37171288596893554,True,False,False,False,False,False,False,True,False,False,False,True,False,False,False,False,True,False,False,False,True,1
1,0,0,0,-1.0368507985604727,1,0,0.14231771045593442,-0.7917310145060084,False,False,True,False,False,False,False,False,False,False,False,False,False,False,False,False,False,False,False,False,False,0
1,0,0,0,-1.2809090291391125,1,1,0.3141914055969638,-0.9736298392098284,False,False,True,False,False,False,False,True,False,False,False,False,False,False,False,False,False,False,False,True,False,1
0,0,0,0,-0.9148216832711529,1,1,0.5025914175784773,-0.6415536237506582,False,True,True,False,False,False,False,True,False,False,False,False,False,False,False,False,False,False,False,False,False,1
1,0,0,0,-1.1995562856128992,1,1,-1.4574297597028811,-0.976812958879398,False,False,False,True,True,False,True,False,True,False,True,False,True,False,True,False,False,False,True,False,False,0
1,0,1,1,0.3054694696220461,1,1,0.32080193233315735,0.31779473955873516,False,True,False,False,False,False,False,False,False,True,False,False,False,True,False,True,False,False,False,True,False,0
1,0,1,0,-0.30467610682455337,1,1,-1.4508192329666876,-0.7888771830781184,False,False,False,True,True,False,True,False,True,False,True,False,True,False,True,False,True,False,False,False,False,0
0,0,0,0,0.9156150460686455,1,1,0.6414124790385398,1.0089049011959135,False,True,True,False,False,True,False,False,False,True,False,False,False,False,False,False,True,False,True,False,False,0
1,0,1,1,1.0783205331210721,1,1,0.724044063240958,1.2706451482323176,False,False,False,False,False,True,False,True,False,True,False,True,False,True,False,True,False,True,False,True,False,0
1,1,1,0,1.5664369942783516,1,1,1.0132546079494216,1.9385075600069146,False,False,True,False,False,False,False,True,False,True,False,True,False,False,False,True,False,True,True,False,False,0
1,0,0,0,0.7122331872531124,1,0,1.6362967528356542,1.536314901619432,False,True,True,False,False,True,False,True,False,True,False,True,False,True,False,True,True,False,True,False,False,0
0,1,1,0,-0.5080579656400865,1,1,-0.16011388772491622,-0.45335441735603504,False,False,False,False,False,False,False,True,False,False,False,False,False,False,False,True,False,False,False,True,False,0
0,0,0,0,-0.06061787624591358,1,1,0.6579387958790235,0.14114257417234385,False,True,True,False,False,True,False,False,False,True,False,False,False,False,False,False,False,False,True,False,False,0
0,1,1,0,1.4444078789890318,1,1,1.1686019862499677,2.001950427903854,False,True,True,False,False,False,False,True,False,False,False,False,False,True,False,True,False,False,False,True,False,1
1,1,1,0,0.752909559016219,0,1,-1.1698718466784659,-0.3655442195748041,True,False,False,False,False,False,False,True,False,False,False,False,False,False,False,False,False,False,True,False,False,0
1,0,1,0,-0.8334689397449395,1,0,0.529033524523251,-0.6258575508972631,False,False,True,False,False,True,False,False,False,False,False,True,False,False,False,False,False,False,False,False,False,1
0,0,0,0,0.752909559016219,1,0,0.7504861701857317,0.9588750410100568,False,False,True,False,False,False,False,False,False,False,False,False,False,True,False,True,True,False,True,False,False,0
0,1,0,0,-0.7521161962187263,1,1,0.3125387739129155,-0.5249636336466288,False,True,True,False,False,False,False,False,False,False,False,False,False,False,False,False,False,False,False,True,False,1
0,0,1,1,-0.670763452692513,1,0,0.2778335085479,-0.48127806025046643,False,False,True,False,False,False,False,True,False,False,False,False,False,False,False,False,False,False,False,False,False,0
1,0,1,1,-0.14197061977212685,1,0,0.5042440492625255,-0.035180302972367836,False,True,False,False,False,False,False,True,False,True,False,False,False,True,False,True,False,False,True,False,False,0
1,0,0,0,-1.2809090291391125,1,1,-1.3483560685556895,-0.9957141039518078,False,True,False,True,True,False,True,False,True,False,True,False,True,False,True,False,False,False,False,False,True,1
1,0,1,0,-0.14197061977212685,0,0,-1.0277455218503069,-0.5631610696814643,True,False,False,False,False,False,False,False,False,False,False,False,False,True,False,False,False,False,False,False,True,0
1,0,0,0,-0.9554980550342594,1,0,0.7075177464004744,-0.6679844932828087,False,False,True,False,False,False,False,False,False,False,False,True,False,True,False,False,False,False,False,True,False,0
0,1,1,0,1.6071133660414583,1,1,1.7156230736699758,2.627773707490687,False,True,True,False,False,True,False,True,False,True,False,True,False,True,False,True,False,True,True,False,False,0
0,0,0,0,-0.670763452692513,1,1,0.9372335504831969,-0.3153387389933852,False,False,True,False,False,False,False,True,False,True,False,False,False,False,False,True,False,False,True,False,False,1
1,0,1,1,0.1834403543327262,1,0,-1.4888297616998003,-0.687478357190242,False,False,False,True,True,False,True,False,True,False,True,False,True,False,True,False,False,True,False,False,False,0
0,1,0,0,-1.2809090291391125,1,1,0.2695703501276582,-0.9742225580448517,False,False,True,False,False,False,False,True,False,False,False,False,False,False,False,False,False,False,False,True,False,1
0,0,0,0,-1.2809090291391125,1,1,0.6133177404097179,-0.9696564277602275,False,False,True,False,False,True,False,True,False,False,False,True,False,False,False,False,False,False,False,False,True,0
0,0,0,0,-1.2809090291391125,1,1,0.33732824917364096,-0.973322503517594,False,True,True,False,False,False,False,False,False,False,False,False,False,False,False,False,False,False,False,False,True,1
0,0,1,0,-0.01994150448280695,1,0,-1.502050815172187,-0.7247757386978197,False,False,False,True,True,False,True,False,True,False,True,False,True,False,True,False,False,False,False,False,False,0
1,0,0,0,0.1834403543327262,1,0,0.024980860888500257,0.009602897896059948,False,False,False,False,False,True,False,True,False,True,False,True,False,False,False,False,False,True,False,False,False,0
1,1,1,0,-0.9961744267973661,1,1,-0.01468229952866008,-0.7508773199882907,False,False,False,False,False,False,False,False,False,True,False,True,False,False,False,True,False,False,True,False,False,0
1,0,0,0,-0.2233233632983401,1,0,-0.31050337097331715,-0.3575095864778214,False,False,False,False,False,True,False,True,False,False,False,False,False,False,False,False,True,False,False,False,False,0
1,0,0,0,-1.2809090291391125,1,1,0.35054930264602807,-0.9731468831220317,False,True,True,False,False,False,False,False,False,False,False,False,False,False,False,False,False,False,False,True,False,1
0,0,1,0,-0.5080579656400865,1,0,-1.470650813175268,-0.8336603839465462,False,False,False,True,True,False,True,False,True,False,True,False,True,False,True,False,True,False,False,False,True,0
0,0,1,1,0.14276398256961956,1,1,1.310728311078127,0.6116076613347339,False,True,True,False,False,True,False,False,False,True,False,False,False,True,False,True,False,False,True,False,False,0
1,0,1,1,1.4444078789890318,1,1,-1.483871866647655,-0.4340800789430548,False,False,False,True,True,False,True,False,True,False,True,False,True,False,True,False,False,True,False,False,False,0
0,0,0,0,-1.1995562856128992,1,0,-1.4871771300157517,-0.9811595636695689,False,False,False,True,True,False,True,False,True,False,True,False,True,False,True,False,False,False,False,False,True,0
0,0,0,0,0.874938674305539,0,0,-0.6856507632522956,0.03414584817591384,True,False,False,False,False,True,False,False,False,False,False,True,False,False,False,True,True,False,False,False,False,0
0,0,0,0,-1.2809090291391125,1,0,-1.4508192329666876,-0.9970751620174171,False,False,False,True,True,False,True,False,True,False,True,False,True,False,True,False,False,False,False,False,True,1
1,1,0,0,-0.5894107091662998,1,1,1.0116019762653732,-0.23681446962751948,False,True,True,False,False,False,False,False,False,False,False,False,False,True,False,True,False,False,False,True,False,1
0,0,0,0,1.2410260201734986,1,0,1.0958861921518397,1.7239433417284769,False,True,True,False,False,True,False,True,False,True,False,False,False,True,False,False,False,True,True,False,False,0
1,0,1,1,-0.46738159387697986,1,0,-1.4888297616998003,-0.8525615290189562,False,False,False,True,True,False,True,False,True,False,True,False,True,False,True,False,True,False,False,False,True,0
1,0,1,1,0.752909559016219,0,0,-0.1832507313015934,0.31731178347093847,True,False,False,False,False,True,False,True,False,True,False,False,False,True,False,True,True,False,False,True,False,1
1,0,0,0,-0.9961744267973661,1,1,-1.4921350250678969,-0.9321175682087514,False,False,False,True,True,False,True,False,True,False,True,False,True,False,True,False,False,False,False,False,False,0
0,0,0,0,0.10208761080651294,1,1,1.170254617934016,0.5425229882303504,False,True,True,False,False,False,False,False,False,True,False,False,False,True,False,True,False,False,False,True,False,1
1,0,0,0,-0.8334689397449395,1,1,-0.3666928482309616,-0.7214828562810236,False,False,False,False,False,False,False,True,False,False,False,True,False,False,False,False,False,False,False,False,True,0
1,0,1,0,1.3223787636997117,1,1,1.1405072476211453,1.7806248243962615,False,True,True,False,False,True,False,True,False,True,False,False,False,True,False,False,False,True,False,True,False,0
0,0,0,0,0.26479309785893945,0,1,-0.8112507712399714,-0.2904445479224062,True,False,False,False,False,True,False,True,False,False,False,True,False,False,False,False,True,False,False,False,False,0
0,0,0,1,-1.2809090291391125,1,1,0.4877177324220419,-0.9713248215180711,False,False,True,False,False,False,False,False,False,False,False,False,False,False,False,True,False,False,False,True,False,1
1,0,1,0,-1.118203542086686,1,1,0.9785493425844061,-0.7875819826608453,False,False,True,False,False,False,False,False,False,True,False,False,False,True,False,True,False,False,False,True,False,1
0,0,1,1,1.6071133660414583,1,1,0.6100124770416209,1.6467801304282201,False,True,False,False,False,True,False,False,False,True,False,True,False,True,False,True,False,True,False,False,False,0
1,0,0,0,-1.2809090291391125,1,0,-1.470650813175268,-0.9973385926107607,False,False,False,True,True,False,True,False,True,False,True,False,True,False,True,False,False,False,False,False,True,0
1,0,0,0,-1.1995562856128992,1,1,-0.4856823294824438,-0.935651928669446,False,False,False,False,False,True,False,False,False,False,False,False,False,False,False,False,False,False,False,False,True,0
0,0,1,0,1.5664369942783516,1,1,1.6627388597804285,2.5404245132478076,False,True,True,False,False,True,False,True,False,True,False,True,False,True,False,True,False,True,True,False,False,0
0,1,0,0,1.2817023919366053,1,1,0.17702297582094995,0.9611142010534783,False,False,False,False,False,True,False,True,False,False,False,True,False,True,False,False,False,True,True,False,False,1
1,0,0,0,-1.0368507985604727,1,1,0.846338807860537,-0.7457184708686434,False,True,True,False,False,False,False,False,False,True,False,False,False,True,False,False,False,False,False,True,False,1
0,0,0,0,-0.9554980550342594,1,0,0.13901244708783742,-0.7202315609626412,False,False,True,False,False,False,False,False,False,False,False,False,False,False,False,False,False,False,False,True,False,0
0,0,0,0,-0.30467610682455337,1,1,0.44640194032083286,-0.19934146772437913,False,True,False,False,False,True,False,True,False,True,False,True,False,True,False,False,False,False,False,False,False,0
0,0,0,0,0.22411672609583283,1,0,-1.4723034448593166,-0.6800364429282827,False,False,False,True,True,False,True,False,True,False,True,False,True,False,True,False,False,True,False,False,True,0
1,0,1,1,-1.0775271703235794,1,1,0.6182756354618627,-0.7966044804828668,False,False,True,False,False,False,False,True,False,False,False,False,False,False,False,True,False,False,True,False,False,1
0,0,1,1,0.9969677895948588,1,1,-1.47891397159551,-0.5287175196017764,False,False,False,True,True,False,True,False,True,False,True,False,True,False,True,False,False,True,False,False,False,0
1,0,0,1,-1.1588799138497925,1,1,1.2181809367714187,-0.8462172422292622,False,True,True,False,False,False,False,True,False,False,False,False,False,True,False,True,False,False,False,True,False,1
1,0,1,1,1.3223787636997117,1,1,0.6397598473544917,1.33145371019582,False,True,False,False,False,False,False,True,False,True,False,True,False,True,False,True,False,True,False,False,False,0
0,0,1,1,-0.9554980550342594,1,0,-0.536913911687943,-0.8208620476199319,False,False,False,False,False,True,False,False,False,False,False,False,False,False,False,False,True,False,False,False,True,0
1,1,1,0,1.6071133660414583,1,1,1.2991598892897886,2.3700068719038834,False,True,True,False,False,False,False,True,False,True,False,False,False,True,False,True,False,True,False,False,False,1
0,0,1,0,0.3461458413851527,0,0,-0.9715560445926624,-0.39526797152375065,True,False,False,False,False,False,False,True,False,False,False,True,False,False,False,False,True,False,False,False,True,0
1,0,0,0,-0.14197061977212685,0,0,-0.9665981495405174,-0.5353471895342594,True,False,False,False,False,True,False,False,False,False,False,True,False,False,False,False,True,False,False,False,True,0
0,1,1,0,0.5495277002006859,1,0,1.170254617934016,1.080909263376523,False,True,True,False,False,False,False,False,False,False,False,True,False,True,False,True,True,False,False,True,False,0
1,0,0,0,-1.0775271703235794,1,1,0.46623352052941347,-0.7889649932758996,False,False,True,False,False,True,False,True,False,False,False,False,False,False,False,False,False,False,False,True,False,0
1,0,0,0,-0.7521161962187263,1,0,-1.4855244983317035,-0.8816925621328795,False,False,False,True,True,False,True,False,True,False,True,False,True,False,True,False,False,False,False,False,True,0
0,0,1,1,-1.2809090291391125,1,1,-1.4855244983317035,-0.9975361655557684,False,False,False,True,True,False,True,False,True,False,True,False,True,False,True,False,False,False,False,True,False,1
0,0,1,1,1.0783205331210721,1,1,1.365265156651723,1.7405175165596842,False,True,True,False,False,False,False,True,False,True,False,False,False,True,False,True,True,False,False,True,False,0
0,0,0,0,-1.1995562856128992,1,0,-0.2410928402432861,-0.9353884980761024,False,False,False,False,False,False,False,False,False,True,False,False,False,True,False,False,False,False,False,True,False,0
1,0,0,0,0.5495277002006859,1,0,-1.483871866647655,-0.6080320807476733,False,False,False,True,True,False,True,False,True,False,True,False,True,False,True,False,False,True,False,True,False,0
1,0,0,0,-0.792792567981833,1,0,0.2811387719159965,-0.5972753315194725,False,False,False,False,False,False,False,True,False,False,False,True,False,True,False,True,False,False,False,False,True,0
1,0,0,0,1.403731507225925,0,0,-0.6922612899884891,0.3535554426051414,True,False,False,False,False,True,False,False,False,False,False,True,False,True,False,False,False,True,False,True,False,0
1,0,1,1,1.6071133660414583,1,1,1.634644121151606,2.5318410664146924,False,True,True,False,False,True,False,True,False,True,False,True,False,True,False,True,False,True,True,False,False,0
1,0,1,1,0.7935859307793257,1,1,1.038044083210147,1.1847009171539378,False,True,True,False,False,False,False,False,False,True,False,True,False,False,False,True,False,True,False,False,False,1
1,0,1,1,1.6071133660414583,1,0,1.292549362553595,2.2943803390647983,False,True,True,False,False,True,False,True,False,True,False,True,False,False,False,True,False,True,True,False,False,0
0,0,1,1,-0.670763452692513,1,0,-1.4921350250678969,-0.87387745453035,False,False,False,True,True,False,True,False,True,False,True,False,True,False,True,False,False,True,False,False,True,0
1,0,1,1,0.5495277002006859,1,1,0.500938785894429,0.6488172326445305,False,True,True,False,False,False,False,True,False,False,False,False,False,False,False,False,False,False,False,False,False,0
1,0,0,0,1.1596732766472853,1,1,1.4181493705412704,1.8571733643120494,False,True,True,False,False,True,False,True,False,True,False,False,False,True,False,True,True,False,False,True,False,0
1,0,0,0,0.4681749566744726,1,1,1.5420967468448978,1.1517281878870853,False,True,True,False,False,True,False,True,False,True,False,False,False,True,False,True,False,False,False,True,False,0
1,0,0,0,-0.9554980550342594,1,1,0.18693876592524003,-0.743764693968011,False,False,True,False,False,False,False,False,False,False,False,False,False,False,False,False,False,False,False,True,False,0
1,0,0,0,0.6715568154900058,0,1,-1.1450823714177405,-0.36828828825546756,True,False,False,False,False,False,False,False,False,True,False,False,False,False,False,False,False,False,False,False,False,0
0,0,0,0,1.2410260201734986,1,1,0.8331177543881498,1.5476863222321011,False,False,True,False,False,False,False,False,False,True,False,True,False,True,False,False,True,False,True,False,False,0
0,0,0,0,1.1596732766472853,1,0,0.7141282731366679,1.2659473026510217,False,True,False,False,False,True,False,False,False,True,False,True,False,True,False,True,False,True,True,False,False,0
1,0,1,1,-0.8741453115080462,1,1,-1.4673455498071712,-0.8961592922173374,False,False,False,True,True,False,True,False,True,False,True,False,True,False,True,False,False,False,False,True,False,0
1,0,1,0,1.525760622515245,0,1,-0.4559349591695733,0.5897429220872075,True,False,False,False,False,False,False,True,False,True,False,True,False,False,False,True,True,False,False,False,False,0
1,1,1,0,1.6071133660414583,1,1,1.484254637903205,2.4764986892630714,False,True,True,False,False,False,False,True,False,True,False,True,False,True,False,True,False,True,False,False,False,0
0,0,0,0,1.0376441613579654,1,1,-1.3268718566630604,-0.33935482808655193,False,True,False,True,True,False,True,False,True,False,True,False,True,False,True,False,False,True,True,False,False,0
1,0,0,0,-0.01994150448280695,1,0,0.7537914335538287,0.20831737547498555,False,True,True,False,False,True,False,False,False,False,False,True,False,False,False,False,False,False,False,False,False,0
1,0,0,1,-0.42670522211387324,1,0,-1.4772613399114616,-0.816383727533089,False,False,False,True,True,False,True,False,True,False,True,False,True,False,True,False,False,False,True,False,False,0
0,1,0,0,-0.9148216832711529,1,1,0.6529809008268782,-0.6262526967872787,False,False,True,False,False,False,False,False,False,True,False,False,False,False,False,True,False,False,True,False,False,1
0,0,0,1,1.525760622515245,1,0,0.03820191436088735,1.141344631999455,False,True,False,False,False,True,False,True,False,False,False,True,False,False,False,False,False,True,False,True,False,0
0,0,1,1,0.7935859307793257,1,0,1.100844087203985,1.1860839277689919,False,True,True,False,False,True,False,True,False,True,False,False,False,False,False,True,False,False,False,False,False,0
1,1,0,0,0.9562914178317522,1,1,1.1966967248787899,1.4497779517060285,False,True,True,False,False,False,False,False,False,True,False,False,False,True,False,True,False,False,False,True,False,0
1,0,0,1,-0.30467610682455337,0,1,-0.7996823494516327,-0.5801523429521325,True,False,False,False,False,True,False,False,False,False,False,False,False,True,False,False,True,False,True,False,False,0
0,0,0,0,-0.30467610682455337,1,0,-1.4855244983317035,-0.7746738835870043,False,False,False,True,True,False,True,False,True,False,True,False,True,False,True,False,True,False,True,False,False,0
1,0,0,1,0.26479309785893945,1,0,-1.302082381402335,-0.5854648599178969,False,True,False,True,True,False,True,False,True,False,True,False,True,False,True,False,True,False,False,False,False,0
1,0,0,0,0.9562914178317522,1,1,0.7124756414526197,1.1549113075566548,False,True,True,False,False,True,False,True,False,False,False,False,False,False,False,False,False,False,False,True,False,0
1,0,0,1,-1.118203542086686,1,0,-1.4673455498071712,-0.9593387295209329,False,False,False,True,True,False,True,False,True,False,True,False,True,False,True,False,False,True,False,False,True,0
0,0,1,0,1.200349648410392,1,0,0.5339914195753963,1.1827910453521957,False,False,False,False,False,True,False,False,False,True,False,True,False,True,False,True,False,True,False,False,True,0
1,0,1,1,0.8342623025424323,1,0,-1.2987771180342385,-0.41965725395748765,False,True,False,True,True,False,True,False,True,False,True,False,True,False,True,False,False,True,True,False,False,0
1,1,1,0,-0.14197061977212685,1,1,-0.43775601064504116,-0.37316175423232584,False,True,False,False,False,False,False,False,False,False,False,False,False,False,False,False,False,False,False,True,False,0
0,0,0,0,-1.2809090291391125,1,1,-0.48733496116649205,-0.9842768256908027,False,True,False,False,False,False,False,False,False,False,False,False,False,False,False,False,False,False,False,True,False,0
0,0,0,0,1.3630551354628184,1,1,-1.3119981715066253,-0.26708703531259886,False,True,False,True,True,False,True,False,True,False,True,False,True,False,True,False,False,True,True,False,False,0
0,0,0,0,-0.9554980550342594,1,1,0.3307177224374474,-0.6953373698916622,False,False,True,False,False,True,False,False,False,False,False,False,False,False,False,False,False,False,False,True,False,0
0,0,1,1,-0.26399973506144675,1,1,-1.4739560765433648,-0.7894040442648058,False,False,False,True,True,False,True,False,True,False,True,False,True,False,True,False,False,False,True,False,False,0
0,0,0,0,-1.2809090291391125,1,1,-0.536913911687943,-0.9849354021741619,False,False,False,False,False,False,False,True,False,False,False,False,False,False,False,False,False,False,False,True,False,0
1,1,0,1,-1.0368507985604727,1,1,-0.6311139176786997,-0.8551519298535024,False,False,False,False,False,False,False,False,False,False,False,False,False,False,False,False,False,False,False,False,True,0
1,0,0,0,-0.8334689397449395,1,1,0.5488651047318316,-0.6058587783525878,False,False,True,False,False,False,False,False,False,False,False,False,False,True,False,False,False,False,False,True,False,0
1,0,0,0,-1.0368507985604727,1,1,0.7256966949250063,-0.7339079992670678,False,True,True,False,False,False,False,False,False,False,False,False,False,False,False,True,False,False,False,True,False,1
1,0,0,1,-1.2809090291391125,1,1,0.34724403927793107,-0.9731907882209222,False,False,True,False,False,False,False,True,False,False,False,False,False,False,False,False,False,False,False,True,False,1
1,0,0,0,-1.2402326573760059,1,0,0.8562545979648271,-0.9295491199236504,False,True,True,False,False,True,False,False,False,False,False,False,False,False,False,True,False,False,False,False,True,0
1,0,0,0,1.200349648410392,1,0,-1.4871771300157517,-0.45585700799280005,False,False,False,True,True,False,True,False,True,False,True,False,True,False,True,False,False,True,False,False,False,0
0,0,1,1,0.9156150460686455,1,1,0.6695072176673619,1.0388042735404224,False,True,False,False,False,True,False,False,False,True,False,True,False,True,False,True,False,True,False,False,False,0
1,1,0,0,1.1189969048841788,1,1,0.2282545580264491,0.9143772232844183,False,True,False,False,False,True,False,True,False,False,False,False,False,False,False,True,True,False,False,True,False,0
0,0,0,1,-1.2809090291391125,0,0,-1.3268718566630604,-0.995428720809019,True,False,False,False,False,False,False,False,False,False,False,False,False,False,False,False,False,False,False,False,True,0
0,1,0,0,-1.2402326573760059,1,0,-0.6906086583044406,-0.9689100410790872,False,False,False,False,False,False,False,False,False,False,False,False,False,False,False,False,False,False,False,True,False,0
1,0,0,0,-1.2402326573760059,1,1,-0.34520863633833293,-0.9561775624008088,False,True,False,False,False,False,False,True,False,False,False,False,False,False,False,False,False,False,False,False,True,1
0,0,1,0,1.4850842507521385,1,0,1.1338967208849522,2.01235593634093,False,True,True,False,False,True,False,False,False,False,False,False,False,True,False,True,False,True,False,False,False,0
1,1,1,0,1.6071133660414583,0,1,-0.057650723313917664,1.0509220808342323,True,False,False,False,False,True,False,True,False,True,False,True,False,True,False,True,False,True,False,False,False,0
1,0,1,1,1.4444078789890318,1,1,1.4991283230596404,2.2723399794217096,False,True,True,False,False,True,False,True,False,True,False,False,False,True,False,True,False,True,False,True,False,0
1,0,0,0,1.4444078789890318,1,0,0.4877177324220419,1.3915817431265176,False,False,True,False,False,False,False,True,False,True,False,False,False,False,False,False,True,False,True,False,False,0
1,0,1,0,1.6071133660414583,1,1,0.6744651127195072,1.664517790380029,False,True,False,False,False,True,False,True,False,True,False,False,False,True,False,True,False,True,False,True,False,0
1,0,0,0,-0.9961744267973661,0,1,-1.3086929081385286,-0.9244780810017842,True,False,False,False,False,False,False,False,False,False,False,False,False,False,False,False,False,False,True,False,False,0
0,0,1,0,0.427498584911366,0,0,-1.019482363430065,-0.34534787408512096,True,False,False,False,False,True,False,False,False,False,False,True,False,False,False,False,False,False,False,False,False,0
1,0,0,0,-1.1995562856128992,1,1,-0.6443349711510865,-0.9441475653047801,False,False,False,False,False,False,False,False,False,False,False,False,False,False,False,False,False,False,False,True,False,1
0,0,0,0,-0.8334689397449395,1,0,-1.5003981834881386,-0.9064111328082961,False,False,False,True,True,False,True,False,True,False,True,False,True,False,True,False,False,False,False,False,False,0
1,0,0,0,0.3461458413851527,1,1,1.3173388378143205,0.9020179379467098,False,True,True,False,False,False,False,True,False,True,False,False,False,True,False,True,False,False,False,True,False,1
0,0,1,1,-0.9961744267973661,1,1,-1.4871771300157517,-0.9419084052613587,False,False,False,True,True,False,True,False,True,False,True,False,True,False,True,False,False,True,False,False,True,0
1,0,1,1,1.200349648410392,1,1,0.8017177523912309,1.3697170038789912,False,True,True,False,False,False,False,False,False,True,False,False,False,True,False,False,False,True,True,False,False,0
0,0,0,0,1.403731507225925,1,1,-1.29712448635019,-0.22021834224686687,False,True,False,True,True,False,True,False,True,False,True,False,True,False,True,False,False,True,False,False,False,0
1,0,0,0,0.5495277002006859,1,1,0.9537598673236806,0.8178957684722908,False,True,True,False,False,True,False,True,False,False,False,False,False,False,False,True,False,False,False,True,False,1
1,1,1,0,-1.2402326573760059,1,0,0.17371771245285295,-0.9440817076564441,False,False,True,False,False,False,False,False,False,False,False,False,False,False,False,False,False,False,False,True,False,0
1,0,0,0,-1.2809090291391125,1,1,-0.06756651341820798,-0.9787008781316944,False,False,False,False,False,False,False,False,False,False,False,False,False,True,False,True,False,False,False,False,True,0
0,0,1,0,-0.5894107091662998,1,0,0.3290650907533992,-0.37489600563850517,False,False,True,False,False,True,False,False,False,False,False,False,False,False,False,False,False,False,False,True,False,0
0,0,1,0,0.02073486728029968,1,1,-0.3666928482309616,-0.19082387853959978,False,False,False,False,False,False,False,True,False,False,False,True,False,False,False,False,True,False,True,False,False,0
1,0,0,0,-1.2809090291391125,1,0,-0.645987602835135,-0.9863842704375521,False,False,False,False,False,False,False,False,False,False,False,False,False,False,False,False,False,False,False,True,False,1
1,0,1,0,1.3630551354628184,1,0,1.0496125049984855,1.8143000352453635,False,True,True,False,False,True,False,True,False,True,False,True,False,False,False,False,False,True,False,False,True,0
0,0,0,0,-1.2809090291391125,1,0,-1.511966605276477,-0.9978874063468934,False,False,False,True,True,False,True,False,True,False,True,False,True,False,True,False,False,False,False,False,True,0
0,0,1,1,1.6071133660414583,1,0,-1.320261329926867,-0.18998968166067806,False,True,False,True,True,False,True,False,True,False,True,False,True,False,True,False,False,True,False,False,True,0
0,0,1,0,-1.2402326573760059,1,0,0.4910229957901389,-0.9338298670654854,False,False,True,False,False,False,False,True,False,True,False,False,False,False,False,False,False,False,False,False,False,1
0,0,1,1,0.6308804437268991,0,0,-0.6559033929394251,-0.04198559330041323,True,False,False,False,False,True,False,False,False,True,False,False,False,False,False,True,True,False,True,False,False,0
1,0,1,1,0.5088513284375793,1,0,-1.470650813175268,-0.5983071013434019,False,False,False,True,True,False,True,False,True,False,True,False,True,False,True,False,False,True,False,False,True,0
1,1,1,0,1.4850842507521385,0,0,-0.27414547392425337,0.7291416110649116,True,False,False,False,False,True,False,True,False,False,False,False,False,True,False,True,False,True,True,False,False,0
1,0,1,0,1.525760622515245,1,1,0.7653598553421671,1.622083512302249,False,True,True,False,False,True,False,True,False,False,False,True,False,False,False,False,False,True,True,False,False,0
1,0,1,0,0.3054694696220461,1,0,0.19520192434548184,0.27652394660155666,False,True,False,False,False,False,False,True,False,False,False,True,False,True,False,False,True,False,True,False,False,0
1,0,1,1,0.3461458413851527,1,0,0.1208334985633055,0.2406095757090331,False,True,False,False,False,False,False,True,False,True,False,False,False,True,False,False,True,False,False,False,False,0
1,0,0,0,1.6071133660414583,1,0,0.7009072196642808,1.763984791916718,False,True,False,False,False,True,False,True,False,False,False,True,False,True,False,True,False,True,True,False,False,0
0,0,1,0,-0.30467610682455337,1,1,1.0016861861610833,0.04556117388747386,False,False,True,False,False,False,False,False,False,False,False,True,False,True,False,True,False,False,False,True,False,0
0,1,0,0,0.3054694696220461,0,1,-0.2989349491849788,-0.0801610767858035,True,False,False,False,False,True,False,True,False,False,False,False,False,True,False,True,False,False,False,True,False,1
1,1,0,0,-0.9961744267973661,1,1,0.542254577995638,-0.7490113532854396,False,True,True,False,False,False,False,False,False,True,False,False,False,False,False,False,False,False,False,True,False,1
0,0,0,1,0.8342623025424323,1,1,0.6529809008268782,0.947393857650161,False,True,False,False,False,False,False,True,False,True,False,True,False,True,False,True,True,False,False,True,False,0
1,0,0,0,-1.118203542086686,1,0,-1.4475139695985912,-0.9562873251480353,False,False,False,True,True,False,True,False,True,False,True,False,True,False,True,False,False,False,False,False,True,1
1,1,1,1,-0.8741453115080462,1,1,0.34228614422578624,-0.6658770485360592,False,True,True,False,False,False,False,False,False,False,False,False,False,False,False,False,False,False,True,False,False,0
0,1,0,0,-1.118203542086686,1,1,0.605054581989476,-0.8104345866334106,False,True,True,False,False,False,False,False,False,False,False,False,False,True,False,False,False,False,True,False,False,1
1,1,1,0,1.6071133660414583,1,0,1.4826020062191567,2.4615490030908167,False,True,True,False,False,False,False,True,False,True,False,True,False,True,False,True,False,True,True,False,False,0
0,0,1,1,1.5664369942783516,1,0,-1.47891397159551,-0.39616802605100837,False,False,False,True,True,False,True,False,True,False,True,False,True,False,True,False,False,True,False,False,False,0
0,0,0,0,-0.26399973506144675,1,1,0.13901244708783742,-0.20911035222754107,False,False,True,False,False,False,False,False,False,False,False,False,False,False,False,False,False,False,True,False,False,0
1,1,0,0,-1.2809090291391125,1,0,-1.4805666032795584,-0.9974703079074324,False,False,False,True,True,False,True,False,True,False,True,False,True,False,True,False,False,False,False,False,True,1
1,0,0,0,0.06141123904340631,1,0,-0.26092442045186626,-0.17668643669682157,False,False,False,False,False,True,False,False,False,True,False,False,False,False,False,False,True,False,False,False,True,0
1,0,0,0,1.200349648410392,1,0,-1.369840280448318,-0.3785840339453168,False,True,False,True,True,False,True,False,True,False,True,False,True,False,True,False,False,True,False,False,False,0
0,0,0,0,0.7935859307793257,1,1,1.533833588424656,1.591349943078818,False,True,True,False,False,True,False,True,False,False,False,True,False,True,False,True,True,False,True,False,False,1
1,1,0,0,0.752909559016219,1,1,0.4877177324220419,0.7388226853702922,False,True,True,False,False,False,False,True,False,False,False,False,False,False,False,False,True,False,False,False,False,0
0,1,1,0,-1.2809090291391125,1,1,1.188433566458548,-0.9620169405532605,False,True,True,False,False,False,False,False,False,True,False,False,False,True,False,True,False,False,False,True,False,1
0,0,1,1,0.9156150460686455,1,0,-1.4491666012826394,-0.4748898683618819,False,False,False,True,True,False,True,False,True,False,True,False,True,False,True,False,False,True,False,False,True,0
1,0,0,0,-0.10129424800902022,1,1,1.1752125129861613,0.28289018594069587,False,True,True,False,False,True,False,False,False,False,False,False,False,True,False,True,False,False,False,False,False,0
0,0,1,0,1.5664369942783516,1,0,-1.3252192249790122,-0.19978051871328528,False,True,False,True,True,False,True,False,True,False,True,False,True,False,True,False,False,True,False,False,False,0
1,1,0,0,-1.2809090291391125,1,1,0.3836019363269953,-0.9727078321331255,False,True,True,False,False,False,False,False,False,False,False,False,False,False,False,False,False,False,False,True,False,1
1,1,0,0,0.6308804437268991,1,1,1.128938825832807,1.0767382789819144,False,True,True,False,False,False,False,True,False,False,False,False,False,True,False,True,True,False,False,True,False,0
0,0,1,0,1.6071133660414583,1,0,0.8975703900660361,1.836318442339007,False,True,False,False,False,True,False,True,False,True,False,True,False,True,False,True,False,True,False,False,False,0
1,0,0,0,0.752909559016219,1,0,0.6133177404097179,0.8155468456816427,False,True,True,False,False,False,False,False,False,False,False,False,False,False,False,True,False,False,False,False,False,0
1,0,1,1,0.7122331872531124,1,0,-0.3286823194978493,0.1414499098645781,False,True,False,False,False,False,False,False,False,True,False,False,False,False,False,False,True,False,False,False,False,0
1,0,0,0,-1.1995562856128992,1,0,0.31914930064910907,-0.9108016426973576,False,True,True,False,False,False,False,False,False,False,False,False,False,False,False,False,False,False,False,True,False,0
0,1,0,0,0.9562914178317522,1,1,1.5569704320013331,1.8119511124547154,False,True,True,False,False,False,False,True,False,True,False,True,False,True,False,True,True,False,False,True,False,1
0,0,1,1,-0.26399973506144675,1,1,-0.15846125604086794,-0.29670102451431896,False,True,False,False,False,False,False,True,False,False,False,True,False,False,False,False,False,False,False,True,False,1
1,0,1,1,0.6715568154900058,1,1,0.9521072356396323,0.9783030472691542,False,True,True,False,False,False,False,True,False,True,False,False,False,True,False,False,True,False,False,True,False,0
1,0,1,0,1.3223787636997117,1,0,0.07290717972590288,0.8858389090055182,False,True,False,False,False,True,False,True,False,True,False,False,False,False,False,False,True,False,True,False,False,0
1,1,1,0,-0.01994150448280695,1,1,1.323949364550514,0.465228061633422,False,True,True,False,False,False,False,False,False,True,False,True,False,True,False,True,False,False,False,True,False,1
0,0,0,0,-0.3860288503507666,1,1,0.3356756174895927,-0.22542109646540476,False,False,True,False,False,True,False,False,False,False,False,False,False,False,False,False,False,False,False,False,False,0
0,0,0,0,-0.8741453115080462,0,1,-0.8079455078718746,-0.82073033232326,True,False,False,False,False,False,False,True,False,True,False,True,False,False,False,False,True,False,True,False,False,0
0,0,0,0,-0.9554980550342594,1,0,-1.4987455518040902,-0.9402619640529606,False,False,False,True,True,False,True,False,True,False,True,False,True,False,True,False,False,False,False,False,False,0
0,1,1,0,0.427498584911366,1,1,1.4776441111670116,1.114452758928953,False,True,True,False,False,True,False,False,False,True,False,True,False,True,False,True,True,False,False,False,True,1
1,0,0,0,-0.34535247858766,1,1,0.5092019443146708,-0.1889798643861939,False,True,True,False,False,False,False,True,False,False,False,False,False,False,False,False,False,False,False,True,False,1
1,0,0,0,0.6715568154900058,1,1,1.2842862041333531,1.204919215193066,False,True,True,False,False,False,False,True,False,True,False,False,False,True,False,True,False,False,False,False,False,1
1,0,1,1,0.1834403543327262,1,1,-0.2014296798261253,-0.0390000465758515,False,False,False,False,False,True,False,False,False,True,False,True,False,False,False,False,True,False,False,False,True,0
0,0,0,0,-0.9961744267973661,1,0,-0.2196086283506572,-0.8002486036907879,False,False,False,False,False,True,False,True,False,False,False,True,False,False,False,False,True,False,False,False,False,0
0,0,0,0,-0.3860288503507666,1,1,1.119023035728517,-0.018803701086168384,False,True,True,False,False,False,False,True,False,False,False,False,False,True,False,True,False,False,True,False,False,0
1,1,0,0,-0.2233233632983401,1,1,1.315686206130272,0.29507385088284166,False,True,True,False,False,False,False,True,False,False,False,True,False,True,False,True,True,False,False,False,False,0
0,0,0,0,0.14276398256961956,1,0,-1.497092920120042,-0.7337323788715054,False,False,False,True,True,False,True,False,True,False,True,False,True,False,True,False,True,False,False,False,True,0
1,0,0,1,-1.1995562856128992,1,0,-0.29562968581688204,-0.9371007969328362,False,False,False,False,False,True,False,False,False,True,False,False,False,False,False,False,False,False,False,False,True,0
0,0,1,0,1.6071133660414583,1,1,0.5885282651489925,1.5926231909466462,False,True,False,False,False,True,False,True,False,True,False,False,False,True,False,True,False,True,True,False,False,0
1,0,0,0,-1.2809090291391125,1,1,-1.4756087082274132,-0.9974044502590967,False,False,False,True,True,False,True,False,True,False,True,False,True,False,True,False,False,False,False,False,True,1
1,1,1,0,0.02073486728029968,0,1,-0.49064022453458883,-0.23756085630865997,True,False,False,False,False,False,False,True,False,True,False,True,False,True,False,False,False,False,False,True,False,0
1,0,0,0,-1.1995562856128992,1,1,1.119023035728517,-0.8773459573427086,False,False,True,False,False,False,False,False,False,True,False,True,False,True,False,True,False,False,False,True,False,1
0,0,1,1,0.22411672609583283,1,0,-0.34190337297023615,-0.09478147471637834,False,False,False,False,False,True,False,True,False,False,False,False,False,False,False,False,False,False,False,True,False,0
1,0,1,1,-0.7521161962187263,1,1,0.02002296583635545,-0.5946190730365903,False,False,False,False,False,True,False,True,False,False,False,False,False,True,False,False,False,False,False,True,False,1
1,0,0,0,-0.42670522211387324,0,0,-0.2675349471880598,-0.433377597360805,True,False,False,False,False,False,False,False,False,True,False,True,False,True,False,True,False,True,False,False,False,0
0,1,0,0,-1.2809090291391125,1,1,0.21172824118596548,-0.9749908972754374,False,False,True,False,False,False,False,False,False,False,False,False,False,False,False,False,False,False,False,True,False,0
1,0,0,0,-1.1588799138497925,1,1,0.8331177543881498,-0.8446586112186454,False,True,True,False,False,False,False,True,False,False,False,False,False,False,False,True,False,False,False,True,False,1
0,0,0,0,-1.2809090291391125,1,1,-0.4939454879026856,-0.9843646358885838,False,False,False,False,False,False,False,False,False,False,False,True,False,False,False,False,False,False,False,True,False,0
0,0,0,0,0.1834403543327262,1,0,0.8711282831212624,0.47872887954228627,False,True,True,False,False,True,False,True,False,True,False,False,False,False,False,False,False,False,False,False,False,0
1,0,1,1,0.9562914178317522,0,1,-0.9500718327000337,-0.1406842556065169,True,False,False,False,False,False,False,True,False,True,False,False,False,False,False,False,True,False,True,False,False,0
1,0,0,0,-1.2402326573760059,1,0,-0.5154296997953143,-0.9636853343111039,False,False,False,False,False,False,False,True,False,False,False,False,False,False,False,False,False,False,False,False,True,0
0,0,0,0,-1.0775271703235794,1,0,0.18859139760928828,-0.815747103599175,False,False,True,False,False,False,False,False,False,False,False,False,False,False,False,False,False,False,True,False,False,0
0,0,0,0,-1.1995562856128992,1,1,0.31088614222886723,-0.9139408572680365,False,True,True,False,False,False,False,False,False,False,False,False,False,False,False,False,False,False,False,True,False,1
1,0,1,1,1.525760622515245,1,0,-1.3053876447704318,-0.25323497661260963,False,True,False,True,True,False,True,False,True,False,True,False,True,False,True,False,False,True,False,False,True,0
1,0,0,0,-1.0368507985604727,1,1,1.1553809327775806,-0.7106822019539323,False,True,True,False,False,False,False,True,False,False,False,False,False,True,False,True,False,False,False,True,False,1
1,0,0,0,-0.34535247858766,1,1,-0.5055139096910242,-0.4748459632629912,False,False,False,False,False,True,False,False,False,False,False,False,False,False,False,False,False,False,False,False,False,1
1,0,0,0,0.874938674305539,1,1,1.3404756813909977,1.4714670705579924,False,False,True,False,False,True,False,True,False,False,False,True,False,True,False,True,True,False,True,False,False,1
1,0,0,0,-0.8741453115080462,0,1,-0.9649455178564691,-0.8196327048509946,True,False,False,False,False,False,False,True,False,False,False,True,False,False,False,False,False,False,False,True,False,0
0,0,0,0,-1.2809090291391125,1,1,0.5372966829434928,-0.9706662450347118,False,False,True,False,False,False,False,False,False,False,False,False,False,False,False,True,False,False,False,True,False,1
1,0,0,0,1.525760622515245,0,1,-0.8195139296602132,0.22295972595500577,True,False,False,False,False,False,False,False,False,False,False,True,False,False,False,True,False,True,False,False,True,0
1,0,1,1,0.9156150460686455,1,0,0.682728271139749,1.0631496508752687,False,True,True,False,False,False,False,False,False,False,False,False,False,False,False,True,False,False,False,False,False,0
0,1,1,0,-1.2809090291391125,1,1,0.3174966689650608,-0.9735859341109377,False,True,True,False,False,False,False,False,False,False,False,False,False,False,False,False,False,False,False,True,False,1
0,0,1,1,1.0376441613579654,0,0,-0.16837704614515803,0.5850011714070209,True,False,False,False,False,True,False,False,False,True,False,True,False,True,False,True,False,True,False,False,True,0
0,0,0,0,0.5902040719637925,1,0,0.30427561549267373,0.528780692277588,False,True,False,False,False,True,False,True,False,False,False,True,False,False,False,True,False,True,False,False,True,0
0,0,0,1,0.06141123904340631,1,1,1.3388230497069489,0.6132101974442413,False,False,True,False,False,True,False,True,False,True,False,False,False,True,False,True,False,False,False,False,False,0
0,0,0,0,0.22411672609583283,1,1,0.04315980941303263,0.10118893418188378,False,True,False,False,False,True,False,True,False,True,False,False,False,False,False,False,False,False,False,False,False,0
1,0,0,0,-1.2402326573760059,1,1,-0.32207179276165576,-0.9565068506424883,False,False,False,False,False,True,False,False,False,True,False,False,False,False,False,False,False,False,False,False,True,1
0,0,1,0,1.5664369942783516,1,0,0.8347703860721981,1.7645336056528507,False,True,False,False,False,True,False,True,False,True,False,True,False,True,False,True,False,True,False,True,False,0
1,0,1,1,1.6071133660414583,1,1,1.6263809627313641,2.633108177005897,False,True,True,False,False,True,False,True,False,True,False,True,False,True,False,True,False,True,True,False,False,0
0,0,1,0,1.0783205331210721,1,1,0.542254577995638,1.0306818302456586,False,False,True,False,False,True,False,False,False,True,False,False,False,False,False,False,True,False,True,False,False,0
1,1,1,0,-1.0368507985604727,1,1,0.9868125010046478,-0.7107480596022683,False,True,True,False,False,True,False,True,False,False,False,False,False,False,False,True,False,False,True,False,False,1
0,0,1,1,1.6071133660414583,1,0,0.529033524523251,1.551088967396124,False,True,False,False,False,True,False,True,False,True,False,True,False,False,False,True,False,True,False,False,False,0
1,0,0,1,-1.1995562856128992,1,0,-1.4541244963347844,-0.9796448377578426,False,False,False,True,True,False,True,False,True,False,True,False,True,False,True,False,False,False,False,False,True,0
1,0,0,0,0.427498584911366,0,1,-0.9798192030129041,-0.36363434777306225,True,False,False,False,False,True,False,False,False,True,False,False,False,False,False,False,True,False,True,False,False,0
1,0,0,0,-0.9148216832711529,1,0,0.17537034413690167,-0.6833512778945241,False,False,True,False,False,False,False,False,False,False,False,False,False,False,False,False,False,False,False,False,True,0
1,0,0,0,1.200349648410392,1,0,0.15058086887617622,0.8542052852548297,False,True,False,False,False,True,False,True,False,True,False,True,False,False,False,False,False,True,False,False,False,0
1,0,0,0,-0.8334689397449395,1,1,1.160338827829726,-0.5089382725515542,False,True,True,False,False,False,False,False,False,False,False,True,False,True,False,True,False,False,False,False,True,1
0,0,1,0,0.1834403543327262,1,1,-1.4871771300157517,-0.6912541956948349,False,False,False,True,True,False,True,False,True,False,True,False,True,False,True,False,True,False,False,False,False,0
1,1,1,1,1.3630551354628184,1,0,0.48110720568584886,1.2568589471806644,False,True,False,False,False,True,False,True,False,True,False,True,False,True,False,False,False,True,True,False,False,1
1,1,0,0,-0.5080579656400865,1,0,0.8298124910200534,-0.2825196775726502,False,False,True,False,False,False,False,False,False,False,False,False,False,True,False,True,False,False,False,True,False,0
0,0,1,0,-0.8741453115080462,1,1,-0.6873033949363442,-0.7939043169010939,False,False,False,False,False,False,False,False,False,False,False,False,False,False,False,False,False,False,False,True,False,1
1,0,0,0,-0.5487343374031931,1,1,-0.32537705612975254,-0.54680642034471,False,False,False,False,False,False,False,False,False,True,False,True,False,False,False,False,False,False,True,False,False,1
1,0,1,1,-0.8334689397449395,1,0,-1.2706823794054163,-0.8679941712790075,False,True,False,True,True,False,True,False,True,False,True,False,True,False,True,False,True,False,False,False,True,0
1,0,0,1,0.5902040719637925,1,1,-0.31546126602546243,0.1589899968713791,False,False,False,False,False,True,False,True,False,False,False,False,False,False,False,False,False,False,False,True,False,0
1,0,1,1,1.403731507225925,1,1,0.8165914375476663,1.791842577162814,False,True,True,False,False,False,False,True,False,False,False,False,False,False,False,True,False,False,False,False,False,0
0,0,1,0,1.1596732766472853,1,0,-1.3070402764544802,-0.3235928975848209,False,True,False,True,True,False,True,False,True,False,True,False,True,False,True,False,False,True,False,False,False,0
1,1,1,0,0.02073486728029968,1,1,1.1818230397223544,0.42953321623535157,False,True,True,False,False,False,False,True,False,False,False,False,False,True,False,True,False,False,False,False,False,0
1,0,0,0,1.525760622515245,0,0,-0.5435244384241364,0.5052914643711086,True,False,False,False,False,True,False,False,False,True,False,True,False,False,False,True,False,True,False,False,False,0
0,0,1,1,-0.8334689397449395,1,0,-1.502050815172187,-0.9192972793326917,False,False,False,True,True,False,True,False,True,False,True,False,True,False,True,False,False,False,False,False,False,0
0,0,1,1,-1.2809090291391125,1,1,0.14066507877188567,-0.9759348569015857,False,False,True,False,False,False,False,False,False,False,False,False,False,False,False,False,False,False,False,False,True,1
0,0,0,0,-1.2809090291391125,1,0,0.2067703461338202,-0.9750567549237734,False,False,True,False,False,False,False,False,False,False,False,False,False,False,False,False,False,False,False,False,True,1
0,0,1,0,1.4444078789890318,1,1,0.887654599961746,1.8144976081903712,False,True,False,False,False,True,False,True,False,True,False,True,False,True,False,True,False,True,False,True,False,0
0,0,0,0,-1.2809090291391125,1,0,0.1604966589804663,-0.975671426308242,False,False,True,False,False,False,False,False,False,False,False,False,False,False,False,False,False,False,False,False,False,1
1,1,1,1,-0.42670522211387324,0,0,-0.8195139296602132,-0.6198205997998035,True,False,False,False,False,True,False,False,False,False,False,False,False,False,False,True,False,False,False,False,True,1
1,0,0,0,0.752909559016219,1,0,-0.163419151093013,0.3300223095997715,False,True,False,False,False,True,False,False,False,False,False,True,False,False,False,False,True,False,True,False,False,0
1,1,1,0,1.1596732766472853,1,0,-1.3169560665587703,-0.3469284576451831,False,True,False,True,True,False,True,False,True,False,True,False,True,False,True,False,False,True,False,False,False,0
1,0,1,1,-0.01994150448280695,1,0,0.9901177643727443,0.368636844074068,False,False,True,False,False,True,False,True,False,True,False,False,False,False,False,True,True,False,False,False,True,0
0,0,0,0,-0.18264699153523348,0,1,-1.1599560565741758,-0.6591156633069044,True,False,False,False,False,False,False,False,False,True,False,False,False,False,False,False,False,False,False,False,True,0
0,0,1,1,-1.1588799138497925,1,1,-1.483871866647655,-0.9698759532546807,False,False,False,True,True,False,True,False,True,False,True,False,True,False,True,False,False,False,False,True,False,0
1,1,0,0,-0.9961744267973661,1,1,0.1604966589804663,-0.7547629212401102,False,False,True,False,False,False,False,False,False,False,False,False,False,False,False,False,False,False,False,True,False,0
1,0,0,0,-0.2233233632983401,1,1,0.5439072096796863,-0.008398192649092395,False,True,True,False,False,False,False,False,False,True,False,False,False,False,False,False,False,False,False,True,False,0
1,0,0,0,-0.9554980550342594,1,1,0.965328289112019,-0.6499175450893204,False,False,True,False,False,False,False,False,False,True,False,False,False,True,False,True,False,False,False,True,False,0
0,0,0,0,-1.1995562856128992,1,1,-0.31546126602546243,-0.9201534287610587,False,False,False,False,False,False,False,False,False,False,False,False,False,False,False,True,False,False,False,True,False,1
1,1,0,0,-0.8334689397449395,1,1,1.1438125109892423,-0.4793462358992793,False,True,True,False,False,False,False,False,False,True,False,False,False,True,False,True,False,False,False,True,False,1
1,0,1,0,0.5902040719637925,1,1,1.5206125349522688,1.3100719270360903,False,True,True,False,False,True,False,False,False,True,False,True,False,True,False,True,True,False,True,False,False,1
1,0,0,1,0.06141123904340631,1,1,1.2875914675014497,0.517584892060481,False,True,True,False,False,True,False,True,False,False,False,False,False,True,False,True,True,False,False,True,False,0
1,0,1,1,1.3630551354628184,1,0,-1.4822192349636067,-0.4029294112801631,False,False,False,True,True,False,True,False,True,False,True,False,True,False,True,False,False,True,True,False,False,0
1,0,0,0,-1.2402326573760059,1,1,-0.4840296977983953,-0.9583069596970035,False,False,False,False,False,False,False,False,False,False,False,True,False,False,False,False,False,False,True,False,False,0
0,0,0,0,0.7935859307793257,0,1,-0.2014296798261253,0.3278051021057956,True,False,False,False,False,True,False,True,False,True,False,False,False,True,False,True,False,True,False,False,False,0
1,0,0,1,-1.1995562856128992,1,0,-1.4756087082274132,-0.9840573001963495,False,False,False,True,True,False,True,False,True,False,True,False,True,False,True,False,False,False,False,False,False,0
0,0,0,0,-0.14197061977212685,1,0,-1.502050815172187,-0.7629292696337647,False,False,False,True,True,False,True,False,True,False,True,False,True,False,True,False,False,True,False,False,True,0
0,0,0,0,-0.7521161962187263,1,1,0.5025914175784773,-0.5179168652746851,False,False,True,False,False,False,False,True,False,False,False,True,False,False,False,False,False,False,True,False,False,0
1,0,1,0,-0.5080579656400865,1,1,-0.022945457948901897,-0.446724747423552,False,False,False,False,False,True,False,False,False,False,False,True,False,False,False,True,True,False,False,False,True,0
1,1,0,0,1.525760622515245,0,1,-0.6476402345191833,0.42698672049969577,True,False,False,False,False,False,False,False,False,False,False,False,False,True,False,True,True,False,False,True,False,1
0,0,0,0,-1.2809090291391125,1,0,0.6430651107225881,-0.969261281870212,False,False,True,False,False,False,False,True,False,False,False,False,False,True,False,False,False,False,False,True,False,1
1,0,1,0,1.6071133660414583,1,0,0.6480230057747334,1.6425652409347213,False,False,False,False,False,True,False,True,False,True,False,True,False,True,False,True,False,True,False,False,True,0
1,0,0,0,-1.2809090291391125,1,1,-1.4871771300157517,-0.9975581181052138,False,False,False,True,True,False,True,False,True,False,True,False,True,False,True,False,False,False,False,True,False,1
1,1,1,1,1.4444078789890318,1,1,0.6546335325109269,1.4891169203120203,False,True,True,False,False,False,False,True,False,True,False,False,False,False,False,False,False,False,False,True,False,0
0,0,0,1,-0.18264699153523348,1,0,-1.4739560765433648,-0.771227333324091,False,False,False,True,True,False,True,False,True,False,True,False,True,False,True,False,False,False,False,False,True,0
0,0,1,0,-1.1588799138497925,1,0,-1.4772613399114616,-0.9661440198489784,False,False,False,True,True,False,True,False,True,False,True,False,True,False,True,False,False,False,False,True,False,0
0,0,1,0,0.5902040719637925,1,1,1.1785177763542578,1.06038362964516,False,True,True,False,False,False,False,False,False,True,False,False,False,True,False,True,False,False,False,True,False,0
0,0,0,0,-1.2402326573760059,1,0,-1.4723034448593166,-0.9881843794920674,False,False,False,True,True,False,True,False,True,False,True,False,True,False,True,False,False,False,False,False,True,0
1,0,0,0,0.5088513284375793,1,1,-0.46089285422171833,0.0029073703152410887,False,False,False,False,False,True,False,False,False,False,False,False,False,False,False,False,False,False,False,False,False,0
1,0,1,0,1.6071133660414583,1,0,0.6976019562961843,1.6947244984167722,False,True,False,False,False,False,False,True,False,True,False,True,False,True,False,True,False,True,False,False,False,0
0,0,0,0,-0.3860288503507666,1,0,-1.3235665932949638,-0.7361032542115986,False,True,False,True,True,False,True,False,True,False,True,False,True,False,True,False,True,False,True,False,False,0
1,0,0,0,1.403731507225925,1,1,1.7685072875595234,2.4201464948369664,False,True,True,False,False,True,False,True,False,True,False,True,False,True,False,True,True,False,False,False,False,1
0,0,1,1,1.6071133660414583,1,0,0.8248545959679081,1.8521462304890741,False,True,False,False,False,True,False,True,False,True,False,True,False,True,False,True,False,True,True,False,False,0
1,0,0,0,0.9969677895948588,1,0,-1.460735023070978,-0.5120774871222332,False,False,False,True,True,False,True,False,True,False,True,False,True,False,True,False,False,True,False,False,False,0
1,1,1,0,0.1834403543327262,1,1,0.6893387978759424,0.38602326323475167,False,True,True,False,False,False,False,False,False,False,False,False,False,True,False,False,False,False,False,True,False,1
1,1,1,0,1.4850842507521385,1,1,1.0082967128972762,1.7957501309640784,False,True,True,False,False,False,False,True,False,True,False,False,False,False,False,True,False,False,False,False,False,0
0,0,0,0,-0.5894107091662998,1,1,1.157033564461629,-0.22610162549820928,False,True,True,False,False,False,False,False,False,False,False,True,False,True,False,True,False,False,False,False,False,1
0,0,0,0,-1.1995562856128992,1,1,0.17537034413690167,-0.9210095781894257,False,False,True,False,False,False,False,False,False,False,False,False,False,False,False,False,False,False,False,True,False,0
0,0,0,0,-0.42670522211387324,1,1,0.8314651227041017,-0.13089341855390965,False,True,True,False,False,False,False,False,False,False,False,True,False,True,False,False,False,False,False,True,False,1
0,0,1,1,1.3223787636997117,1,1,1.3437809447590943,2.0607832604172787,False,True,True,False,False,False,False,True,False,True,False,False,False,True,False,True,False,False,False,True,False,1
0,1,1,1,-0.42670522211387324,1,0,0.6777703760876037,-0.14503086039668786,False,True,True,False,False,False,False,False,False,False,False,False,False,True,False,False,False,False,False,False,False,0
0,0,1,0,1.6071133660414583,1,1,0.6348019523023464,1.650973067372274,False,True,True,False,False,True,False,True,False,False,False,False,False,False,False,False,False,True,False,False,False,0
1,1,1,0,-1.2402326573760059,1,1,0.309233510544819,-0.9447622366892487,False,False,True,False,False,False,False,False,False,True,False,False,False,False,False,False,False,False,False,True,False,0
1,0,1,0,-0.9148216832711529,1,1,0.6744651127195072,-0.6307529694235668,False,True,True,False,False,False,False,False,False,False,False,False,False,False,False,True,False,False,False,True,False,1
1,0,0,0,0.5902040719637925,1,1,1.2644546239247725,1.1403787198238615,False,True,True,False,False,False,False,True,False,True,False,False,False,True,False,True,True,False,False,True,False,0
1,0,1,0,1.3223787636997117,1,0,0.8232019642838598,1.5268753053579496,False,True,True,False,False,True,False,True,False,True,False,False,False,False,False,False,True,False,False,True,False,1
0,0,0,0,-0.9148216832711529,1,1,0.6562861641949752,-0.640960904915635,False,False,True,False,False,True,False,False,False,False,False,False,False,True,False,False,False,False,False,False,True,1
1,1,0,0,-0.7114398244556197,1,1,0.3158440372810125,-0.534600802853119,False,False,True,False,False,False,False,True,False,False,False,False,False,False,False,False,False,False,False,True,False,1
1,0,1,0,0.6715568154900058,1,0,0.6447177424066364,0.7759883515811982,False,True,False,False,False,True,False,False,False,True,False,True,False,True,False,True,True,False,False,True,False,1
0,0,1,1,0.02073486728029968,1,0,-1.341745541819496,-0.6381290260371902,False,True,False,True,True,False,True,False,True,False,True,False,True,False,True,False,False,False,False,False,False,0
0,0,1,1,-0.9961744267973661,1,0,-0.3005875808690271,-0.8101052983917311,False,True,False,False,False,False,False,True,False,False,False,False,False,False,False,False,False,False,False,True,False,0
1,0,1,1,-1.0368507985604727,1,0,-1.460735023070978,-0.9404156318990777,False,False,False,True,True,False,True,False,True,False,True,False,True,False,True,False,True,False,False,False,True,0
1,1,1,0,-1.2809090291391125,1,1,0.18032823918904647,-0.9754079957148982,False,False,True,False,False,False,False,False,False,False,False,False,False,False,False,False,False,False,False,True,False,1
0,0,0,0,-1.2809090291391125,0,1,-0.9963455198533878,-0.9910382109199575,True,False,False,False,False,False,False,False,False,False,False,False,False,True,False,False,False,False,False,True,False,1
1,0,1,0,0.874938674305539,1,0,1.484254637903205,1.6764160721793855,False,False,True,False,False,True,False,True,False,True,False,True,False,True,False,True,False,True,False,False,False,1
1,0,1,1,-0.8334689397449395,1,0,-1.4475139695985912,-0.8912199685921431,False,False,False,True,True,False,True,False,True,False,True,False,True,False,True,False,False,True,False,False,False,0
0,0,1,0,1.6071133660414583,1,1,1.5140020082160757,2.5349583284359256,False,True,True,False,False,True,False,True,False,True,False,False,False,True,False,True,False,True,True,False,False,0
0,0,1,0,-0.10129424800902022,1,1,0.9669809207960672,0.2250232656028646,False,True,True,False,False,False,False,True,False,False,False,True,False,True,False,False,False,False,True,False,False,1
1,0,1,0,1.3630551354628184,1,1,1.2958546259216916,2.018788033328405,False,True,True,False,False,False,False,True,False,False,False,True,False,True,False,True,True,False,False,True,False,1
1,0,0,0,-1.1588799138497925,1,0,-0.2675349471880598,-0.898639930304657,False,False,False,False,False,True,False,False,False,True,False,False,False,False,False,False,False,False,False,True,False,0
1,0,1,0,1.6071133660414583,1,0,-1.3235665932949638,-0.18336001172819516,False,True,False,True,True,False,True,False,True,False,True,False,True,False,True,False,False,True,True,False,False,0
1,0,0,0,0.1834403543327262,1,1,1.0330861881580018,0.5948578661079642,False,False,True,False,False,False,False,True,False,False,False,False,False,True,False,True,False,False,True,False,False,0
0,0,0,0,-1.2809090291391125,1,1,0.3257598273853026,-0.9734761713637112,False,False,True,False,False,False,False,True,False,False,False,False,False,False,False,False,False,False,False,True,False,1
0,0,0,0,-0.9554980550342594,1,0,0.046465072781129164,-0.7338201890692866,False,False,False,False,False,False,False,True,False,False,False,True,False,True,False,False,False,False,False,False,True,1
0,0,0,0,1.1189969048841788,1,0,-0.003113877740321727,0.7672731894514111,False,True,False,False,False,True,False,False,False,True,False,True,False,False,False,False,True,False,False,True,False,0
1,0,1,0,0.4681749566744726,1,1,-0.16507178277706125,0.13699354232718058,False,False,False,False,False,True,False,True,False,False,False,True,False,False,False,False,True,False,False,False,False,0
0,0,0,0,-0.06061787624591358,1,0,0.75213880186978,0.18981137629259107,False,False,True,False,False,True,False,False,False,True,False,True,False,False,False,False,False,False,False,True,False,0
1,0,1,0,0.6715568154900058,1,1,0.9587177623758254,1.0717989553567202,False,True,True,False,False,True,False,True,False,False,False,False,False,True,False,False,False,False,False,False,False,0
1,0,0,1,0.5902040719637925,1,0,-1.4640402864390747,-0.561492675923621,False,False,False,True,True,False,True,False,True,False,True,False,True,False,True,False,True,False,True,False,False,0
0,0,0,0,-0.9148216832711529,1,1,-1.4855244983317035,-0.9187045604976685,False,False,False,True,True,False,True,False,True,False,True,False,True,False,True,False,False,False,False,False,True,0
1,1,1,0,1.6071133660414583,1,1,0.9322756554310516,1.9507570825973966,False,True,True,False,False,True,False,True,False,True,False,True,False,False,False,False,False,True,False,False,False,0
0,0,1,0,1.525760622515245,1,0,-1.4888297616998003,-0.39263366559031376,False,False,False,True,True,False,True,False,True,False,True,False,True,False,True,False,False,True,False,False,False,0
1,0,1,1,0.874938674305539,1,0,-0.049387564893675844,0.4904954460449711,False,True,False,False,False,False,False,False,False,True,False,False,False,False,False,True,False,True,True,False,False,0
1,0,0,0,-0.9148216832711529,1,0,-0.08574546194273988,-0.7371569765849734,False,False,False,False,False,True,False,False,False,False,False,True,False,True,False,False,False,False,False,False,False,0
0,0,0,0,-0.8741453115080462,1,0,-1.4805666032795584,-0.901910860172008,False,False,False,True,True,False,True,False,True,False,True,False,True,False,True,False,True,False,True,False,False,0
0,0,1,1,0.3461458413851527,1,1,0.3257598273853026,0.39326760455170323,False,False,False,False,False,True,False,False,False,False,False,True,False,True,False,True,True,False,True,False,False,0
1,1,1,0,1.4850842507521385,0,1,-1.1583034248901276,-0.06920675461259483,True,False,False,False,False,False,False,False,False,True,False,False,False,False,False,False,True,False,True,False,False,0
0,0,1,1,-0.5080579656400865,1,1,-1.2987771180342385,-0.783498808464018,False,True,False,True,True,False,True,False,True,False,True,False,True,False,True,False,False,False,False,False,False,0
1,1,0,0,-1.2809090291391125,1,0,-0.6476402345191833,-0.9864062229869974,False,False,False,False,False,False,False,False,False,False,False,False,False,False,False,False,False,False,False,False,False,0
1,0,1,0,-0.06061787624591358,1,1,0.8496440712286335,0.2800363545128059,False,True,True,False,False,True,False,True,False,False,False,True,False,False,False,False,False,False,True,False,False,0
1,0,1,0,0.02073486728029968,1,1,1.0231703980537117,0.3270148103257644,False,False,True,False,False,False,False,False,False,True,False,False,False,True,False,True,True,False,False,True,False,1
1,0,0,0,0.3054694696220461,1,1,1.310728311078127,0.7661097043308097,False,True,True,False,False,False,False,True,False,True,False,False,False,True,False,True,False,False,True,False,False,1
0,0,0,0,0.9562914178317522,1,0,-1.4921350250678969,-0.5444355450046168,False,False,False,True,True,False,True,False,True,False,True,False,True,False,True,False,False,True,False,False,False,0
1,0,0,0,-0.8334689397449395,1,0,-1.3186086982428187,-0.8831633829457151,False,True,False,True,True,False,True,False,True,False,True,False,True,False,True,False,True,False,True,False,False,0
1,0,0,0,-0.5487343374031931,1,1,1.160338827829726,-0.15813653241553655,False,True,True,False,False,False,False,True,False,False,False,False,False,True,False,True,False,False,False,True,False,1
0,0,1,0,1.3223787636997117,1,1,1.4280651606455605,2.1192868046890236,False,True,True,False,False,False,False,True,False,True,False,True,False,True,False,True,True,False,True,False,False,0
0,0,1,0,0.5902040719637925,1,1,-0.20638757487827034,0.1894381829520209,False,False,False,False,False,False,False,True,False,False,False,False,False,True,False,False,False,False,False,False,False,0
0,0,1,1,1.525760622515245,1,1,1.5933283290503968,2.448640904016976,False,True,True,False,False,True,False,True,False,True,False,True,False,True,False,True,False,True,True,False,False,0
1,0,1,0,1.4850842507521385,1,0,1.1454651426732907,1.9974721078170112,False,True,True,False,False,False,False,False,False,True,False,False,False,True,False,True,True,False,False,False,False,0
1,0,1,0,0.9562914178317522,1,0,1.1719072496180643,1.4587565444291595,False,True,True,False,False,False,False,True,False,False,False,False,False,True,False,True,True,False,True,False,False,1
1,0,0,0,-1.2809090291391125,1,1,0.472844047265607,-0.9715223944630788,False,True,True,False,False,False,False,True,False,False,False,False,False,False,False,False,False,False,False,True,False,1
1,0,0,0,-1.2402326573760059,0,1,-1.3153034348747221,-0.9815327570101392,True,False,False,False,False,False,False,False,False,False,False,False,False,False,False,False,False,False,False,True,False,1
0,0,1,0,-1.2402326573760059,1,1,0.19354929266143356,-0.9441695178542254,False,False,True,False,False,False,False,False,False,False,False,False,False,False,False,False,False,False,False,True,False,1
1,0,0,0,-0.8334689397449395,1,1,0.6480230057747334,-0.5410768049394847,False,True,True,False,False,False,False,False,False,False,False,False,False,True,False,False,False,False,False,True,False,1
0,0,0,0,1.525760622515245,1,1,1.5569704320013331,2.416546276727936,False,True,True,False,False,True,False,True,False,True,False,True,False,True,False,True,False,True,True,False,False,0
1,0,0,0,-1.2809090291391125,1,1,-1.4937876567519452,-0.9976459283029949,False,False,False,True,True,False,True,False,True,False,True,False,True,False,True,False,False,False,False,False,False,0
0,1,0,0,-1.2809090291391125,1,1,0.6662019542992653,-0.9689539461779778,False,False,True,False,False,False,False,False,False,True,False,False,False,False,False,True,False,False,False,True,False,1
0,0,1,1,0.3868222131482594,1,1,0.9785493425844061,0.7164749900349691,False,True,True,False,False,True,False,True,False,False,False,False,False,True,False,False,True,False,True,False,False,0
0,0,1,1,-0.9148216832711529,1,1,-1.4888297616998003,-0.919889998167715,False,False,False,True,True,False,True,False,True,False,True,False,True,False,True,False,False,False,False,False,False,0
0,1,1,1,0.9156150460686455,1,0,0.3769914095908018,0.8177860057250642,False,True,False,False,False,True,False,False,False,True,False,True,False,True,False,False,True,False,False,True,False,0
1,0,0,0,-1.1995562856128992,1,1,0.45135983537297814,-0.9000009883702661,False,False,True,False,False,False,False,False,False,False,False,False,False,True,False,False,False,False,False,True,False,1
0,0,0,0,0.14276398256961956,1,0,0.6942966929280873,0.3124383174940802,False,False,False,False,False,True,False,True,False,True,False,True,False,True,False,True,True,False,False,False,False,0
0,0,0,0,-0.8334689397449395,1,1,0.6529809008268782,-0.5596047566713245,False,False,True,False,False,False,False,True,False,False,False,False,False,False,False,True,False,False,False,True,False,0
0,1,1,0,-1.0775271703235794,1,1,0.6447177424066364,-0.797767965603468,False,True,True,False,False,False,False,False,False,False,False,False,False,False,False,True,False,False,False,True,False,1
1,0,0,0,0.9562914178317522,1,0,-1.320261329926867,-0.4205792610341905,False,True,False,True,True,False,True,False,True,False,True,False,True,False,True,False,True,False,False,True,False,1
1,0,0,0,-0.46738159387697986,1,0,-1.4822192349636067,-0.8228816821689001,False,False,False,True,True,False,True,False,True,False,True,False,True,False,True,False,False,False,False,False,True,0
0,1,0,0,-0.5894107091662998,1,1,0.6810756394557007,-0.3451283485906679,False,True,True,False,False,False,False,True,False,False,False,True,False,False,False,False,False,False,False,True,False,1
1,0,0,0,-0.6300870809294065,1,0,0.724044063240958,-0.3871016231300962,False,True,True,False,False,False,False,False,False,True,False,True,False,False,False,False,True,False,False,True,False,0
1,0,0,0,-0.9148216832711529,1,1,1.0049914495291798,-0.5577607425179186,False,True,True,False,False,False,False,True,False,True,False,False,False,False,False,True,False,False,False,True,False,0
0,0,1,0,0.6308804437268991,1,1,0.15553876392832103,0.5021302972509842,False,True,False,False,False,False,False,False,False,True,False,True,False,False,False,True,True,False,False,False,True,0
0,0,0,0,-1.2402326573760059,1,1,0.877738809857456,-0.9212730087827694,False,True,True,False,False,False,False,False,False,True,False,False,False,True,False,False,False,False,False,True,False,1
1,0,0,0,0.3868222131482594,1,1,-1.497092920120042,-0.6377338801471746,False,False,False,True,True,False,True,False,True,False,True,False,True,False,True,False,True,False,False,False,True,0
1,0,1,0,1.1189969048841788,1,0,-1.3450508051875927,-0.3451063960412225,False,True,False,True,True,False,True,False,True,False,True,False,True,False,True,False,True,False,False,False,False,0
1,0,0,0,-0.30467610682455337,1,1,0.9868125010046478,0.0308090606602271,False,True,True,False,False,False,False,False,False,False,False,False,False,True,False,True,False,False,False,False,False,1
0,1,0,0,-0.18264699153523348,1,0,-0.013029667844611811,-0.18630165335386642,False,True,False,False,False,False,False,True,False,True,False,True,False,False,False,False,False,False,False,False,False,0
1,0,1,0,-0.34535247858766,1,0,0.3158440372810125,-0.25422284133764844,False,False,False,False,False,True,False,False,False,False,False,True,False,True,False,True,True,False,False,False,False,0
1,0,0,0,-0.792792567981833,1,1,-1.483871866647655,-0.8948421392506188,False,False,False,True,True,False,True,False,True,False,True,False,True,False,True,False,True,False,False,True,False,0
1,0,0,0,-0.9148216832711529,1,0,-1.470650813175268,-0.9288685908908457,False,False,False,True,True,False,True,False,True,False,True,False,True,False,True,False,True,False,False,False,True,0
0,0,0,0,-0.10129424800902022,0,1,-0.8095981395559229,-0.48509780385394996,True,False,False,False,False,False,False,False,False,False,False,True,False,False,False,True,True,False,True,False,False,0
0,0,1,1,1.3630551354628184,1,1,-0.5104718047431692,0.4214546780394783,False,False,False,False,False,False,False,False,False,False,False,True,False,False,False,False,True,False,True,False,False,0
0,0,1,1,1.3223787636997117,1,0,-0.11549283225561037,0.6946541558863331,False,False,False,False,False,True,False,True,False,True,False,False,False,False,False,False,True,False,False,False,False,0
0,0,0,0,-1.1588799138497925,0,1,-1.1797876367827562,-0.9579557189058785,True,False,False,False,False,True,False,False,False,False,False,False,False,False,False,False,False,False,False,False,True,0
1,0,1,0,1.6071133660414583,1,1,0.09769665498662833,1.1032130536129552,False,True,False,False,False,True,False,True,False,True,False,True,False,False,False,False,False,True,False,False,False,0
0,0,1,0,1.6071133660414583,1,1,1.0628335584708724,2.1128327551521036,False,True,True,False,False,True,False,True,False,True,False,True,False,False,False,False,False,True,False,False,False,0
1,0,0,1,-1.2402326573760059,1,0,-1.4689981814912199,-0.9874379928109268,False,False,False,True,True,False,True,False,True,False,True,False,True,False,True,False,False,False,False,False,True,0
0,0,0,0,-0.46738159387697986,1,1,1.312380942762175,-0.023062495678558004,False,False,True,False,False,False,False,True,False,True,False,True,False,True,False,True,True,False,False,False,True,0
0,0,0,1,-0.9148216832711529,0,0,-0.8129034029240196,-0.8256257508495636,True,False,False,False,False,True,False,True,False,False,False,True,False,False,False,False,True,False,False,False,True,0
0,0,0,0,-1.2809090291391125,1,0,0.5058966809465743,-0.9710833434741726,False,False,True,False,False,False,False,False,False,False,False,False,False,False,False,True,False,False,True,False,False,1
1,0,0,0,1.4444078789890318,1,1,-1.3450508051875927,-0.34820170551301094,False,True,False,True,True,False,True,False,True,False,True,False,True,False,True,False,False,True,False,False,False,0
1,0,0,0,-1.1588799138497925,1,0,-1.502050815172187,-0.965265917871166,False,False,False,True,True,False,True,False,True,False,True,False,True,False,True,False,False,False,False,False,True,0
1,0,1,1,0.7122331872531124,1,1,0.18693876592524003,0.5245438502346434,False,True,False,False,False,True,False,False,False,False,False,True,False,True,False,False,False,True,True,False,False,0
1,0,1,1,-0.5487343374031931,1,0,1.271065150660966,-0.1225953548635833,False,True,True,False,False,False,False,False,False,True,False,True,False,True,False,True,False,False,False,True,False,1
1,0,0,0,-0.26399973506144675,1,1,0.6909914295599907,-0.06385033254793981,False,False,True,False,False,False,False,True,False,False,False,False,False,True,False,False,False,False,False,True,False,0
1,0,0,1,0.26479309785893945,1,0,-1.3169560665587703,-0.5653124195271044,False,True,False,True,True,False,True,False,True,False,True,False,True,False,True,False,False,True,False,False,True,0
0,0,0,0,-1.1588799138497925,1,1,-0.47246127601005694,-0.9028109146992656,False,False,False,False,False,True,False,False,False,False,False,False,False,False,False,False,False,False,False,False,False,0
1,1,1,0,0.3461458413851527,1,1,1.1553809327775806,0.863776596812984,False,True,True,False,False,False,False,False,False,True,False,False,False,True,False,True,False,False,False,True,False,1
1,0,1,1,1.6071133660414583,1,0,1.6429072795718478,2.6405061861689654,False,True,True,False,False,True,False,True,False,True,False,True,False,True,False,True,False,True,False,False,False,0
0,0,0,0,-0.14197061977212685,1,0,-1.470650813175268,-0.7352251522337864,False,False,False,True,True,False,True,False,True,False,True,False,True,False,True,False,True,False,False,False,True,0
0,0,0,0,-1.2809090291391125,1,0,0.35385456601412457,-0.9731029780231408,False,False,True,False,False,False,False,False,False,True,False,False,False,False,False,False,False,False,False,True,False,0
1,0,1,0,1.4444078789890318,1,0,-1.3086929081385286,-0.2475053612073843,False,True,False,True,True,False,True,False,True,False,True,False,True,False,True,False,False,True,False,False,False,0
0,0,1,1,0.752909559016219,0,0,-1.0128718366938714,-0.22388441800423323,True,False,False,False,False,True,False,False,False,False,False,True,False,False,False,False,False,True,False,False,False,0
1,0,0,1,-0.3860288503507666,1,0,-0.35347179475857476,-0.43004080984511817,False,False,False,False,False,False,False,True,False,False,False,True,False,False,False,False,False,False,False,True,False,0
1,1,1,0,1.3223787636997117,1,1,0.2018124510816754,0.993691784430315,False,False,True,False,False,False,False,False,False,False,False,False,False,False,False,False,True,False,False,False,False,0
0,0,1,1,0.14276398256961956,1,1,0.9273177603789069,0.4773897740261224,False,True,False,False,False,True,False,True,False,True,False,True,False,True,False,True,False,True,True,False,False,0
0,0,1,1,-0.9148216832711529,1,1,0.03489665099279081,-0.7164776750074935,False,False,False,False,False,False,False,True,False,True,False,False,False,False,False,True,True,False,False,False,True,0
1,0,0,0,-1.2809090291391125,0,0,-1.3235665932949638,-0.9953848157101283,True,False,False,False,False,False,False,False,False,False,False,False,False,False,False,False,False,False,False,False,False,1
